ad_id,list_time,subject,body_short,price_usd,price_byn,company_ad,ad_link,rooms,district,area_total,area_living,area_kitchen,balcony,condition,floor,floors_total,building_type,building_year,area_code,location_lon,location_lat,address,contact_name
1074219706,2026-08-12T07:35:05Z,Сдам квартиру,"Сдам 2-комнатную квартиру в центре города на длительный срок. Квартирира теплая, уютная.  В шаговой доступности магазины, автобусная остановка, рынок",576.66,1700.0,False,https://re.kufar.by/vi/1074219706,4.0,120,60.0,30.0,7.0,3,5,4.0,9.0,1,1996.0,23,27.579106,53.923424,"Куйбышева ул, 75, Минск",FRANCE
1080694952,2026-08-12T07:26:20Z,"Сдаётся 1- комнатная квартира: ул.Одесская,20Б","Сдаётся однокомнатная квартира по адресу: г.Минск, ул. Одесская,20Б. Квартира расположена на 2 этаже 19- этажного дома в пешей доступности станции мет",650.0,1916.2,False,https://re.kufar.by/vi/1080694952,2.0,,47.1,17.1,9.6,1,5,2.0,19.0,4,2011.0,26,27.658319,53.873011,"Одесская ул, 20Б, Минск",Евгения
1078304524,2026-08-12T07:21:29Z,Дизайнерская квартира у ст.м. Аэродромная,Собственник. Сдаю на длительный срок с заключением официального договора найма. Квартира полностью готова к проживанию «въезжай и живи». Высокий класс,900.0,2653.2,False,https://re.kufar.by/vi/1078304524,4.0,170,47.6,45.3,,3,10,23.0,25.0,10,2023.0,28,27.552534,53.861995,"Жореса Алфёрова ул, 7, Минск",Валентина
1079512521,2026-08-12T07:18:43Z,Сдача квартиры,"1 комнатная,новая. Есть всё необходимое. Метро 1 минута. Без животных. Агенствам не беспокоить.",650.0,1916.2,False,https://re.kufar.by/vi/1079512521,2.0,,43.0,17.0,10.0,3,10,5.0,23.0,2,2025.0,29,27.514382,53.887958,"Щорса ул, 42, Минск","Наталья,Александр"
1080693193,2026-08-12T07:17:40Z,1комнатная квартира от собственника,"Внимание !!! Квартира малосеймейка , комната маленькая идеально для одного человека .
Сдается  на длительный срок. Предоплата  и залог 1 месяц
Только",390.09,1150.0,False,https://re.kufar.by/vi/1080693193,2.0,280,21.0,11.0,6.0,2,1,1.0,5.0,1,1993.0,24,27.693937,53.951262,"Уручская ул, 13, Минск",Наташа
1080692743,2026-08-12T07:12:47Z,Сдается квартира,"Сдаётся с 1 сентября небольшая уютная квартира  в ЖК Минск мир с потрясающим видом из окна. От собственника на длительный срок (от года), гражданам РБ",542.74,1600.0,False,https://re.kufar.by/vi/1080692743,2.0,170,31.0,27.0,,1,10,15.0,25.0,10,2022.0,28,27.534394877819974,53.863375649217716,"Лейтенанта Кижеватова ул, 3Д, Минск",Светлана
1079939384,2026-08-12T07:07:28Z,Аренда квартиры,"Сдается уютная квартира, идеальный вариант. Рядом метро Тракторный завод, магазины, парк, поликлиника, тренажерный зал и бассейн. 5 минут до школы, ря",700.0,2063.6,False,https://re.kufar.by/vi/1079939384,4.0,,52.0,30.0,6.6,2,5,2.0,4.0,3,1959.0,25,27.611553,53.886599,"Стахановская ул, 27, Минск",Михаил
1080259480,2026-08-12T07:04:01Z,"ул.ЧЕРВЯКОВА,аренда 1комн.кварт.Центр.рн.","Сдается 1 комнатная квартира СТУДЕНТАМ,СЕМЕЙНОЙ ПАРЕ, ДЕВУШКЕ, ПАРНЮ квартира  с хорошим ремонтом , на полах ламит, шкаф купе, диван, стеклопакеты, в",407.06,1200.0,True,https://re.kufar.by/vi/1080259480,,,30.0,,,,,,,,,22,27.549821,53.926043,"Червякова ул, Минск",ИП Мажугова Людмила Николаевна
1080328494,2026-08-12T07:02:09Z,Аренда квартиры,"От Собственника. Сдается одному, парам современная квартира в центре Минска, метро 5 минут, уютная, магазины рядом. Состояние квартиры- новое. Все оче",720.0,2122.56,False,https://re.kufar.by/vi/1080328494,1.0,,48.4,17.2,11.3,3,5,21.0,21.0,2,2017.0,29,27.519619,53.889205,"Дзержинского пр, 22, Минск",Ирина
1073190190,2026-08-12T07:01:48Z,2-х комнтаная квартира в долгосрочную аренду,"Сдается уютная 2к квартира с видом на лес, можно с детьми и животными.
Рядом удобная парковка (всегда есть места), парк, озеро, площадка для собак, ма",678.43,2000.0,False,https://re.kufar.by/vi/1073190190,4.0,,68.0,60.0,13.0,4,5,12.0,19.0,,2013.0,24,27.698393,53.927628,"Франциска Скорины ул, 41, Минск",Антон
1080657352,2026-08-12T06:59:48Z,3-комнатная квартира в аренду - Победителей 133,"Сдается в долгосрочную аренду 3-комнатная квартира, расположенная на проспекте Победителей, в одном из самых живописных и престижных районов Минска -",1000.0,2948.0,False,https://re.kufar.by/vi/1080657352,3.0,,76.0,54.0,22.0,3,10,4.0,9.0,2,2015.0,22,27.464031,53.942036,"Победителей пр, 133, Минск",Илья Дусь
1080657351,2026-08-12T06:59:09Z,ЖК Каскад - 3х-комнатная квартира,3х-комнатная квартира в ЖК Каскад. ТОЛЬКО долгосрочная аренда. Квартира с хорошим ремонтом. Жилые комнаты БЕЗ мебели. Кухня и сан. узлы полностью обор,848.03,2500.0,False,https://re.kufar.by/vi/1080657351,,110,106.0,,22.0,3,5,3.0,25.0,3,,30,27.51901141544254,53.90870221794331,"Скрыганова ул, 2Б, Минск",Алексей
1080656818,2026-08-12T06:58:35Z,Уютная студия у метро «Михалово» (ЖК 2017 г.). Идеально для одного/пары.,"Уютная студия у метро «Михалово» (ЖК 2017 г.). Идеально для одного/пары. 

 Локация:
Минск, ст. метро Михалово. Выход из метро — и вы дома! Расстояние",530.0,1562.44,False,https://re.kufar.by/vi/1080656818,2.0,,31.0,,,1,10,4.0,14.0,2,2017.0,29,27.496047,53.877911,"Гурского ул, 43, Минск",Яна
1080691246,2026-08-12T06:56:26Z,Сдаётся бюджетная 1-комнатная квартира в Чижовке,Сдается 1-комнатная квартира «как есть» по очень выгодной цене с отличным предложением для нанимателя. Вам предоставляется возможность сделать космети,305.29,900.0,True,https://re.kufar.by/vi/1080691246,,305,30.7,17.0,7.4,3,1,6.0,9.0,3,1975.0,26,27.635502,53.837561,"Голодеда ул, 23к2, Минск",Бюро Городской Недвижимости
1071928277,2026-08-12T06:54:03Z,Квартира в аренду,"2-х комнатная квартира, мебель: 2- стулья на кухне, диван в гостиной, телевизор,кровать 2- х спальная; стол письменный, комод, Очень светлая, уютная и",698.78,2060.0,False,https://re.kufar.by/vi/1071928277,2.0,,72.0,22.5,11.0,1,5,8.0,9.0,2,,30,27.478791,53.904103,"Бельского ул, 26, Минск",Ирина
1077996171,2026-08-12T06:53:10Z,"Снять 1-комнатную квартиру, г. Минск, ул. Ольшевского, 74","Сдается просторная светлая однокомнатная квартира в благоустроенном районе. Идеальный вариант для тех, кто ценит покой, но хочет оставаться на связи с",339.21,1000.0,True,https://re.kufar.by/vi/1077996171,,160,32.5,17.0,8.5,3,,1.0,9.0,,,30,27.487666,53.925052,"Ольшевского ул, 74, Минск","ООО ""Резалт Недвижимость"""
1080051778,2026-08-12T06:48:11Z,Квартира двух комнатная Район метро михалово,Квартира чистая теплая Ищу ответственную пару некурящих здоровый образ жизни На длительный срок Предлагайте пожелания обсудим,0.0,0.0,False,https://re.kufar.by/vi/1080051778,3.0,55,44.0,22.0,7.0,1,1,9.0,9.0,3,1992.0,29,27.50124,53.874169,"Железнодорожная ул, 134, Минск",нат
1080690356,2026-08-12T06:46:55Z,Квартира,"Сдам светлую, аккуратную, уютную квартиру на длительный срок. В квартире имеется все бытовая техника стиральная машина, холодильник, микроволновая печ",500.0,1474.0,False,https://re.kufar.by/vi/1080690356,,150,39.0,37.0,8.9,1,1,1.0,,1,2000.0,29,27.473482,53.852058,"Космонавтов ул, 3к3, Минск",Марина
1080690244,2026-08-12T06:45:27Z,Квартира в аренду,"Сдам квартиру на очень длительный срок ( желательно двум девушкам- студентам)
Квартира в отличном состоянии, в шаговой доступности метро.",550.0,1621.4,False,https://re.kufar.by/vi/1080690244,2.0,320,60.0,49.0,,1,5,10.0,,3,2020.0,29,27.485564,53.865499,"Дзержинского пр, 94, Минск",ольга
1080690238,2026-08-12T06:45:18Z,"Снять 1-комнатную квартиру, г. Минск, бульвар Шевченко, 6","СДАЁТСЯ СВЕТЛАЯ 1-К. КВАРТИРА В ТИХОМ ЗЕЛЁНОМ РАЙОНЕ

Идеальный вариант для одного работающего человека, ценящего комфорт и удобство.

Спальный, эколо",508.82,1500.0,True,https://re.kufar.by/vi/1080690238,,,33.2,19.2,6.2,2,,3.0,4.0,1,1961.0,22,27.557034,53.924309,"Шевченко бул, 6, Минск","ООО ""Резалт Недвижимость"""
1079524545,2026-08-12T06:43:11Z,"Сдаётся 2-х комнатная квартира и центре города, на Сурганова","Сдается двухкомнатная квартира на длительный срок.
Сдается 2-х комнатная квартира по ул. Сурганова (Советский район). 2-й этаж 5-этажного дома, окна в",590.0,1739.32,False,https://re.kufar.by/vi/1079524545,3.0,,44.0,29.0,6.0,1,5,2.0,5.0,3,1961.0,23,27.598419,53.924458,"Сурганова ул, 21, Минск",Максим
1079701194,2026-08-12T06:37:40Z,Квартира,Сдам квартиру-студию в микрорайоне Минск-Мир на длительный срок.В квартире есть все необходимое для комфортного проживания.На смс на сайте не отвечаю.,508.82,1500.0,False,https://re.kufar.by/vi/1079701194,,170,30.0,30.0,,3,1,6.0,,,2025.0,28,27.553746,53.86055,"Михаила Савицкого ул, 35, Минск",Юлия
1080688989,2026-08-12T06:28:58Z,"Снять 2-комнатную квартиру, г. Минск, ул. Неманская, 18","Квартира актуальна для заселения с 23 августа!

Сдается просторная и светлая квартира по адресу: ул. Нёманская 18! Квартира расположена на 1 этаже 9 э",678.43,2000.0,True,https://re.kufar.by/vi/1080688989,,105,66.0,29.5,17.2,2,,1.0,9.0,,,30,27.429752,53.911153,"Нёманская ул, 18, Минск","ООО ""Резалт Недвижимость"""
1077083064,2026-08-12T06:21:44Z,Квартира,"Сдается  на длительный срок светлая ,уютная квартира-студия  в новом современном доме повышенной комфортности(50метров от метро Грушевка )аккуратным и",720.0,2122.56,False,https://re.kufar.by/vi/1077083064,4.0,,47.4,30.0,10.0,3,5,13.0,20.0,4,2025.0,29,27.512612,53.886525,"Дзержинского пр, 30, Минск",Татьяна
1063980589,2026-08-12T06:11:29Z,Квартира с дизайнерским ремонтом.,"Сдаю на длительный срок, дизайнерский ремонт, бытовая техника вся есть. Большая закрытая территория, огромная парковка. Квартира находиться прямо в це",1000.0,2948.0,False,https://re.kufar.by/vi/1063980589,2.0,,42.0,27.0,12.0,1,10,10.0,,4,2020.0,24,27.622827,53.925025,"Независимости пр, 88, Минск",Евгений
1076812127,2026-08-12T06:10:35Z,квартиры,квартира в долгосрочную аренду,450.0,1326.6,False,https://re.kufar.by/vi/1076812127,2.0,,35.0,,,2,5,2.0,9.0,3,,26,27.66538,53.86526,"Партизанский пр, 147, Минск",павел
1076913717,2026-08-12T06:08:08Z,"Сдается трехкомнатная квартира ,на Воронянского 52","Сдается трехкомнатная квартира,одна комната проходная.Месторасположение хорошее,около дома автобусная остановка и метро 5 мин. Ковальская слобода.Мага",500.0,1474.0,False,https://re.kufar.by/vi/1076913717,3.0,15,65.0,50.0,7.0,3,1,9.0,9.0,1,1973.0,28,27.55636,53.876212,"Воронянского ул, 52, Минск",Жанна
1080687223,2026-08-12T06:03:13Z,Квартиру на аренду,"Дом 1969 года! Квартира без ремонта! Инфраструктура развита, всё рядом! Метро, остановка транспорта",400.0,1179.2,False,https://re.kufar.by/vi/1080687223,,,44.0,30.0,6.0,1,22,3.0,5.0,3,,23,27.593658,53.910442,"Платонова ул, 35к2, Минск",Татьяна
1080459422,2026-08-12T05:55:18Z,"Сдается теплая, светлая 2х-ком. квартира.","Сдается теплая, светлая 2х-ком. квартира.  Комнаты раздельные. Лоджия застеклена. Квартира солнечная.
В квартире необходимая мебель, бытовая техника.",519.15,1530.45,False,https://re.kufar.by/vi/1080459422,5.0,,60.0,38.0,10.0,3,1,8.0,9.0,1,2010.0,28,27.558974,53.878787,"Бакинская ул, 18к1, Минск",ivan
1080685801,2026-08-12T05:52:33Z,"Белинского 54, 1 комнатная квартира, аренда","Дом стоит на ул. Леонида Беды, сельхозпоселок. Район современной жилой застройки многоквартирных домов. Рядом с домом продуктовые магазины Соседи, каф",508.82,1500.0,False,https://re.kufar.by/vi/1080685801,2.0,220,46.0,30.0,10.0,1,5,7.0,9.0,2,2013.0,23,27.593389,53.938538,"Белинского ул, 54, Минск",Tat
1079999829,2026-08-12T05:40:19Z,Отличная 3-х комнатная квартира в центре Минска,"Сдается отличная трехкомнатная квартира по адресу пр-т Дзержинского 11 общ.пл. 88 кв.м. в шаговой доступности метро ""Грушевка"". Квартира просторная и",1017.64,3000.0,False,https://re.kufar.by/vi/1079999829,6.0,55,88.0,68.0,20.0,3,10,14.0,24.0,2,2014.0,29,27.520796,53.888223,"Дзержинского пр, 11, Минск",Ольга
1080648946,2026-08-12T05:33:37Z,Сдается 3-х комнатная квартира на длительный срок,"Сдам 3х комнатную квартиру 
( 80.9 м2 ) во Фрунзенском районе . ул. Неманская, 77
В квартире выполнен современный ремонт, квартира оснащена отличной т",830.0,2446.84,False,https://re.kufar.by/vi/1080648946,6.0,105,80.9,,12.0,3,5,7.0,9.0,1,2011.0,30,27.429042,53.925619,"Нёманская ул, 77, Минск",Ольга
1078907260,2026-08-12T05:31:46Z,Сдам 1-ую квартиру,"Все в шаговой доступности, магазины, поликлиника, транспорт. Отвечаю только на звонки.",400.0,1179.2,False,https://re.kufar.by/vi/1078907260,,265,35.0,17.0,9.0,3,,2.0,9.0,,,30,27.428449,53.888022,"Сухаревская ул, Минск",Оксана
1080668296,2026-08-12T05:29:49Z,Аренда квартиры,"Сдаётся новая, стильная квартира чистолюбивым и аккуратным людям на длительный срок. Укомплектована мебелью и бытовой техникой. Первое заселение. Возл",678.43,2000.0,True,https://re.kufar.by/vi/1080668296,4.0,170,36.0,28.0,,,10,11.0,25.0,10,2023.0,28,27.553746,53.86055,"Михаила Савицкого ул, 35, Минск",ООО ГрандАвис
1079244241,2026-08-12T05:25:17Z,Сдам евродвушку,"На месяц - два не сдаю. 

На длительный срок: от 6 месяцев. 
Сдам Евродвушку (спальня +кухня-гостиная) квартиру по адресу:
г. Минск, ул. Михаловская 1",570.0,1680.36,False,https://re.kufar.by/vi/1079244241,4.0,175,40.0,17.0,11.0,1,10,4.0,21.0,,2018.0,29,27.47761654075077,53.87411781893605,"Михаловская ул, 14, Минск",Галина
1078990994,2026-08-12T04:57:45Z,Аренда 2-комнатной квартиры,"Сдается в аренду двухкомнатная квартира.
Кухня оборудована холодильником, посудомоечной машиной, варочной панелью, духовым шкафом, вытяжкой. WiFi., ме",650.0,1916.2,False,https://re.kufar.by/vi/1078990994,,55,59.4,29.0,10.0,3,5,2.0,13.0,2,2014.0,29,27.514966,53.885687,"Щорса ул, 11, Минск",Алена
1079538232,2026-08-12T04:56:12Z,"Новая, стильная евродвушка Минск-Мир","Впервые сдается стильная и продуманная евродвушка с новым ремонтом — на длительный срок.

Квартира подойдет для одного человека или пары без детей и ж",700.0,2063.6,False,https://re.kufar.by/vi/1079538232,2.0,170,45.0,,,3,10,,,,,28,27.547135,53.871185,"Мира пр, 2, Минск",Татьяна
1079512451,2026-08-12T04:43:07Z,Сдается удобная квартира на Карастояновой 23А,"Сдается удобная однокомнатная квартира. Имеется все необходимое для комфортной жизни: Легкораскладывающийся двуспальный диван, Телевизор, Кондиционер,",550.0,1621.4,False,https://re.kufar.by/vi/1079512451,2.0,,28.5,11.9,7.1,2,5,5.0,9.0,,,22,27.56396,53.93673,"Лили Карастояновой ул, 23А, Минск",Елена
1057250522,2026-08-12T04:37:49Z,Квартира,"Сдаю квартиру в элитном доме на улице Беды ( 4 сезона) . Вся мебель и посуда новая. ПЕРВОЕ ЗАСЕЛЕНИЕ. В квартире все есть, заезжай и живите. Ремонт  д",680.0,2004.64,False,https://re.kufar.by/vi/1057250522,2.0,220,43.0,40.0,12.0,3,5,9.0,16.0,2,2022.0,23,27.599165,53.94219,"Леонида Беды ул, 44, Минск",Алекс
1080056465,2026-08-12T04:06:29Z,Студия/1 комнатная квартира,"Сдам студию парам
БЕЗ детей и животных
Рядом магазины/поликлиника/остановка.
Квартира светлая и чистая
По всем вопросам щвоните",480.0,1415.04,False,https://re.kufar.by/vi/1080056465,2.0,170,33.3,27.0,,3,,5.0,25.0,,,28,27.534914110398542,53.86365960645962,"Белградская ул, 16, Минск",Elena Dashuk
1071004501,2026-08-12T03:56:42Z,Сдам в аренду двухуровневую эксклюзивную квартиру,"Эксклюзивная двухуровневая квартира в одном из самых престижных районов Минска

Уникальное предложение для тех, кто ценит пространство, статус и идеал",3000.0,8844.0,False,https://re.kufar.by/vi/1071004501,4.0,,360.0,,26.0,3,10,,7.0,3,,22,27.528755,53.913014,"Грибоедова ул, 4, Минск",Наталья
1080299571,2026-08-12T00:31:25Z,3-к квартира со своим машиноместом в элитном районе от собственника,"Сдается 3-комнатная квартира со своим машиноместом в подземном паркинге в элитном районе Дрозды на срок от года (от собственника).
Преимущества дома и",1200.0,3537.6,False,https://re.kufar.by/vi/1080299571,4.0,195,84.5,45.7,11.8,1,10,2.0,4.0,10,2008.0,22,27.48716431282725,53.93892781617476,"Пионерская ул, 7, Минск",Наталья
1077391728,2026-08-11T23:50:28Z,"Аренда 3-комнатной квартиры, Лученка 13","Ранее не сдавалась, но жили сами.

3-х комнатная квартира с качественным ремонтом, которая находится на 23-м этаже по адресу: ул. Лученка 13 (Минск-ми",900.0,2653.2,True,https://re.kufar.by/vi/1077391728,,170,59.7,54.5,,3,,23.0,23.0,4,2021.0,28,27.543371,53.867279,"Игоря Лученка ул, 13, Минск",ООО Центр недвижимости ГАЛАКТИКА
1078269116,2026-08-11T23:48:39Z,"Аренда 2-комнатной квартиры, Алфёрова 13","Квартира готова к просмотру и заселению!

2-х комнатная квартира-студия с качественным ремонтом, которая находится на 25-м этаже по адресу: ул. Алфёро",700.0,2063.6,True,https://re.kufar.by/vi/1078269116,,170,42.8,38.3,,3,,25.0,25.0,4,2023.0,28,27.550369,53.860619,"Жореса Алфёрова ул, 13, Минск",ООО Центр недвижимости ГАЛАКТИКА
1080529392,2026-08-11T21:35:11Z,Сдается просторная однокомнатная квартира,Просторная (48кв.м) квартира от хозяйки. Современный теплый кирпичный дом премиум класса. Очень низкие коммунальные платежи. Квартира полностью оснаще,500.0,1474.0,False,https://re.kufar.by/vi/1080529392,2.0,,48.0,29.0,11.0,3,5,5.0,9.0,3,2001.0,30,27.480704,53.904888,"Бельского ул, 14, Минск",Наталья
1080648669,2026-08-11T21:26:47Z,Сдам двухкомнатную квартиру возле метро спортивная,"Что-то с объявлением 
Квартира стоит 600

Сдается 2-х комнатная квартира на втором этаже по адресу: г. Минск, ул. Притыцкого, 49. Пять минут от станци",599.0,1765.85,False,https://re.kufar.by/vi/1080648669,,,56.0,,,3,5,2.0,9.0,,,30,27.478460477338732,53.90524982741688,"Притыцкого ул, 49, Минск",Наталья
1077683695,2026-08-11T21:17:43Z,4х комнатная квартира,"Сразу после ремонта, сдается просторная двухэтажная квартира, 150м2, два санузла, кондиционеры в каждой комнате, абсолютно новая мебель, добавим еще п",1497.0,4413.16,False,https://re.kufar.by/vi/1077683695,8.0,,150.0,106.0,14.0,1,1,7.0,8.0,,2004.0,23,27.559001,53.918445,"Машерова пр, 50, Минск",Василий
1079461969,2026-08-11T20:47:48Z,Аренда квартиры,"Возможна аренда для иностранцев. Условия обсуждаются отдельно, поможем с регистрацией. Вся необходимая мебель для жизни есть. Две раздельные комнаты в",678.43,2000.0,False,https://re.kufar.by/vi/1079461969,4.0,230,40.0,,,2,1,1.0,5.0,3,,27,27.609855,53.854082,"Рокоссовского пр, 152, Минск",Сандро
1076186626,2026-08-11T20:37:07Z,аренда квартиры,"Сдается элитная квартира с дизайнерским ремонтом трех ком.,С французскими окнами, видом на улицу Богдановича, личным парковочным местом. Полный ремонт",1100.0,3242.8,False,https://re.kufar.by/vi/1076186626,4.0,220,90.0,54.4,15.0,3,10,5.0,18.0,10,2001.0,23,27.583436,53.93673,"Максима Богдановича ул, 124, Минск",Дарья
1079592052,2026-08-11T20:27:35Z,Сдается светлая 3-ком. квартира на длительный срок,"Ищете вариант, чтобы заехать и забыть о быте? Всё уже есть:
Евроремонт, паркет.
Мебель и техника: ТВ, холодильник, стеклокерамика, стиральная машина,",555.0,1636.14,True,https://re.kufar.by/vi/1079592052,,320,68.0,40.0,8.0,3,5,8.0,9.0,1,2000.0,29,27.449847,53.86252,"Рафиева ул, 51, Минск",ИП Король Серей Александрович
1080181803,2026-08-11T20:12:34Z,сдам квартиру на долгий срок,Сдаётся 3-х квартира на длительный срок с мебелью и всем необходимым для жизни. Дом кирпичный с замечательным видом из окон. Кухня полностью укомплект,915.88,2700.0,False,https://re.kufar.by/vi/1080181803,3.0,,93.3,53.3,13.9,3,,9.0,9.0,3,2005.0,24,27.638421,53.925476,"Филимонова ул, 55к3, Минск",Светлана
1080653579,2026-08-11T20:00:25Z,Квартира,Сдается 3-х комнатная квартира в микрорайоне Сухарево на 6-ом этаже 9-ти этажного дома. В шаговой доступности находятся детская и взрослая поликлиники,600.41,1770.0,False,https://re.kufar.by/vi/1080653579,6.0,265,63.5,43.6,7.1,3,5,6.0,10.0,1,1994.0,30,27.434216,53.889465,"Сухаревская ул, 34, Минск",Людмила
1080652801,2026-08-11T19:59:42Z,1-комнатная квартира 46 кв.м,"1-комнатная квартира в аренду на длительный срок. Рядом метро Каменная Горка. Квартира новая, никто не проживал. Хороший ремонт, новая мебель, новая т",559.7,1650.0,False,https://re.kufar.by/vi/1080652801,2.0,,47.0,,11.0,1,10,17.0,20.0,4,2022.0,30,27.425844,53.906761,"Притыцкого ул, 115, Минск",Ольга
1080450575,2026-08-11T19:40:01Z,Отличная квартира студия на долгий срок сдачи,"Отличная студия с свежим ремонтом, с мебелью, техникой,тв и тд, все есть для проживания, два больших дивана, комната отделена большими стеклянными две",515.6,1520.0,False,https://re.kufar.by/vi/1080450575,,170,35.0,20.0,,1,10,12.0,25.0,2,2022.0,28,27.537792,53.864315,"Белградская ул, 9, Минск",серж
1067336121,2026-08-11T19:29:08Z,"Новая 2шка, ул. К. Минина 2 (м. Грушевка)","Аренда от собственника, без комиссии агентам и дополнительных платежей.
C агентами не работаю. В сотрудничестве не нуждаюсь.
Агенты, не звоните.

ВАЖН",1000.0,2948.0,False,https://re.kufar.by/vi/1067336121,2.0,,52.0,52.0,52.0,3,10,19.0,21.0,2,2023.0,29,27.512424,53.876451,"Кузьмы Минина ул, 2, Минск",Сергей
198760252,2026-08-11T19:28:56Z,"Новая 2шка, пр-т Дзержинского 92 (м. Петровщина)","Аренда от собственника, без комиссии агентам и дополнительных платежей.

ВАЖНО: Коммунальные платежи и интернет уже включены в стоимость.

Просторная",1000.0,2948.0,False,https://re.kufar.by/vi/198760252,2.0,320,54.0,,,3,10,,23.0,2,2022.0,29,27.486561,53.866359,"Дзержинского пр, 92, Минск",Сергей
1080648754,2026-08-11T19:25:02Z,Сдам однокомнатную квартиру на длительный срок.,"Сдаётся квартира семейным парам — только ответственным и платёжеспособным людям.
Квартира полностью после ремонта, есть всё необходимое для комфортног",424.02,1250.0,False,https://re.kufar.by/vi/1080648754,,230,35.0,,,1,1,2.0,9.0,1,,27,27.60857,53.860545,"Рокоссовского пр, 85, Минск",светлана
1080647143,2026-08-11T19:24:03Z,Квартира,"Сдам 1 комнатная квартира в долгосрочную аренду ,собственник,",350.0,1031.8,False,https://re.kufar.by/vi/1080647143,,135,35.0,20.0,5.0,2,1,2.0,2.0,3,1969.0,28,27.533112,53.862101,"Лейтенанта Кижеватова ул, 30, Минск",Сергей
1075929918,2026-08-11T19:17:42Z,Квартира,"Мечтаете просыпаться и видеть красивый город за окном? Ищете квартиру, в которой реально хочется жить, а не просто ночевать?

Сдаю уютную 1-комнатную",460.0,1356.08,False,https://re.kufar.by/vi/1075929918,2.0,170,31.0,,,1,10,23.0,25.0,,,28,27.52721,53.868488,"Брилевская ул, 37, Минск",Яна
1073526080,2026-08-11T19:12:59Z,Аренда евродвушка,"Евродвушка, отдельная спальня с двуспальной кроватью, два встроенных шкафа с зеркалами и др. Рядом находится ТЦ Авиамол и там же метро (пешком около 7",678.43,2000.0,False,https://re.kufar.by/vi/1073526080,2.0,170,38.0,22.0,9.0,3,10,18.0,25.0,2,2024.0,28,27.555094,53.86251,"Игоря Лученка ул, 31, Минск",Димон
1080648006,2026-08-11T19:07:23Z,Отличная квартира в Малиновке,Сдается уютная однокомнатная квартира в Малиновке по адресу Слободская 21. На кухне выполнен свежий ремонт. В квартире есть все необходимое для комфор,407.06,1200.0,False,https://re.kufar.by/vi/1080648006,,150,35.0,17.0,,1,1,7.0,9.0,,,29,27.430345,53.860019,"Слободская ул, 21, Минск",Дмитрий
1077008868,2026-08-11T19:01:01Z,2-х комнатная квартира возле метро Пушкинская (аренда на долгий срок),"Квартира доступна для аренды с 12 августа. Сдается уютная и светлая двухкомнатная квартира, находящаяся в двух минутах ходьбы от метро Пушкинская. Сда",542.74,1600.0,False,https://re.kufar.by/vi/1077008868,4.0,,38.2,23.4,6.1,1,1,4.0,5.0,1,,30,27.497772,53.907859,"Болеслава Берута ул, 4к4, Минск",Алена
1080647379,2026-08-11T18:59:54Z,"БЕЗ КОМИССИИ ДЛЯ ТЕХ, КТО СНИМАЕТ","Без комиссии для тех, кто снимает!

3–комнатная квартира в 15-ти минутах ходьбы от станции метро «Молодёжная», и в двух станциях от центра столицы.

У",650.0,1916.2,True,https://re.kufar.by/vi/1080647379,,290,87.0,,,3,,5.0,9.0,3,2005.0,30,27.513502,53.900342,"Харьковская ул, 58, Минск",ООО ''Риэлтерский центр Столицы''
1080646908,2026-08-11T18:53:48Z,Современная трехкомнатная квартира рядом с метро,"Сдается квартира в новом доме площадью 72 м.кв. В квартире 3 отдельные комнаты, застекленная лоджия, кухня совмещенная с гостиной, комфортная и соврем",900.0,2653.2,False,https://re.kufar.by/vi/1080646908,3.0,30,72.0,65.0,,3,5,2.0,17.0,2,2019.0,29,27.476572,53.84681,"Дзержинского пр, 125А, Минск",Ирина
1080646431,2026-08-11T18:47:40Z,Сдам 1-комнатную квартиру,"Сдам 1- комнатную квартиру на Асаналиева с мебелью, бытовой техникой(холодильник , микроволновка, варочная поверхность и духовой шкаф Bosch, стиральна",422.32,1245.0,False,https://re.kufar.by/vi/1080646431,,235,37.0,,,1,1,1.0,14.0,,,28,27.547233,53.851878,"Асаналиева ул, 38к1, Минск",Людмила
1080645746,2026-08-11T18:38:54Z,Сдам двухкомнатную квартиру,Первая сдача светлой двухкомнатной квартиры с новым ремонтом и всей необходимой техникой. Квартира подойдет для одного человека или пары без детей и ж,542.74,1600.0,False,https://re.kufar.by/vi/1080645746,2.0,170,36.8,22.8,,3,5,4.0,,10,2022.0,28,27.537792,53.864315,"Белградская ул, 9, Минск",Екатерина
1080567160,2026-08-11T18:38:43Z,Сдается квартира в аренду,"Сдается квартира по договору. Прописан один  человек. Рядом магазины, сады , школа. Более подробная информация по телефону . Оплата 1500 + коммунальны",508.82,1500.0,False,https://re.kufar.by/vi/1080567160,2.0,100,45.6,30.6,5.8,1,,3.0,,,,24,27.61971,53.9523,"Логойский тракт, 30к1, Минск",Денис
1080644300,2026-08-11T18:22:07Z,Сдается двухкомнатная квартира,"Сдается двухкомнатная квартира в Серебрянке на длительный срок. Дом после капитального ремонта. Двор утопает в зелени, в двух шагах - обустроенная наб",520.0,1532.96,False,https://re.kufar.by/vi/1080644300,5.0,230,50.5,30.7,7.1,3,1,3.0,9.0,1,,27,27.614751,53.856663,"Рокоссовского пр, 125, Минск",Ирина
1080644244,2026-08-11T18:21:17Z,Квартира студия Минск Мир,"Дом Мадрид рядом с метро Аэродромная и ТЦ Авиа Молл,остановкой общественного транспорта.
Сдаёт собственник по договору на длительный срок.
Дом 2025 го",576.83,1700.5,False,https://re.kufar.by/vi/1080644244,2.0,170,30.0,26.0,,3,10,23.0,25.0,2,2025.0,28,27.555857,53.859711,"Леонида Щемелёва ул, 26, Минск",Наталья
1080643965,2026-08-11T18:17:49Z,Однокомнатная квартира,"Сдается однокомнатная квартира в новостройке с мебелью, полностью готовая для проживания, в шаговой доступности от метро. 

В дополнение к мебели, кот",420.0,1238.16,False,https://re.kufar.by/vi/1080643965,2.0,170,31.5,24.0,,3,5,24.0,25.0,4,2024.0,28,27.556351,53.865244,"Николы Теслы ул, 30, Минск",Ирина
1069066422,2026-08-11T18:15:59Z,Квартира в долгосрочную аренду,"Сдаётся в долгосрочную аренду, от собственника, не агенство, звонить с 9 до 21 часов",800.0,2358.4,False,https://re.kufar.by/vi/1069066422,4.0,,78.0,46.0,10.5,3,5,3.0,9.0,1,2008.0,22,27.548761,53.93065,"Червякова ул, 64, Минск",Зоя
1076406653,2026-08-11T18:12:25Z,Долгосрочная аренда двухкомнатной квартиры метро спортивная,"Просторная двухкомнатная квартира в трёх минутах от станции метро спортивная , есть посудомоечная машина и бойлер . Долгосрочная аренда",750.0,2211.0,False,https://re.kufar.by/vi/1076406653,,,81.0,,,3,5,1.0,12.0,3,,30,27.478935,53.906347,"Бельского ул, 8, Минск",Екатерина
1080643343,2026-08-11T18:09:54Z,Сдаю двух комнатную квартиру с 15 августа,"С 15 августа сдаю двух комнатную квартиру на длительный срок. Дом после капитального ремонта. Квартира чистая, теплая, окна выходят в парковую зону, х",508.82,1500.0,False,https://re.kufar.by/vi/1080643343,,230,50.0,,9.0,1,1,2.0,9.0,1,,27,27.611813,53.867479,"Горовца ул, 34к2, Минск",Лилия Ивановна
1080642942,2026-08-11T18:04:50Z,Квартира в аренду,Сдается квартира на длительный срок. Без животных. В 3 остановках от метро. В квартире все есть. Только порядочным работающим людям.,400.0,1179.2,False,https://re.kufar.by/vi/1080642942,1.0,105,41.0,21.0,10.0,3,1,5.0,9.0,1,2010.0,30,27.427578,53.917676,"Нёманская ул, Минск",Владимир
1080641571,2026-08-11T18:01:37Z,Квартира в аренду,"Сдается на длительный срок по договору двухкомнатная квартира. Только гражданам РБ. Проживание без животных.
Квартира укомплектована необходимой мебел",500.0,1474.0,False,https://re.kufar.by/vi/1080641571,,,42.0,30.0,6.0,2,1,1.0,4.0,,,29,27.517068,53.889545,"Лермонтова ул, 20А, Минск",Лариса
1061326770,2026-08-11T18:00:07Z,Аренда 4х-комнатной квартиры с дизайнерским ремонтом  в Маяке Минска,"Аренда с 15.05.2026  НА НЕДЕЛИ,МЕСЯЦЫ дизайнерской 4х-комнатной квартиры в Маяке Минска около Национальной библиотеки. Отличное месторасположение (7 м",1850.0,5453.8,False,https://re.kufar.by/vi/1061326770,7.0,325,78.0,74.0,,3,10,3.0,24.0,10,2020.0,24,27.651142,53.928227,"Франциска Скорины ул, 5, Минск",Каролина
1079191975,2026-08-11T18:00:03Z,Сдается квартира,"Сдается уютная, полностью укомплектованная однокомнатная квартира-студия по адресу ул. Николы Теслы, 8. Идеальный вариант для тех, кто ценит комфорт,",485.07,1430.0,False,https://re.kufar.by/vi/1079191975,3.0,170,32.0,28.0,,1,5,4.0,19.0,10,2020.0,28,27.533326127807356,53.869802553770526,"Николы Теслы ул, 8, Минск",Ди
1072800263,2026-08-11T17:54:11Z,Сдается 1-комнатная квартира на длительный срок с 28 августа,Сдается квартира на длительный срок паре без животных. Свежий ремонт. 50 метров до станции метро каменная горка. Рядом ТЦ Green. Все в шаговой доступн,580.05,1710.0,False,https://re.kufar.by/vi/1072800263,,80,42.0,18.0,9.0,1,,7.0,16.0,10,,30,27.43720611712493,53.90622971087021,"Притыцкого ул, 97, Минск",Алла
1078171236,2026-08-11T17:46:55Z,В долгосрочную аренду 3-к квартира (105 м²) от собственника,"Сдаётся на длительный срок просторная 3-комнатная квартира в пяти минутах езды от центра города, рядом с метро Грушевская. 

Локация и инфраструктура:",1017.64,3000.0,False,https://re.kufar.by/vi/1078171236,3.0,55,105.0,60.0,12.2,4,10,9.0,10.0,4,2005.0,29,27.514014,53.881451,"Грушевская ул, 91, Минск",Артур
1078584232,2026-08-11T17:35:29Z,Большая однокомнатная квартира,"Большая, чистая, светлая квартира. 10 минут пешком до метро,  в 50 метрах огромный парк Челюскинцев и ботанический сад. В квартире есть все необходимо",650.0,1916.2,False,https://re.kufar.by/vi/1078584232,2.0,,45.0,37.0,11.0,3,5,16.0,19.0,1,2017.0,24,27.62536,53.921679,"Макаёнка ул, 12А, Минск",Руслан Туйчин
1080640193,2026-08-11T17:34:56Z,Сдам квартиру 2 комнатную,"Сдается двухкомнатная квартира по ул Одинцова 22, 5 этаж, лифт, домофон, видеокамеры.
Сдается долгосрочно, семейной паре.
 Подьезд, коммуникации, и са",500.0,1474.0,False,https://re.kufar.by/vi/1080640193,,,46.9,28.5,7.3,3,1,5.0,9.0,1,,30,27.444439,53.900719,"Одинцова ул, 22к1, Минск",Дмитрий
1080639915,2026-08-11T17:31:43Z,Сдаю квартиру,"Уютная , солнечная квартира .
Окна выходят на лес.
Метро Уручье в 10 минутах ходьбы.",542.74,1600.0,False,https://re.kufar.by/vi/1080639915,2.0,50,44.0,18.0,9.0,1,10,19.0,19.0,1,,24,27.70398598998245,53.946808912527075,"Героев 120-й Дивизии ул, 6, Минск",Надежда
1078598469,2026-08-11T17:27:34Z,Трёшка на физкультурной 14,"домофон, металлическая дверь, лифт, стеклопакеты, благоустроенный двор, детская площадка, рядом супермаркет, гипермаркет, зеленая зона, 3 остановки до",450.0,1326.6,False,https://re.kufar.by/vi/1078598469,8.0,,85.0,50.0,9.0,1,15,5.0,9.0,1,2003.0,27,27.563277,53.86723,"Физкультурная ул, 14, Минск",Тамара
1080400235,2026-08-11T17:22:24Z,Квартира сталинка новый ремонт,"Сдается ( или продается) светлая, просторная и невероятно атмосферная квартира площадью 60 м² с премиальным дизайнерским ремонтом, расположенная в тих",922.93,2720.8,False,https://re.kufar.by/vi/1080400235,3.0,,60.0,,,1,10,4.0,4.0,3,1951.0,25,27.604537,53.884922,"Олега Кошевого ул, Минск",Александр
1080638682,2026-08-11T17:17:48Z,Сдается квартира в Малиновке,"Сдается 1-комнатная квартира в Малиновке. Паре, без животных, на длительный срок. По договору аренды. Новый ремонт.",430.0,1267.64,False,https://re.kufar.by/vi/1080638682,,150,33.0,,7.0,1,5,8.0,9.0,1,,29,27.446101,53.847081,"Слободская ул, Минск",Вероника
1080476382,2026-08-11T17:17:34Z,Шикарная квартира в аренду,"Шикарная новая квартира с паркингом в ЖК «Mood House»
Впервые сдается абсолютно новая квартира со стильным ремонтом на 14-м видовом этаже НА ДЛИТЕЛЬНЫ",1002.37,2955.0,False,https://re.kufar.by/vi/1080476382,4.0,,61.1,54.7,,3,10,14.0,23.0,2,2025.0,29,27.526779,53.892691,"Дзержинского пр, 12, Минск",Владимир
1080638605,2026-08-11T17:17:06Z,Сдается однокомнатная квартира,"Квартира сдается на длительный срок только гражданам РБ, без детей, без животных, не курящие.
Только по договору.
В квартире есть вся необходимая техн",390.09,1150.0,False,https://re.kufar.by/vi/1080638605,,80,42.8,18.0,9.0,3,5,3.0,19.0,1,2020.0,30,27.458192,53.896029,"2-й переулок Тимошенко, 7, Минск",Татьяна
1080637175,2026-08-11T17:06:22Z,"Аренда 1-ой квартиры по ул.Гикало, 22 (ст.м. Я.Коласа)","Аренда 1-ой квартиры по ул.Гикало,22 (ст.м.Я.Коласа) по договору аренды, 4-ый этаж/5-ти этажного дома. Удобное расположение - рядом магазины шаговой д",550.0,1621.4,False,https://re.kufar.by/vi/1080637175,2.0,,32.0,20.0,,1,10,4.0,5.0,1,,23,27.592949,53.911863,"Гикало ул, 22, Минск",Кристина
1077457948,2026-08-11T17:01:09Z,Квартира трёхкомнатная,"Огромная просьба иностранных граждан не беспокоить, только РБ! Сдаётся трёхкомнатная просторная и современная квартира возле Военной академии РБ. Обор",650.0,1916.2,False,https://re.kufar.by/vi/1077457948,,50,78.1,48.0,11.7,3,5,1.0,18.0,4,2015.0,24,27.739599,53.962155,"Фогеля ул, 1Л, Минск",Елена
1080633165,2026-08-11T16:49:11Z,Аренда двухкомнатной квартиры Минск,Сдается уютная квартира в центре Минска долгосрочно. Прекрасный вид из окон. Зеленый двор. Велодорожка и Парк Горького в пешей доступности. До метро:,650.0,1916.2,False,https://re.kufar.by/vi/1080633165,4.0,200,46.0,,,1,,5.0,5.0,,,25,27.590847,53.899154,"Антоновская ул, Минск",Наташа
1080633086,2026-08-11T16:48:26Z,"Аренда 3-комнатной квартиры, Победителей 135Б","Вашему вниманию представлена 3-комнатая квартира в каркасно-блочном доме, расположенном в одном из самых престижных районов г. Минска по адресу: пр. П",1300.0,3832.4,True,https://re.kufar.by/vi/1080633086,,,60.4,54.89,,1,,15.0,26.0,2,2018.0,22,27.461246,53.94326,"Победителей пр, 135Б, Минск",ООО Центр недвижимости ГАЛАКТИКА
1080633089,2026-08-11T16:48:26Z,"Аренда 2-комнатной квартиры, Кижеватова 1А",Сдаётся двухкомнатная квартира на длительный срок в новом районе Минск-мир. Квартира укомплектована всей необходимой мебелью и техникой: 3 спальных ме,550.0,1621.4,True,https://re.kufar.by/vi/1080633089,,170,55.3,50.9,,1,,7.0,16.0,2,2020.0,28,27.528179,53.867355,"Лейтенанта Кижеватова ул, 1А, Минск",ООО Центр недвижимости ГАЛАКТИКА
1080633083,2026-08-11T16:48:22Z,"Аренда 1-комнатной квартиры, Скрыганова 9","Сдаётся квартира в пешей доступности от метро «Молодёжная». Расположена на 3-м этаже 5-ти этажного дома, есть застеклённый балкон, квартира светлая, у",450.0,1326.6,True,https://re.kufar.by/vi/1080633083,,,29.0,16.0,6.4,1,,3.0,5.0,4,1966.0,30,27.514902,53.910553,"Скрыганова ул, 9, Минск",ООО Центр недвижимости ГАЛАКТИКА
1080632138,2026-08-11T16:48:08Z,Сдам 1 комн. квартиру,Сдам однокомнатную квартиру. После косметического ремонта.,373.13,1100.0,False,https://re.kufar.by/vi/1080632138,,235,38.0,18.0,8.0,3,1,5.0,9.0,1,,28,27.545239,53.847081,"Асаналиева ул, 13к2, Минск",Ольга
1080632793,2026-08-11T16:45:15Z,"1-к квартира  Независимости просп., 145","Сдается современная 1-комнатная квартира в Минске, расположенная по адресу: проспект Независимости, в престижном Первомайском районе. Идеальный вариан",502.61,1481.7,True,https://re.kufar.by/vi/1080632793,,45,33.3,17.16,7.18,3,,8.0,9.0,,1973.0,24,27.6483,53.9349,"Независимости пр, 145, Минск",ООО ТВОЯ СТОЛИЦА
1078602221,2026-08-11T16:29:49Z,Сдам квартиру,"Сдается квартира, кухня, ванная комната, туалет, прихожая полностью оборудованы, вместительные шкафы-купе(прихожая, 1 комната), отдельно стоящий шкаф.",610.58,1800.0,False,https://re.kufar.by/vi/1078602221,,150,64.0,48.0,7.5,3,5,7.0,,1,1994.0,29,27.457178692269995,53.84555195696608,"Слободская ул, 135, Минск",Илона
1080629368,2026-08-11T16:26:15Z,Сдается просторная 4-комнатная квартира 103 м² у  Парка Челюскинцев,"Сдается просторная 4-комнатная квартира 103 м² у парка Челюскинцев. Только на длительный срок.

С сентября 2026 года сдается современная, светлая и пр",1200.0,3537.6,False,https://re.kufar.by/vi/1080629368,4.0,,108.0,70.0,11.0,3,5,4.0,13.0,10,2021.0,24,27.622827,53.925025,"Независимости пр, 88, Минск",Александр
1080629341,2026-08-11T16:26:01Z,Сдам 2 комнатную квартиру Старовиленская 97,"Сдам 2-х комнатную квартиру в центре Минска. Рядом метро Якуба Колбаса (10 мин. пешком). Комаровка, Светофор, Маяк, Белтелеком, школа, парк... В кварт",424.02,1250.0,False,https://re.kufar.by/vi/1080629341,3.0,,55.0,50.0,9.0,1,1,4.0,10.0,1,2001.0,23,27.561984,53.920645,"Старовиленская ул, 97, Минск",Наталья
1076051942,2026-08-11T16:20:57Z,однокомнатная квартира на длительный срок,"Сдаётся 1 комнатная квартира  на длительный срок , площадью 43 кв. м ОТ СОБСТВЕННИКА , по проспекту Победителей 125, микрорайон Лебяжий. Квартира обор",600.0,1768.8,False,https://re.kufar.by/vi/1076051942,2.0,,43.0,18.0,10.0,3,5,6.0,,2,2016.0,22,27.469305,53.93955,"Победителей пр, 125, Минск",Оксана
1080349207,2026-08-11T16:19:33Z,Квартира у метро Грушевка на длительный срок,"Квартира однокомнатная в современном комплексе ГрандХаус в долгосрочную аренду. Выход из подъезда расположен прямо у входа в метро Грушевка.
Развитая",690.0,2034.12,False,https://re.kufar.by/vi/1080349207,3.0,55,42.0,35.0,9.0,3,10,17.0,20.0,3,2017.0,29,27.516116,53.886159,"Дзержинского пр, 19, Минск","Светлана, Юрий"
1080360978,2026-08-11T16:19:03Z,Квартира в центре у метро Академия Наук,"Сдается в долгосрочную аренду 1,5 квартира у самого входа в метро Академия Наук. При заселении вносится залог в размере 1 арендной платы (), залог воз",800.0,2358.4,False,https://re.kufar.by/vi/1080360978,4.0,,45.0,40.0,6.0,1,10,4.0,8.0,3,1968.0,23,27.597889,53.921955,"Независимости пр, 75, Минск","Светлана, Юрий"
1080627639,2026-08-11T16:18:37Z,Сдам 2 комн кв,"Сдам на длительный срок, без животных. Залог, предоплата. В кв зарегистрированы, нет ТС и доп услуг. Не иностранцы, кроме РФ. Собственник",620.0,1827.76,False,https://re.kufar.by/vi/1080627639,,,55.0,,,3,1,,,10,,23,27.592976,53.909302,"Платонова ул, 23, Минск",пользователь
1079203630,2026-08-11T16:02:02Z,Сдам 2-ух комнатную квартиру,"Сдается квартира в Центральном районе.
Квартира укомплектована кухонной зоной и санузлом. Имеется кухонный гарнитур, духовой шкаф с плитой, холодильни",800.0,2358.4,False,https://re.kufar.by/vi/1079203630,4.0,,69.0,,,3,10,6.0,10.0,,,22,27.466071,53.941018,"Победителей пр, 129, Минск",Анна
1072473595,2026-08-11T15:49:02Z,Сдаю квартиру,"Сдаю квартиру , на длительный срок ! Молодой семье или паре , без вредных привычек. 
Квартира сдается частично с мебелью , рядом метро петровщина , ма",550.0,1621.4,False,https://re.kufar.by/vi/1072473595,,,61.0,5.5,,1,10,12.0,18.0,,2023.0,30,27.455471,53.874471,"Юрия Семеняко ул, Минск",Анжелика
1074695024,2026-08-11T15:42:42Z,Сдаётся двухкомнатная квартира в Минске,"Сдаётся уютная светлая двухкомнатная квартира на длительный срок по договору со всеми удобствами. Окна выходят на две стороны, имеются две застекленны",600.0,1768.8,False,https://re.kufar.by/vi/1074695024,4.0,280,52.2,28.0,9.3,4,1,9.0,12.0,3,1986.0,24,27.6895,53.934732,"Руссиянова ул, 46, Минск",Виктория
1080623943,2026-08-11T15:37:11Z,Аренда квартиры в Лебяжем,"В долгосрочную аренду стильная двухкомнатная квартира площадью 57 кв.м, в самом  экологичном районе Минска - Лебяжем

Отдельная спальня и кухня-гостин",1000.0,2948.0,False,https://re.kufar.by/vi/1080623943,3.0,,56.9,55.1,,1,10,3.0,13.0,10,2015.0,22,27.467472,53.939767,"Победителей пр, 127, Минск",Оксана
1076940107,2026-08-11T15:36:53Z,Аренда,"Сдается большая (46.7 квадратов), современная квартира в шаговой доступности от станции метро АЭРОДРОМНАЯ! Уютная,современный ремонт, раздельный сануз",550.0,1621.4,False,https://re.kufar.by/vi/1076940107,6.0,,46.0,,10.0,3,5,8.0,19.0,1,2015.0,28,27.557537,53.870962,"Аэродромная ул, 36, Минск",Ivan
1076769237,2026-08-11T15:25:34Z,Квартира в центре у метро,"Квартира в центре у метро. Развитая инфраструктура ( кафе, ресторан, магазин, библиотека, ЦУМ, автостоянка). Договор, регистрация.",800.0,2358.4,False,https://re.kufar.by/vi/1076769237,4.0,,31.0,19.0,9.0,2,10,2.0,5.0,3,1975.0,23,27.589382,53.914494,"Золотая Горка ул, 22, Минск",Светлана
1079505581,2026-08-11T15:17:38Z,Сдам 1 комнатную квартиру,"Сдам на длительный срок 1 - комнатную квартиру по ул. Кунцевщина, 4. 10 этаж.  Метро "" Каменная Горка"" в 3-4 минутах хотьбы. Развитая инфраструктура.",450.0,1326.6,False,https://re.kufar.by/vi/1079505581,,130,35.0,17.0,7.0,3,5,10.0,10.0,1,1988.0,30,27.43703261073221,53.91050720824326,"Кунцевщина ул, 4, Минск",Виталий
1053833973,2026-08-11T15:02:02Z,2-х комнатная квартира аренда от собственника Гвардейская 1,"Аренда от собственника.
Элитная квартира в центре престижного района Минска. Высококлассный дизайнерский ремонт, 2 кондиционера, сантехника Villeroy,",1300.0,3832.4,False,https://re.kufar.by/vi/1053833973,4.0,,75.0,47.0,12.0,1,10,3.0,7.0,,,22,27.530354,53.91321,"Гвардейская ул, 1, Минск",Владимир Васильевич
1079339366,2026-08-11T14:58:26Z,Двухкомнатная ДОЛГОСРОЧНАЯ аренда дом около метро,"Двухкомнатная квартира 
Самый первый дом возле метро Грушевка (100 м).

Просторная квартира с большими раздельными комнатами. 
Обратите внимание на пл",746.27,2200.0,False,https://re.kufar.by/vi/1079339366,4.0,55,64.0,36.0,9.0,1,5,7.0,14.0,2,2013.0,29,27.514966,53.885687,"Щорса ул, 11, Минск",Дмитрий
1080618565,2026-08-11T14:57:34Z,Сдам  1 комн. квартиру возле ст.  метро Уручье,"Сдается 1-комнатная квартира возле ст метро ""Уручье"" До метро 7 мин. пешком. В квартире сделан капитальный ремонт. Лоджия утеплена. Мебель, кухонная м",491.86,1450.0,False,https://re.kufar.by/vi/1080618565,,280,36.0,17.1,7.1,3,1,5.0,9.0,,1991.0,24,27.69665,53.94397,"Стариновская ул, 4, Минск",Виктор Михайлович
1080620340,2026-08-11T14:56:57Z,Трехкомнатная квартира,"Сдам квартиру на длительный срок, подробности в сообщения",1017.64,3000.0,False,https://re.kufar.by/vi/1080620340,3.0,,82.0,68.0,,2,1,3.0,10.0,10,2025.0,23,27.563044,53.962049,"Виталия Цвирко ул, 69, Минск",Юлия
1080615213,2026-08-11T14:54:45Z,Квартира,"Сдаётся 2-ух комнатная квартира в частном секторе.  Чистая, светлая, уютная, без проходных комнат. 12 минут пешком до ст. м. Автозаводская. 
Сдаём на",424.02,1250.0,False,https://re.kufar.by/vi/1080615213,4.0,215,45.1,,,2,1,,1.0,,,26,27.663089,53.871005,"Строителей ул, 34, Минск",Светлана
1079097472,2026-08-11T14:51:55Z,сдам квартиру,"Сдается 2-комн квартира (Евродвушка) в ЖК Минск Мир, в 5 минутах от метро Аэродромная, ТРЦ Авиа Молл.
Сдается только на длительный срок без животных.",576.66,1700.0,False,https://re.kufar.by/vi/1079097472,4.0,170,36.6,29.0,20.0,3,5,23.0,25.0,10,2022.0,28,27.541098,53.868186,"Игоря Лученка ул, 9, Минск",Людмила
1079554087,2026-08-11T14:51:00Z,Сдам 3к на Казинца 66к2,Только без собак!!! Предоплата за 3 месяца!!!,500.0,1474.0,False,https://re.kufar.by/vi/1079554087,,,63.5,,8.2,1,1,2.0,5.0,3,1986.0,22,27.561831,53.902284,Минск,Юра
1076893930,2026-08-11T14:42:50Z,"Минск, Лученка 15","В аренду на ДЛИТЕЛЬНЫЙ срок сдается современная двухкомнатная квартира со свежим ремонтом (первое заселение) в ЖК «Минск-мир» по адресу г.Минск, ул.Иг",678.43,2000.0,True,https://re.kufar.by/vi/1076893930,,170,52.9,45.9,,4,,4.0,25.0,10,2025.0,28,27.544206,53.866927,"Игоря Лученка ул, 15, Минск","ООО ""Группа компаний Эксклюзив"""
1080618807,2026-08-11T14:38:30Z,Абсолютно новая 1-комн. квартира в 5 мин от метро,"С 31/08 сдается абсолютно новая квартира с дизайнерским ремонтом в Минск Мире, в 5ти минутах от метро Аэродромная. 
В квартире никто не жил, есть абсо",542.74,1600.0,False,https://re.kufar.by/vi/1080618807,3.0,170,30.0,,,3,10,8.0,21.0,2,2025.0,28,27.555067538762128,53.864928498729164,"Жореса Алфёрова ул, 1, Минск",Игорь
1079934248,2026-08-11T14:28:01Z,Сдать однокомнатную квартиру,"Сдается стильная квартира в ЖК «Каскад» на ул. Репина, 4Г, Минск
Предлагается в аренду современная, светлая и полностью готовая к проживанию квартира",500.0,1474.0,False,https://re.kufar.by/vi/1079934248,,,42.0,40.0,10.0,1,10,4.0,10.0,4,2014.0,22,27.526446,53.912309,"Репина ул, 4, Минск",Александра
1063504377,2026-08-11T14:15:08Z,1-Квартира в ЖК «Северный Берег»,"В долгосрочную аренду сдается новая квартира в ЖК «Северный Берег», «тихий» дом Parkland4, вторая береговая линия. 

На первом этаже дома находится Кл",850.0,2505.8,False,https://re.kufar.by/vi/1063504377,,,43.0,,,1,,3.0,7.0,,2024.0,23,27.56829,53.962049,"Виталия Цвирко ул, 74, Минск",Ольга
1078483277,2026-08-11T14:13:47Z,Аренда квартиры,"Видовая евродвушка с дизайнерским ремонтом

Тихий центр по ул. Максима Богдановича дом 144.
По-настоящему домашняя уютная теплая квартира - солнечная",750.0,2211.0,False,https://re.kufar.by/vi/1078483277,1.0,220,70.0,,34.0,3,5,25.0,26.0,10,2022.0,23,27.586337,53.939513,"Максима Богдановича ул, 144, Минск",Светлана
1080616675,2026-08-11T14:13:03Z,"Снять 3-комнатную квартиру, г. Минск, ул. Водолажского, 8/а","Сдается просторная 3-комнатная квартира в микрорайоне Военный городок (Великий лес)
Полностью меблированная и оборудованная всем необходимым трехкомна",900.0,2653.2,True,https://re.kufar.by/vi/1080616675,,50,90.0,55.7,14.4,1,5,9.0,9.0,,2012.0,24,27.708256,53.941548,"Водолажского ул, 8А, Минск",ООО Результативная недвижимость
1076392839,2026-08-11T14:07:12Z,"Минск, Независимости 42","На длительный срок от 1 года и более, в аренду предоставим уютную квартиру в сердце Минска, только для опрятных граждан строго без животных, семьям с",1187.25,3500.0,True,https://re.kufar.by/vi/1076392839,,,70.4,47.3,28.0,1,,4.0,6.0,3,1957.0,25,27.577291,53.9098,"Независимости пр, 42, Минск","ООО ""Группа компаний Эксклюзив"""
1080615957,2026-08-11T14:04:11Z,1 комнатная квартира ст.м.Кунцевщина в аренду,"1-комнатная квартира в г. Минске, ул. Бурдейного 19

Сдается уютная и светлая квартира с косметическим ремонтом, расположенная на 5 этаже. До станции",500.0,1474.0,False,https://re.kufar.by/vi/1080615957,2.0,80,34.0,17.0,7.4,3,1,5.0,9.0,,,30,27.450018,53.90353,"Бурдейного ул, 19, Минск",Ангелина
1079548565,2026-08-11T14:03:56Z,Аренда квартиры.,Залог 500 рублей. Коммуналка.,610.58,1800.0,False,https://re.kufar.by/vi/1079548565,,,45.0,,,1,5,5.0,5.0,,,22,27.564355,53.929669,"Каховская ул, 49, Минск",Валерий
1080376448,2026-08-11T14:03:12Z,Сдача квартиры,"Сдается 3-х комнатная квартира на длительный срок. Квартира с хорошей планировкой, зал проходной в одну комнату, во всей квартире сделан качественный",508.82,1500.0,False,https://re.kufar.by/vi/1080376448,4.0,290,62.2,45.6,8.2,3,5,3.0,5.0,4,1971.0,30,27.483974,53.900809,"Одоевского ул, 105, Минск",Сергей
1059440907,2026-08-11T14:01:48Z,"4-к квартира  Казарменный пер., 4","Сдается в аренду просторная 4-комнатная квартира в Минске, расположенная по адресу: ул. Казарменный пер., в Ленинском районе. Это идеальное предложени",1212.0,3572.98,True,https://re.kufar.by/vi/1059440907,,,109.0,66.3,11.7,3,,4.0,9.0,,2002.0,27,27.5727,53.8951,"Казарменный переулок, 4, Минск",ООО ТВОЯ СТОЛИЦА
1080034743,2026-08-11T14:01:20Z,"3-к квартира  Кирилла Туровского ул., 18","Стильная трехкомнатная квартира-студия в одном из самых популярных жилых комплексов «Маяк Минска».  

 В квартире выполнен дизайнерский ремонт. Францу",1300.0,3832.4,True,https://re.kufar.by/vi/1080034743,,325,86.0,78.0,,3,,16.0,19.0,,2017.0,24,27.655,53.9304,"Кирилла Туровского ул, 18, Минск",ООО ТВОЯ СТОЛИЦА
1070256490,2026-08-11T14:00:50Z,"2-к квартира  Сторожовская ул., 6","Сдается превосходная 2-комнатная квартира в аренду в Минске, расположенная в самом сердце престижного Центрального района, по адресу: ул. Сторожевская",1206.27,3556.08,True,https://re.kufar.by/vi/1070256490,,260,56.0,,,3,,12.0,12.0,,2011.0,22,27.5568,53.9103,"Сторожовская ул, 6, Минск",ООО ТВОЯ СТОЛИЦА
1076924038,2026-08-11T14:00:32Z,"3-к квартира  Горецкого ул., 61","Сдается просторная 3-комнатная квартира в аренду в Минске, расположенная по адресу: ул. Горецкого. Это идеальное предложение для долгосрочной аренды в",552.87,1629.87,True,https://re.kufar.by/vi/1076924038,,265,77.5,45.0,12.7,3,,6.0,9.0,,2000.0,30,27.4402,53.8897,"Максима Горецкого ул, 61, Минск",ООО ТВОЯ СТОЛИЦА
1077450666,2026-08-11T13:59:39Z,"4-к квартира  Москвина ул., 6","Четырехкомнатная квартира в малоквартирном доме жилого комплекса «Залаты маентак». Малоэтажный дом повышенной комфортности, территория дома огорожена,",2613.58,7704.84,True,https://re.kufar.by/vi/1077450666,,,175.4,,,2,,4.0,5.0,,2007.0,22,27.5266,53.9137,"Москвина ул, 6, Минск",ООО ТВОЯ СТОЛИЦА
1078268863,2026-08-11T13:58:28Z,"4-к квартира  Ратомская ул., 34","Новая четырехкомнатная квартира в ЖК «Олимпик парк». Дизайнерский ремонт. Современный малоквартирный дом 2018 года постройки, установлено видеонаблюде",2513.06,7408.5,True,https://re.kufar.by/vi/1078268863,,140,128.0,,,3,,5.0,7.0,,2019.0,22,27.4519,53.9394,"Ратомская ул, 34, Минск",ООО ТВОЯ СТОЛИЦА
1079118623,2026-08-11T13:57:42Z,"4-к квартира  Маяковского ул., 99",Просторная четырехкомнатная квартира в Ленинском районе. Общая площадь 100 м.кв. Год постройки дома 2013. Для комфортного проживания квартира полность,904.7,2667.06,True,https://re.kufar.by/vi/1079118623,,,100.0,63.0,,3,,3.0,16.0,,2013.0,27,27.5721,53.8643,"Маяковского ул, 99, Минск",ООО ТВОЯ СТОЛИЦА
1059915801,2026-08-11T13:55:24Z,"3-к квартира  Победителей просп., 27","Трёхкомнатная квартира в ЖК «Славянский квартал. Площадь 82 кв.м. Дом 2012 года постройки. Ремонт выполнен по дизайнерскому проекту, вся мебель импорт",1400.0,4127.2,True,https://re.kufar.by/vi/1059915801,,90,82.0,,,3,,13.0,25.0,,2012.0,22,27.5398,53.9117,"Победителей пр, 27, Минск",ООО ТВОЯ СТОЛИЦА
1077269159,2026-08-11T13:53:57Z,"3-к квартира  Победителей просп., 27","Трёхкомнатная квартира в ЖК «Славянский квартал. Площадь 82 кв.м. Дом 2012 года постройки. Ремонт выполнен по дизайнерскому проекту, вся мебель импорт",1300.0,3832.4,True,https://re.kufar.by/vi/1077269159,,90,82.0,55.0,,1,,13.0,25.0,,2012.0,22,27.5398,53.9121,"Победителей пр, 27, Минск",ООО ТВОЯ СТОЛИЦА
1074277848,2026-08-11T13:53:42Z,"2-к квартира  Немига ул., 10","Вы современны, с хорошим вкусом, и с желанием провести частичку своей жизни в атмосфере стильного комфорта и домашнего уюта? Вам импонирует жить в сер",1470.0,4333.56,True,https://re.kufar.by/vi/1074277848,,,54.0,28.7,6.9,2,,6.0,10.0,,1986.0,22,27.5495,53.9036,"Немига ул, 10, Минск",ООО ТВОЯ СТОЛИЦА
1051518372,2026-08-11T13:53:15Z,"3-к квартира  Немига ул., 14","Трехкомнатная квартира в самом центре г. Минска. Общая площадь 64,6 м. кв.  Для комфортного проживания квартира укомплектована всей необходимой мебель",900.0,2653.2,True,https://re.kufar.by/vi/1051518372,,,64.6,42.2,,3,,4.0,12.0,,1991.0,22,27.5487,53.9029,"Немига ул, 12, Минск",ООО ТВОЯ СТОЛИЦА
1075517573,2026-08-11T13:52:10Z,"2-к квартира  Мястровская ул., 8","Стильная двухкомнатная квартира, притягивающая своим комфортом и уютом. Новый дом (2013 год постройки), видеонаблюдение, рядом детская площадка. Площа",804.18,2370.72,True,https://re.kufar.by/vi/1075517573,,,61.4,38.1,9.3,3,,15.0,22.0,,2013.0,22,27.4758,53.9342,"Мястровская ул, 8, Минск",ООО ТВОЯ СТОЛИЦА
1080614982,2026-08-11T13:51:43Z,Квартира Минск мир на 1 месяц,"С сентября месяца!!!! 
Квартира - студия Минск мир. Братская 11. 
Сдам на месяц, два месяца. С залогом . 
В квартире имеется вся необходимая мебель и",800.0,2358.4,False,https://re.kufar.by/vi/1080614982,,170,30.0,25.0,,3,5,15.0,25.0,10,2023.0,28,27.547898,53.863657,"Братская ул, 11, Минск",Галина
1071446696,2026-08-11T13:51:21Z,"2-к квартира  Победителей просп., 27","Просторная 2-комнатная квартира в Минске с машиноместом в паркинге!!! 

 Ищете идеальную квартиру для аренды в Минске? Представляем вашему вниманию 2-",1407.31,4148.76,True,https://re.kufar.by/vi/1071446696,,90,70.0,,,3,,6.0,24.0,,2012.0,22,27.5398,53.9117,"Победителей пр, 27, Минск",ООО ТВОЯ СТОЛИЦА
1076413873,2026-08-11T13:47:51Z,"4-к квартира  Лукьяновича ул., 2/В","Стильная четырехкомнатная квартира в скандинавском стиле. Площадь 121 кв.м. Квартира находится в новом доме, расположенном в в одном из самых экологич",1507.84,4445.1,True,https://re.kufar.by/vi/1076413873,,,121.0,88.0,,2,,7.0,17.0,,2014.0,23,27.6063,53.9432,"Лукьяновича ул, 2, Минск",ООО ТВОЯ СТОЛИЦА
1077550399,2026-08-11T13:46:25Z,"4-к квартира  Червякова ул., 55","Сдается просторная 4-комнатная квартира в престижном Центральном районе Минска, на улице Червякова. Этот идеальный вариант для комфортного проживания",1357.05,4000.59,True,https://re.kufar.by/vi/1077550399,,,147.4,102.7,43.7,1,,7.0,9.0,,2010.0,22,27.5482,53.9293,"Червякова ул, 55, Минск",ООО ТВОЯ СТОЛИЦА
1057607923,2026-08-11T13:44:17Z,"4-к квартира  Сурганова ул., 27","Сдается просторная 4-комнатная квартира в Минске! Идеальный вариант для комфортного проживания в Советском районе.  

  Расположенная по адресу ул. Су",2000.0,5896.0,True,https://re.kufar.by/vi/1057607923,,,239.0,147.0,,3,,3.0,7.0,,2004.0,23,27.5952,53.9249,"Сурганова ул, 27, Минск",ООО ТВОЯ СТОЛИЦА
1080034744,2026-08-11T13:42:03Z,"3-к квартира  Заславская ул., 35",Сдается просторная 3-комнатная квартира в аренду в Минске! Идеальный вариант для комфортного проживания в престижном Центральном районе. Это отличное,653.4,1926.21,True,https://re.kufar.by/vi/1080034744,,90,68.0,,,3,,8.0,12.0,,1984.0,22,27.5317,53.9115,"Заславская ул, 35, Минск",ООО ТВОЯ СТОЛИЦА
1027966967,2026-08-11T13:40:11Z,"4-к квартира  Чехова ул., 3","Элитная 4-х комнатная квартира 188 кв.м с машиноместом в подземном гараже, кухней 30 кв.м, гостиной 40 кв.м двумя санузлами, роялем Steinway и большой",2000.4,5897.17,True,https://re.kufar.by/vi/1027966967,,,231.6,136.7,28.9,3,,4.0,8.0,,2002.0,22,27.5295,53.9144,"Чехова ул, 3, Минск",ООО ТВОЯ СТОЛИЦА
1074277850,2026-08-11T13:39:19Z,"2-к квартира  Сторожевская ул., 6","Роскошная квартира в центре Минска в престижном доме: контроль доступа, 24-часовая охрана и услуги консьержа, камеры видеонаблюдения, 3 смарт-лифта, c",1800.0,5306.4,True,https://re.kufar.by/vi/1074277850,,260,66.0,50.0,,3,,14.0,16.0,,2012.0,22,27.5568,53.9103,"Сторожовская ул, 6, Минск",ООО ТВОЯ СТОЛИЦА
1027398262,2026-08-11T13:37:17Z,"3-к квартира  Сурганова ул., 38","Ищете комфортное и современное жилье? Предлагаем вам уютную трехкомнатную квартиру-студию в Советском районе — идеальное решение для тех, кто ценит уд",980.0,2889.04,True,https://re.kufar.by/vi/1027398262,,,75.0,27.8,,2,,7.0,7.0,,1972.0,23,27.5934,53.9274,"Сурганова ул, 38, Минск",ООО ТВОЯ СТОЛИЦА
1057850496,2026-08-11T13:36:56Z,"2-к квартира  Богдановича ул., 136","Новая стильная двухкомнатная квартира в современном доме. Дом 2010 г. постройки. 

 Общая площадь 65,8 кв.м. Просторная кухня 13,1 м.кв. 

 Ремонт вып",753.92,2222.55,True,https://re.kufar.by/vi/1057850496,,220,65.0,34.0,13.0,3,,8.0,26.0,,2010.0,23,27.5849,53.9384,"Максима Богдановича ул, 136, Минск",ООО ТВОЯ СТОЛИЦА
1079310578,2026-08-11T13:35:38Z,"3-к квартира  Рокоссовского просп., 80","Сдается просторная и уютная 3-комнатная квартира в Ленинском районе — отличный вариант для комфортной жизни вашей семьи!  

 Квартира расположена на 3",653.4,1926.21,True,https://re.kufar.by/vi/1079310578,,230,95.0,56.0,13.0,3,,3.0,8.0,,2007.0,27,27.6039,53.8631,"Рокоссовского пр, 80, Минск",ООО ТВОЯ СТОЛИЦА
1043363278,2026-08-11T13:35:18Z,"4-к квартира  Привабная ул., 5","Четырехкомнатная квартира общей площадью 176 м2 на улице Привабная, 5 в малоквартирном доме. 

 Месторасположение отличается удачным сочетанием зелено",2600.0,7664.8,True,https://re.kufar.by/vi/1043363278,,165,176.0,,,2,,2.0,4.0,,2005.0,30,27.4699,53.9003,"Привабная ул, 5, Минск",ООО ТВОЯ СТОЛИЦА
1080566257,2026-08-11T13:35:05Z,Квартира,"Идеальное место для жизни и работы в чистом и светлом ЖК Vogue. 

Плюсы :
+ Квартира евродвушка, 45 м.кв. ;
+ Высокие потолки ;
+ Хорошая чистая вода;",800.0,2358.4,False,https://re.kufar.by/vi/1080566257,4.0,,45.0,45.0,37.0,,10,6.0,19.0,10,2019.0,24,27.625522,53.922851,"Макаёнка ул, 12Б, Минск",София
1065272668,2026-08-11T13:34:59Z,"2-к квартира  Сторожовская ул., 6","Двухкомнатная квартира в самом сердце исторического центра Минска. Знаменитый дом «У Троицкого»- повышенный уровень безопасности, огороженная территор",1800.0,5306.4,True,https://re.kufar.by/vi/1065272668,,260,71.0,62.5,,3,,5.0,6.0,,2011.0,22,27.557,53.9102,"Сторожовская ул, 6, Минск",ООО ТВОЯ СТОЛИЦА
1026397415,2026-08-11T13:34:42Z,"4-к квартира  Чехова ул., 3","Ищете стильную и уютную квартиру в престижном районе? Эта элегантная четырехкомнатная квартира, расположенная в Центральном районе, создана для тех, к",2462.8,7260.33,True,https://re.kufar.by/vi/1026397415,,,147.0,,,1,,2.0,7.0,,2002.0,22,27.5295,53.9144,"Чехова ул, 3, Минск",ООО ТВОЯ СТОЛИЦА
1052892510,2026-08-11T13:33:58Z,"2-к квартира  Пионерская ул., 7","Сдается уютная 2-комнатная квартира в Минске, расположенная по адресу: ул. Пионерская, в престижном Центральном районе. Идеальный вариант для комфортн",1000.0,2948.0,True,https://re.kufar.by/vi/1052892510,,195,70.0,,,3,,3.0,5.0,,2008.0,22,27.4878,53.9389,"Пионерская ул, 7, Минск",ООО ТВОЯ СТОЛИЦА
1060027996,2026-08-11T13:33:32Z,"4-к квартира  Независимости просп., 85/б","Сдается просторная 4-комнатная квартира в Минске! Идеальное предложение для тех, кто ищет комфорт и престиж в одном из лучших районов столицы. Квартир",3000.0,8844.0,True,https://re.kufar.by/vi/1060027996,,,158.0,100.0,,3,,3.0,8.0,,2008.0,24,27.6027,53.9233,"Независимости пр, 85, Минск",ООО ТВОЯ СТОЛИЦА
1076245640,2026-08-11T13:33:10Z,"2-к квартира  Коммунистическая ул., 10","Сдается уникальная видовая 2-комнатная квартира в Центральном районе Минска, на улице Коммунистической. Идеальный вариант для тех, кто ищет комфортное",1192.19,3514.59,True,https://re.kufar.by/vi/1076245640,,,65.0,58.0,,3,,6.0,6.0,,1954.0,22,27.569,53.9101,"Коммунистическая ул, 10, Минск",ООО ТВОЯ СТОЛИЦА
1070353894,2026-08-11T13:32:31Z,"3-к квартира  Независимости просп., 22","Сдается просторная 3-комнатная квартира в самом сердце Минска! 

  

 Ищете идеальное жилье в центре столицы? Предлагаем в аренду шикарную 3-комнатную",1909.93,5630.46,True,https://re.kufar.by/vi/1070353894,,,100.0,84.0,7.33,3,,4.0,5.0,,1954.0,27,27.5604,53.9009,"Независимости пр, 22, Минск",ООО ТВОЯ СТОЛИЦА
1072863148,2026-08-11T13:31:47Z,"2-к квартира  Козлова ул., 9","Сдается в аренду просторная 2-комнатная квартира-сталинка в Минске, расположенная по адресу: ул. Козлова. Первое заселение! Идеальное предложение для",1507.84,4445.1,True,https://re.kufar.by/vi/1072863148,,,56.0,,,1,,2.0,5.0,,1958.0,23,27.5834,53.9085,"Козлова ул, 9, Минск",ООО ТВОЯ СТОЛИЦА
1076413874,2026-08-11T13:30:58Z,"4-к квартира  Червякова ул., 50","Сдается современная просторная 4-комнатная квартира в аренду в престижном Центральном районе Минска, по улице Червякова. Этот современный одноподъездн",2010.45,5926.8,True,https://re.kufar.by/vi/1076413874,,,131.0,83.5,11.2,3,,3.0,4.0,,2013.0,22,27.5493,53.9286,"Червякова ул, 50, Минск",ООО ТВОЯ СТОЛИЦА
1080613067,2026-08-11T13:30:36Z,4-ёх комнатная квартира в танхаусе от собственника,"Своя огороженная территория с парковкой, так же рядом с домом всегда свободные парковочные места, обустроенное место отдыха с навесом, BBQ. Тихий Цент",1250.0,3685.0,False,https://re.kufar.by/vi/1080613067,,220,110.0,75.0,,,10,2.0,2.0,3,,23,27.59082,53.939789,"Тиражная ул, 52, Минск",Нелли Григорьевна
1077243102,2026-08-11T13:30:17Z,"2-к квартира  Скрыганова ул., 4/А","Сдается современная уютная 2-комнатная квартира в Минске, Фрунзенский район, по адресу ул. Скрыганова. Идеальный вариант для комфортного проживания!",703.66,2074.38,True,https://re.kufar.by/vi/1077243102,,,62.3,34.8,12.9,3,,6.0,15.0,,2011.0,30,27.5168,53.9102,"Скрыганова ул, 4, Минск",ООО ТВОЯ СТОЛИЦА
1078753597,2026-08-11T13:29:27Z,"2-к квартира  Лосика ул., 57","Первое заселение. Сдается в аренду превосходная 2-комнатная квартира в Минске, расположенная в престижном Фрунзенском районе по ул. Лосика. Эта стильн",653.4,1926.21,True,https://re.kufar.by/vi/1078753597,,320,50.6,,,3,,9.0,12.0,,2024.0,29,27.4422,53.8732,"Московский район, Минск",ООО ТВОЯ СТОЛИЦА
1076667561,2026-08-11T13:29:04Z,"2-к квартира  Виталия Цвирко ул., 96","Сдается в аренду стильная 2-комнатная квартира-студия в престижном ЖК Северный берег, по улице Виталия Цвирко. Идеальный вариант для тех, кто ценит ко",703.66,2074.38,True,https://re.kufar.by/vi/1076667561,,220,43.0,,,2,,1.0,7.0,,2025.0,23,27.5702,53.9656,"Советский район, Минск",ООО ТВОЯ СТОЛИЦА
1077908694,2026-08-11T13:28:47Z,"5-к квартира  Жасминовая ул., 2/д","Сдается в аренду роскошная 5-комнатная двухуровневая квартира в сердце Минска, по адресу: ул.Жасминовая. Это эксклюзивное предложение для тех, кто цен",2814.63,8297.52,True,https://re.kufar.by/vi/1077908694,,,235.2,218.5,,1,,5.0,5.0,,2011.0,25,27.6495,53.9246,"Жасминовая ул, 2, Минск",ООО ТВОЯ СТОЛИЦА
1078130962,2026-08-11T13:28:26Z,"3-к квартира  Жасминовая ул., 3/г","Сдается просторная 3-комнатная квартира в аренду в Минске! 

 Предлагаем снять уютную 3-комнатную квартиру по адресу: ул. Жасминовая, расположенную в",1306.79,3852.42,True,https://re.kufar.by/vi/1078130962,,,83.3,75.2,25.0,1,,6.0,6.0,,2015.0,25,27.6505,53.9255,"Жасминовая ул, 3, Минск",ООО ТВОЯ СТОЛИЦА
1079118621,2026-08-11T13:27:59Z,"1-к квартира  Леонида Щемелёва ул., 30","Сдается в аренду новая (никто не жил), современная квартира в Минске, расположенная по адресу: ул. Леонида Щемелёва.Идеальный вариант для тех, кто ище",552.87,1629.87,True,https://re.kufar.by/vi/1079118621,,170,32.6,25.4,,3,,6.0,25.0,,2025.0,28,27.5545,53.8586,"Леонида Щемелёва ул, 30, Минск",ООО ТВОЯ СТОЛИЦА
1078294706,2026-08-11T13:27:39Z,"4-к квартира  Филимонова ул., 14","Сдается в аренду просторная 4-комнатная квартира в Минске, расположенная в престижном Партизанском районе. Идеальный вариант для комфортной жизни! Ква",1042.42,3073.05,True,https://re.kufar.by/vi/1078294706,,240,100.5,60.8,11.5,1,,2.0,19.0,,2003.0,25,27.6354,53.9108,"Филимонова ул, 14, Минск",ООО ТВОЯ СТОЛИЦА
1078007423,2026-08-11T13:27:20Z,"4-к квартира  Раковская ул., 16/Б","Просторная светлая четырехкомнатная квартира (164 кв.м.), расположенная в одном чудесных домов с характером, построенных в тихом историческом центре М",3015.67,8890.2,True,https://re.kufar.by/vi/1078007423,,,163.5,108.6,20.2,2,,4.0,4.0,,2006.0,22,27.549,53.9049,"Раковская ул, 16, Минск",ООО ТВОЯ СТОЛИЦА
1078692651,2026-08-11T13:26:34Z,"3-к квартира  Логойский тракт, 17/а","Сдается просторная 3-комнатная квартира с парковочным местом в подземном паркинге в Минске, расположенная в Первомайском районе по адресу: Логойский т",954.96,2815.23,True,https://re.kufar.by/vi/1078692651,,100,89.8,50.0,12.7,3,,6.0,10.0,,2010.0,24,27.617,53.9509,"Логойский тракт, Минск",ООО ТВОЯ СТОЛИЦА
1080034742,2026-08-11T13:22:40Z,"2-к квартира  Мястровская ул., 19","Сдается в аренду превосходная 2-комнатная квартира в Минске, расположенная в престижном Центральном районе по адресу ул. Мястровская. Этот вариант иде",1206.27,3556.08,True,https://re.kufar.by/vi/1080034742,,,62.5,45.0,10.0,3,,6.0,8.0,,2019.0,22,27.4678,53.9378,"Мястровская ул, 19, Минск",ООО ТВОЯ СТОЛИЦА
1079831725,2026-08-11T13:18:53Z,"2-к квартира  Кирова ул., 3","Сдается уютная 2-комнатная квартира в аренду в самом сердце Минска, расположенная по адресу: ул. Кирова. Благодаря близости к станции метро «Площадь Л",703.66,2074.38,True,https://re.kufar.by/vi/1079831725,,,59.4,31.8,10.81,1,,4.0,5.0,,1956.0,28,27.5515,53.8928,"Кирова ул, 3, Минск",ООО ТВОЯ СТОЛИЦА
1080143151,2026-08-11T13:09:50Z,"3-к квартира  Червякова ул., 64","Сдается квартира в престижном Центральном районе г. Минска, на улице Червякова.  

  

  Квартира полностью оборудована для вашего удобства. Для хране",854.44,2518.89,True,https://re.kufar.by/vi/1080143151,,,76.9,47.3,10.4,3,,2.0,9.0,,2007.0,22,27.5482,53.9305,"Червякова ул, Минск",ООО ТВОЯ СТОЛИЦА
1079583789,2026-08-11T13:07:13Z,Квартира,"Комфортная 2х комнатная квартира, с евро ремонтом , в удобном тихом центре Минска, рядом парки , магазины, школа и детский сад, кинотеатр, хорошее тра",800.0,2358.4,False,https://re.kufar.by/vi/1079583789,3.0,,71.0,65.0,,2,5,5.0,9.0,10,2014.0,22,27.548267,53.928169,"Червякова ул, 55, Минск",Елена
1080610576,2026-08-11T13:03:20Z,Квартира 2 комнатная в аренду Тимирязева,"Сдается двухкомнатная квартира в долгосрочную аренду, с 5 сентября, сдается  собственником ,расположена в центре города, 24 этаж,квартира удобна для п",1000.0,2948.0,False,https://re.kufar.by/vi/1080610576,,,58.0,32.0,10.0,3,5,24.0,,2,2015.0,22,27.524955,53.913481,"Тимирязева ул, 10, Минск",продавец
1076511995,2026-08-11T12:51:00Z,Сдается в аренду двухкомнатная квартира в Лебяжьем,"Аренда от собственника, без комиссии агентам и дополнительных платежей.
ВАЖНО: Интернет включен в стоимость.
Комфортная 2х комнатная квартира в прести",850.0,2505.8,False,https://re.kufar.by/vi/1076511995,5.0,,56.0,42.0,13.7,1,10,4.0,9.0,4,2018.0,22,27.460833,53.934912,"Камайская ул, 8, Минск",Татьяна
1080607049,2026-08-11T12:50:49Z,"Киселева 17, двухкомнатная студия","РАБОТАЕМ ПО ФАКТУ!

На длительный срок сдается уютное гнездышко в престижном доме в тихом районе Минска. 
В квартире выполнен дизайнерский ремонт по и",1500.0,4422.0,True,https://re.kufar.by/vi/1080607049,,,58.7,50.7,,,,5.0,8.0,4,2016.0,22,27.568829,53.912273,"Киселёва ул, 17, Минск",ООО Центр недвижимости ГАЛАКТИКА
1080607045,2026-08-11T12:50:46Z,"Аренда 3-комнатной квартиры, Скрыганова 4А","Квартира в центре - для семьи ( можно с животными ) 

Квартира находится в центре Минска! Метро Молодежная 5 минут пешком, до НЕМИГИ 17 минут ПЕШКОМ!",1200.0,3537.6,True,https://re.kufar.by/vi/1080607045,,110,94.1,52.6,13.9,3,,2.0,25.0,,2011.0,30,27.517682,53.909808,"Скрыганова ул, 4А, Минск",ООО Центр недвижимости ГАЛАКТИКА
1064906946,2026-08-11T12:49:56Z,Сдается стильная двухуровневая 6-ти комнатная квартира в 100м от универсама ''Рига'',"Сдается на длительный срок стильная двухуровневая квартира в чистом, благоустроенном районе города. Предоплата не менее, чем за 3 месяца.
Полностью го",1249.0,3682.05,True,https://re.kufar.by/vi/1064906946,10.0,,186.7,120.5,33.7,4,5,9.0,10.0,3,2000.0,23,27.589903,53.931207,"Леонида Беды ул, 6, Минск",УП Дианэст
1059105459,2026-08-11T12:47:41Z,"Квартира в центре на долгий срок ул Кирова, д2","Сдам двухкомнатную квартиру, комнаты раздельные. Г Минск, ул Кирова, дом 2. Дом паямятник архитектуры, ворота города. В квартире высокие потолки, 3,2",1000.0,2948.0,False,https://re.kufar.by/vi/1059105459,4.0,,57.0,,,2,5,2.0,5.0,3,,28,27.551887,53.89189,"Кирова ул, 2, Минск",Elena
1080606739,2026-08-11T12:47:29Z,"2-к квартира  Звязда газеты просп., 42","Сдается уютная двухкомнатная квартира в Минске, расположенная в Московском районе по адресу: проспект Звязды Газеты. Это идеальный вариант для тех, кт",482.51,1422.43,True,https://re.kufar.by/vi/1080606739,,320,50.2,29.0,7.8,1,,3.0,9.0,,1991.0,29,27.4601,53.8603,"Газеты Звязда пр, 42, Минск",ООО ТВОЯ СТОЛИЦА
1074586884,2026-08-11T12:42:09Z,Сдам 2х- комнатную квартиру,Сдаётся светлая теплая двухкомнатная квартира. Есть всё необходимое для комфортного проживания. До метро -10-15 минут. Ходят маршрутки и автобусы. Пре,550.0,1621.4,False,https://re.kufar.by/vi/1074586884,5.0,255,58.0,35.0,12.0,3,15,17.0,19.0,1,2025.0,25,27.670531538306587,53.91444732201878,"Карвата ул, 3А, Минск",Наталья
1080605758,2026-08-11T12:41:19Z,Сдается 1комн. квартира в Сухарево.,"Сдам аккуратным людям без домашних
животных однокомнатную квартиру на
длительный срок от собственника по
договору найму . Квартира чистая
светлая,есть",370.0,1090.76,False,https://re.kufar.by/vi/1080605758,,265,37.0,17.0,9.0,3,1,11.0,12.0,1,,30,27.439651,53.889253,"Чайлытко ул, 4, Минск",Ольга
1080605707,2026-08-11T12:38:00Z,Евродвушка 40м2 Цвирко 78,"Сдам евродвушку на второй береговой линии, рядом с Лэйксайд парком. Хороший ремонт, есть вся техника, можно добавить спальные места, если нужно. Дом",900.0,2653.2,False,https://re.kufar.by/vi/1080605707,,,40.0,20.0,10.0,4,5,6.0,7.0,10,2024.0,23,27.56573,53.956105,"Виталия Цвирко ул, Минск",Владимир
1080604006,2026-08-11T12:29:03Z,Сдаю 1 комнатную квартиру в центре Минска,"Сдается для одного человека ,
квартира с характером, наполненная   духом своего времени и современности. 
Квартира для визуалов и любителей комфорта и",505.43,1490.0,False,https://re.kufar.by/vi/1080604006,1.0,120,42.0,23.0,10.0,3,10,4.0,9.0,3,1976.0,23,27.574587,53.92423,"Кульман ул, 15, Минск",elea
1078651444,2026-08-11T12:23:28Z,Сдается 3-к. квартира с большой лоджией,Сдается на длительный срок просторная трехкомнатная квартира от собственника. Сдача квартиры осуществляется официально по договору. Квартира полностью,650.0,1916.2,False,https://re.kufar.by/vi/1078651444,3.0,280,83.0,77.0,,3,,5.0,9.0,,,24,27.693075,53.945168,"Независимости пр, 180, Минск",Виктория
1080602638,2026-08-11T12:20:41Z,Аренда квартиры-студии на длительный срок,Сдается уютная светлая квартира-студия рядом с метро Грушевка(1остановка). Полностью готова для проживания. Оборудована современной кухней с посудомое,650.0,1916.2,False,https://re.kufar.by/vi/1080602638,2.0,55,50.0,40.0,10.0,3,5,12.0,13.0,2,2014.0,29,27.507797,53.882454,"Дзержинского пр, 23, Минск",Александр
1080599798,2026-08-11T12:11:37Z,Квартира в аренду,Сдаю квартиру без отделки под Ваши нужды,250.0,737.0,False,https://re.kufar.by/vi/1080599798,,170,44.0,30.0,8.0,1,20,14.0,,10,2025.0,28,27.541574,53.863487,"Михаила Савицкого ул, Минск",Слава
1069725739,2026-08-11T11:54:44Z,Сдам 2-х комнатную квартиру,Сдается уютная двухкомнатная квартира на 2 этаже 9- этажного дома недалеко от м. Петровщина с хорошим ремонтом на кухне и в санузлах со всем необходим,400.0,1179.2,False,https://re.kufar.by/vi/1069725739,3.0,320,50.0,32.0,7.0,3,1,,,1,1980.0,29,27.483651,53.868839,"Газеты Правда пр, 14, Минск",Ирина
1058303976,2026-08-11T11:54:09Z,Сдаётся конкурсная квартира на длительный срок Макаёнка 12Л,"Сдам 1-комн квартиру с дизайнерским ремонтом. Квартира участвовала в конкурсе на портале Обстановка 
Панорамные окна с видом на Парк Челюскинцев . Ква",800.0,2358.4,False,https://re.kufar.by/vi/1058303976,2.0,,42.0,39.0,,3,10,4.0,25.0,10,2021.0,24,27.624021,53.921785,"Макаёнка ул, 12Л, Минск",Екатерина
1058305156,2026-08-11T11:52:59Z,Сдаётся квартира на длительный срок на Макаёнка,"Сдам 1-комн квартиру с дизайнерским ремонтом. 
Панорамные окна с видом на Парк Челюскинцев . Квартира полностью укомплектована мебелью и бытовой техни",800.0,2358.4,False,https://re.kufar.by/vi/1058305156,2.0,,41.0,37.0,,3,10,7.0,25.0,10,2020.0,24,27.624336,53.923604,"Макаёнка ул, 12Е, Минск",Екатерина
1080598755,2026-08-11T11:52:02Z,Сниму жильё для 6 чел,"Сниму жилье для 6 чел. аг.Ратомка,+ Минск,фрунзенский район.",0.0,0.0,True,https://re.kufar.by/vi/1080598755,6.0,80,50.0,,,,,,,,,30,27.453907,53.906241,"Фрунзенский район, Минск",ИП Троцкая А.В.
1080590108,2026-08-11T11:50:44Z,Квартира 3-х комнатная Сухарево,"Сдается просторная 3-комнатная квартира в микрорайоне Сухарево на долгосрочную аренду. Заезд — с 4 сентября.

Транспортная доступность: до станций мет",550.0,1621.4,False,https://re.kufar.by/vi/1080590108,4.0,265,63.5,37.7,8.7,3,1,3.0,,,,30,27.433992,53.886472,"Сухаревская ул, 21к1, Минск",Яна
1080597843,2026-08-11T11:41:51Z,Аренда квартиры,Трехкомнатная квартира недалеко от центра города. Тамбур на две квартиры. Имеется все необходимое для комфортного проживания. Рядом парковая зона и ка,600.0,1768.8,False,https://re.kufar.by/vi/1080597843,3.0,240,65.7,43.4,7.2,3,1,3.0,9.0,1,1975.0,25,27.625998,53.911068,"2-й переулок Багратиона, 19, Минск",Елена
1080061281,2026-08-11T11:40:27Z,Квартира двух комнатная Район метро михалово,Уютная чистая квартира со всеми удобствами Сдаю парам без животных работающих Без вредных привычек,0.0,0.0,False,https://re.kufar.by/vi/1080061281,3.0,55,43.5,,6.5,1,1,9.0,9.0,3,1970.0,29,27.50124,53.874169,"Железнодорожная ул, 134, Минск",нат
1080596576,2026-08-11T11:30:10Z,"3-комнатная квартира ул.Семеняко, д.14","Сдаётся трёхкомнатная квартира ул.Семеняко, д.14 (рядом зеленая зона «Яблоневый сад»)
Ближайшее  метро Малиновка / Кунцевщина / Каменная горка
Первое",644.17,1899.0,True,https://re.kufar.by/vi/1080596576,,,92.7,50.4,12.1,3,1,3.0,8.0,1,2012.0,30,27.448113,53.875772,"Юрия Семеняко ул, 14, Минск",ООО МИР НЕДВИЖИМОСТИ ПРО
1080357220,2026-08-11T11:27:18Z,2-комнатная квартира. Длительная аренда .,"Полностью готова к проживанию, меблирована. Сантехника grohe, belbagno, техника bosch, Electrolux. Посудомоечная машина, стиральная машина, встроенная",650.0,1916.2,False,https://re.kufar.by/vi/1080357220,2.0,,72.0,58.2,12.4,1,10,7.0,9.0,1,2007.0,29,27.488385,53.879212,"Гурского ул, 44к2, Минск",Инара
1078743944,2026-08-11T11:22:07Z,В 3-х минутах езды от вокзала двухкомнатная квартира. Уютная сталинка рядом с центром,"Жилье в европейском стиле в центре Минска. Главное преимущество - квартира находится в 2 остановках от железнодорожного и авто вокзалов, ст. метро ""Пл",912.48,2690.0,False,https://re.kufar.by/vi/1078743944,4.0,,49.0,35.0,7.0,1,10,3.0,4.0,3,1959.0,27,27.567365,53.882991,"Маяковского ул, 10, Минск",Olga
1079390673,2026-08-11T11:20:43Z,"3-комнатная квартира, Скрыганова 4А Первая сдача","Сдается светлая, просторная и полностью укомплектованная 3-комнатная квартира в Минске.  Ремонт выполнен в современном стиле с использованием качестве",1153.66,3401.0,False,https://re.kufar.by/vi/1079390673,1.0,110,96.0,,,1,10,5.0,10.0,,2010.0,30,27.518065,53.910675,"Скрыганова ул, 4А, Минск",Кристина
1080471688,2026-08-11T11:18:26Z,Двухуровневая 3-комнатная квартира с панорамным видом,"Сдается просторная двухуровневая 3-комнатная квартира площадью 84 м² на 19 этаже современного дома по адресу ул. Чюрлёниса, 26.

Квартира с дизайнерск",1500.0,4422.0,False,https://re.kufar.by/vi/1080471688,3.0,,84.0,,,2,10,19.0,20.0,,,29,27.483202,53.853551,"Чюрлёниса ул, 26, Минск",Юлия
1080292852,2026-08-11T11:17:07Z,Сдается 2-х комнатная квартира 3 мин до метро,"Сдается уютная двухкомнатная квартира на длительный срок. 
Сторона солнечная. 
Дом находится в тихом месте. Рядом водоем Мухля.
Дом удачно расположен.",650.0,1916.2,False,https://re.kufar.by/vi/1080292852,2.0,30,53.8,28.8,17.5,,25,3.0,18.0,2,,29,27.481612,53.851787,"Ежи Гедройца ул, 14, Минск",Татьяна
1080590179,2026-08-11T11:15:14Z,Сдам квартиру,Сдам квартиру на длительный срок по договору.  + коммунальные платежи.,280.0,825.44,False,https://re.kufar.by/vi/1080590179,,310,35.0,17.0,7.0,3,1,6.0,9.0,1,1989.0,26,27.705014,53.842088,"Алеся Бачило ул, 2, Минск",модест
1080593591,2026-08-11T11:05:16Z,Аренда квартиры,"Квартира после косметического ремонта,ранее не сдавалась.Тихий центр.",508.82,1500.0,False,https://re.kufar.by/vi/1080593591,3.0,,49.0,31.0,7.0,3,1,2.0,9.0,3,1985.0,23,27.594727,53.933375,"Восточная ул, 38, Минск",Елена
1078822172,2026-08-11T10:57:29Z,Аренда квартир,"Сдаётся на длительный срок. Уютная светлая квартира в тихом районе города. Просторная кухня со всем необходимым. Высота потолка 2,72м. В санузле прису",750.0,2211.0,False,https://re.kufar.by/vi/1078822172,4.0,,70.0,33.3,15.2,3,5,5.0,17.0,3,2005.0,23,27.560259,53.923026,"Веры Хоружей ул, 34А, Минск",Екатерина
1080591001,2026-08-11T10:46:26Z,Квартира,Новая квартира по договору на длительный срок. Без посредников.,650.0,1916.2,False,https://re.kufar.by/vi/1080591001,,170,43.0,,,1,,25.0,25.0,,2022.0,28,27.531441,53.866099,"Леонида Левина ул, 11, Минск",Миша
1080590141,2026-08-11T10:37:10Z,Сдается 1-комнатная квартира на Юго-Западе. Первая сдача,Сдается однокомнатная квартира от собственника для 1-2 человек/семьи. Дом после капитального ремонта. В квартире сделан свежий ремонт с заменой провод,510.0,1503.48,False,https://re.kufar.by/vi/1080590141,2.0,320,33.1,17.9,7.2,3,5,4.0,9.0,1,1982.0,29,27.465738,53.864437,"Газеты Звязда пр, 22к1, Минск",Полина
1074270842,2026-08-11T10:34:44Z,"Сдам Пентхаус на 25 этаже, потолки 3м и видом на фин центр.","Сдается квартира (первая сдача) с  дизайнерским ремонтом, с видом на фин центр и потолками 3м на 25 этаже, Парню или девушке БЕЗ домашних животных, на",900.0,2653.2,False,https://re.kufar.by/vi/1074270842,2.0,170,40.0,,,,10,25.0,25.0,2,2022.0,28,27.537792,53.864315,"Белградская ул, 9, Минск",Василь
1061915646,2026-08-11T10:28:45Z,Сдам квартиру в г. Минск для командированных,"Предлагаем квартиру для КОМАНДИРОВАННЫХ. Работаем с ЮРЛИЦАМИ.
Предоставляем отчетные документы, возможен наличный и безналичный расчет.

Аренда от 15",0.0,0.0,True,https://re.kufar.by/vi/1061915646,5.0,,65.0,,,,,3.0,9.0,,,23,27.565856,53.935262,"Лили Карастояновой ул, Минск",ООО ШаКоХаус
1080589104,2026-08-11T10:25:34Z,БЕЗ КОМИССИИ ДЛЯ НАНИМАТЕЛЯ.,"Без комиссии для нанимателя!

В стоимость аренды включено машиноместо в подземном паркинге, а сам дом обслуживают личный сантехник и электрик.

3‑комн",1200.0,3537.6,True,https://re.kufar.by/vi/1080589104,,,126.0,,,2,,3.0,7.0,3,2002.0,22,27.529456,53.914266,"Чехова ул, 3, Минск",ООО ''Риэлтерский центр Столицы''
1078701497,2026-08-11T09:49:12Z,Сдается 3х-комнатная квартира,"От собственника сдается уютная просторная квартира в экологически чистом районе с артезианской водой с чистым воздухом желательно семье, без домашних",800.0,2358.4,False,https://re.kufar.by/vi/1078701497,,50,93.7,67.5,,3,10,4.0,9.0,,2012.0,24,27.708256,53.941548,"Водолажского ул, 8А, Минск",Галина Георгиевна
1077670971,2026-08-11T09:47:32Z,Квартира,"Сдается стильная студия с  дизайнерским ремонтом,продуманным эргономичным зонированием,район Минск Мир на долгосрочный период,ПЕРВОЕ заселение,все нов",580.0,1709.84,False,https://re.kufar.by/vi/1077670971,2.0,170,33.0,,,3,10,5.0,25.0,2,2025.0,28,27.554519,53.858612,"Леонида Щемелёва ул, 30, Минск",Анна
1080585743,2026-08-11T09:47:28Z,Уютная квартира в аренду на длительный срок,"Сдается квартира новая с ремонтом, со всеми удобствами для проживания.
Оборудованная современной техникой и новой мебелью
Просторная квартира с большо",700.0,2063.6,False,https://re.kufar.by/vi/1080585743,2.0,170,40.3,36.2,,3,10,17.0,25.0,10,2024.0,28,27.555345,53.860768,"Игоря Лученка ул, 32, Минск",елена
1072512022,2026-08-11T09:47:26Z,"Аренда 2 кв. по просп. Пушкина, 67","Квартира сдаётся только гражданам РБ, не больше двух человек, без животных.

В квартире никто не зарегистрирован, коммунальные платежи 100 %.

2х-комн",440.98,1300.0,True,https://re.kufar.by/vi/1072512022,,205,59.9,37.2,7.7,3,,8.0,12.0,1,1976.0,30,27.493731,53.916248,"Пушкина пр, 67, Минск",Агентство недвижимости ''Юриэлт'' в Минске
1080585349,2026-08-11T09:43:46Z,Аренда 2-комнатной квартиры,"Отличная, теплая квартира в центре города. Интересует долгосрочная аренда (свыше 1 года). Зарегистрировано 2 человека. Только граждане РБ и без животн",593.62,1750.0,False,https://re.kufar.by/vi/1080585349,,,51.0,31.0,8.0,3,5,3.0,9.0,3,1989.0,22,27.535942,53.913995,"Победителей пр, 39, Минск",Марина
1079009973,2026-08-11T09:32:17Z,3- комнатная квартира в самом центре,самый центр.кирпичный дом.сталинка.шикарный вид из окна.потолки 3 м .рядом парк и набережная.,850.0,2505.8,False,https://re.kufar.by/vi/1079009973,6.0,,84.0,47.0,10.6,2,5,5.0,5.0,,1953.0,25,27.573842,53.906952,"Независимости пр, 34, Минск",Вадим
1074587202,2026-08-11T09:23:51Z,"Снять 2-комнатную квартиру, просп. газеты Правда, 9/А","Современная, светлая квартира с хорошим ремонтом и мебелью. Подключен интернет. В прихожей установлен просторный шкаф-купе. Есть полностью оборудованн",650.0,1916.2,False,https://re.kufar.by/vi/1074587202,3.0,320,61.8,28.7,9.9,1,5,8.0,25.0,4,2014.0,29,27.486534,53.869746,"Газеты Правда пр, 9А, Минск",Светлана
1080456104,2026-08-11T09:22:59Z,Просторная студия с новым ремонтом в долгосрочную аренду,"Сдается в аренду в долгосрочную/краткосрочную (от 3 месяцев) аренду просторная квартира-студия (55 кВ.м) с нишей для кровати, отдельной гардеробной ко",550.0,1621.4,False,https://re.kufar.by/vi/1080456104,4.0,220,63.0,55.0,,1,5,6.0,15.0,10,2012.0,23,27.585313,53.937483,"Тургенева ул, 1, Минск",Ольга
1077462915,2026-08-11T09:20:34Z,Светлая и уютная студия в современном микрорайоне Minsk World,"Вашему вниманию представлена светлая и уютная студия в современном микрорайоне Minsk World, готовая к заселению.

Локация:

Адрес: ул. Братская, д. 6,",559.7,1650.0,True,https://re.kufar.by/vi/1077462915,1.0,170,31.6,24.3,,3,,4.0,19.0,10,2018.0,28,27.552929,53.870086,"Братская ул, 6, Минск",ООО ''АН Клевер''
1080582477,2026-08-11T09:19:39Z,Квартира,"Сдаем квартиру долгосрочно. Квартира полностью мебелирована, очень теплая. Оборудована большая система для хранения вещей, грамотное зонирование площа",520.0,1532.96,False,https://re.kufar.by/vi/1080582477,,170,31.0,,,1,,2.0,,,,28,27.552929,53.870086,"Братская ул, 6, Минск",Катерина
1080581798,2026-08-11T09:11:39Z,БЕЗ КОМИССИИ ДЛЯ НАНИМАТЕЛЯ.,"БЕЗ КОМИССИИ ДЛЯ НАНИМАТЕЛЯ!

ЗАСЕЛЕНИЕ С 1 СЕНТЯБРЯ, посмотреть и забронировать по согласованию можно раньше.

2–комнатная квартира в двух остановках",500.0,1474.0,True,https://re.kufar.by/vi/1080581798,,150,63.0,,9.5,3,,18.0,19.0,1,2001.0,29,27.456171,53.847124,"Космонавтов ул, 41, Минск",ООО ''Риэлтерский центр Столицы''
1080581671,2026-08-11T09:10:12Z,Впервые сдается  в аренду комфортная  2-х комнатная  квартира,"Сдам полностью обустроенную, комфортную и очень уютную квартиру на длительный срок. Площадь 59.9 м. кв.

Квартира находится на 8-ом этаже (всего в это",670.0,1975.16,False,https://re.kufar.by/vi/1080581671,4.0,,59.9,33.8,10.3,3,5,8.0,9.0,10,2007.0,30,27.476725,53.907641,"Притыцкого ул, 39, Минск",M.М.
1080581600,2026-08-11T09:09:30Z,Квартира сдается,Сдается трёхкомнатная квартира с очень хорошим ремонтом и мебелью. Только аккуратной женщине. Квартира будет проверяться ежемесячно в день получения д,407.06,1200.0,False,https://re.kufar.by/vi/1080581600,2.0,230,64.0,39.0,10.0,3,,4.0,12.0,1,,27,27.600522,53.860444,"Плеханова ул, 97к3, Минск",валентина
1077727135,2026-08-11T09:09:27Z,Сдаётся 1-комн квартира в Степянке,"Сдаётся 1-комн квартира в Степянке- одном из самых зелёных районов города.
Просмотр квартиры с 11 августа.
Ремонт скромный, но есть все необходимое: к",440.98,1300.0,False,https://re.kufar.by/vi/1077727135,2.0,255,37.8,17.2,9.2,3,1,8.0,9.0,1,2010.0,25,27.675549646582457,53.913320836974655,"Связистов ул, 8, Минск",Людмила
1078686586,2026-08-11T09:08:10Z,Сдается теплая и уютная 2-х комнатная квартира,В спальном районе сдается теплая 2-х комнатная квартира порядочным и аккуратным людям. Рядом метро Пушкинская. В шаговой доступности парк 60-летия Вел,610.58,1800.0,False,https://re.kufar.by/vi/1078686586,4.0,205,48.0,32.0,7.0,1,5,3.0,5.0,1,,30,27.490882,53.919346,"Данилы Сердича ул, 56, Минск",Анастасия
1080581427,2026-08-11T09:07:31Z,Сдам,"Однокомнатная квартира. Мебель, бытовая техника. 400 + коммунальные платежи",400.0,1179.2,False,https://re.kufar.by/vi/1080581427,,15,30.0,30.0,,3,1,2.0,9.0,1,,28,27.548455,53.8778,"Воронянского ул, Минск",Олег
1070746787,2026-08-11T09:06:45Z,Сдам 1-комнатную квартиру-студию на длительный срок,"Очень светлая приятная квартира. Летом не жарко, зимой тепло.
   Прописан собственник, низкая коммуналка. 
Сдам на длительный срок парню, девушке, пар",508.82,1500.0,False,https://re.kufar.by/vi/1070746787,2.0,170,31.3,24.2,,3,5,23.0,25.0,,2023.0,28,27.554429,53.862855,"Игоря Лученка ул, 29, Минск",Алексей
1080581289,2026-08-11T09:05:59Z,Сдача квартиры,"Уютная квартира в самом центре Минска — пр-т Независимости, 43

Идеальный вариант для тех, кто ценит центр, комфорт и приватность. Квартира расположен",800.0,2358.4,False,https://re.kufar.by/vi/1080581289,2.0,,59.12,32.54,6.59,2,1,2.0,,3,1950.0,23,27.579348,53.913073,"Независимости пр, 43, Минск",Нина
1080075015,2026-08-11T09:05:05Z,Комфортная квартира со всеми удобствами,"Сдается на длительный срок (не менее чем на 1год) стильная евро 2-х комнатная квартира в новом доме по адресу: ул. Братская 11 на 22 этаже.
Квартира с",650.0,1916.2,False,https://re.kufar.by/vi/1080075015,2.0,170,43.0,,,3,,22.0,25.0,,,28,27.547898,53.863657,"Братская ул, 11, Минск",пользователь
1080580997,2026-08-11T09:02:58Z,3-комнатная квартира - СДАЕТСЯ,"Сдается 3-комнатная квартира на длительный срок. Одноподъездный кирпичный дом расположен вдалеке от дорог, в зеленых дворах. В шаговой доступности вся",814.11,2400.0,False,https://re.kufar.by/vi/1080580997,,,68.0,,10.5,3,1,,13.0,3,1994.0,28,27.544736,53.880347,"Воронянского ул, 13к5, Минск",Ирина
1074495746,2026-08-11T09:00:32Z,2 комнатная квартира,"Сдам теплую уютную двухкомнатную квартиру на длительный срок.
Отличная инфраструктура. Метро Петровщина 12 мин.",491.86,1450.0,False,https://re.kufar.by/vi/1074495746,2.0,320,50.0,32.0,7.0,3,5,9.0,9.0,1,1984.0,29,27.471047,53.868393,"Газеты Звязда пр, 10к2, Минск",Наталья
1080574315,2026-08-11T08:54:44Z,3-ех комнатная квартира,Сдается на длительный срок 3-ех комнатная квартира с потрясающим видом. Есть все для комфортного проживания . Агенства просьба не беспокоить!!!,1017.64,3000.0,False,https://re.kufar.by/vi/1080574315,,,89.0,56.0,11.0,3,5,12.0,17.0,,2013.0,27,27.579546,53.874493,"Денисовская ул, 51, Минск",Алеся
1080576814,2026-08-11T08:52:49Z,Квартира в аренду (Слободсккая 21),"Сдается аккуратная квартира от собственника, первое заселение.
Есть все необходимое для комфортной жизни (двухспальный диван, холодильник, стиральная",450.0,1326.6,False,https://re.kufar.by/vi/1080576814,2.0,150,40.0,30.0,9.0,1,5,3.0,9.0,1,1995.0,29,27.430345,53.860019,"Слободская ул, 21, Минск",Николай
1080575083,2026-08-11T08:48:57Z,2к квартира в Минске,"Двухкомнатная квартира в центре Минска с тихим и уютным двором. В пешей доступности комсамольское озеро, 25 минут пешком до галереи минск, много зелен",550.0,1621.4,False,https://re.kufar.by/vi/1080575083,5.0,,44.0,27.4,5.7,1,1,5.0,5.0,1,1967.0,22,27.551069,53.92379,"Червякова ул, 14, Минск",Павел
1057499768,2026-08-11T08:46:41Z,Видовая квартира в ЖК Лазурит,В аренду на длительный срок предлагается стильная и функциональная трехкомнатная квартира в ЖК Лазурит !!! Квартира с максимально продуманной планиров,1000.0,2948.0,False,https://re.kufar.by/vi/1057499768,3.0,,56.0,46.0,,3,5,16.0,30.0,1,2017.0,22,27.477237,53.936587,"Победителей пр, 115, Минск",Екатерина
1071758490,2026-08-11T08:38:58Z,Сдается 1-комнатная квартира,"Сдается 1-комнатная квартира по ул.Лобанка («Красный Бор») с мебелью. Кухня, холодильник, печь СВЧ, шкаф-купе в коридоре, застекленная лоджия, стираль",407.06,1200.0,False,https://re.kufar.by/vi/1071758490,1.0,125,41.0,17.0,9.0,3,1,8.0,9.0,4,1999.0,30,27.430084,53.898894,"Лобанка ул, 30, Минск",Ирина
1069566701,2026-08-11T08:38:22Z,Квартира в Парке Челюскинцев,"Сдается евродвушка в ЖК Vogue (Парк Челюскинцев) c надежной бытовой техникой  BOSH (посудомоечная и стиральная машина, пылесос), MOUNFELD (многофункци",1017.64,3000.0,False,https://re.kufar.by/vi/1069566701,4.0,,48.9,46.4,,3,5,5.0,25.0,10,2020.0,24,27.624129,53.922379,"Макаёнка ул, 12К, Минск",Инесса
1080573723,2026-08-11T08:36:01Z,4-ех комнатная квартира,Сдается на длительный срок 4-ех комнатная квартира в тихом центре с парковкой под шлагбаумом. Есть все для комфортного проживания! Агенства просьба не,1017.64,3000.0,False,https://re.kufar.by/vi/1080573723,,,120.0,76.0,12.0,4,5,15.0,17.0,,2005.0,23,27.565245,53.925953,"Кропоткина ул, 110, Минск",Алеся
1078114496,2026-08-11T08:35:47Z,Сдается 2-х комнатная Захарова 64 пл.Победы.,"Сдается 2-х комнатная квартира рядом с пл. Победы на длительный срок. Чистая,аккуратная. Из спальных мест-диван. Тихий центр. Все в шаговой доступност",420.0,1238.16,True,https://re.kufar.by/vi/1078114496,,200,50.0,,,3,1,,,,,25,27.585196,53.897005,"Захарова ул, 64, Минск",ООО Альфа-риэлт
1077054246,2026-08-11T08:28:43Z,Сдаётся однокомнатная квартира на месяц.,"Сдаётся большая, уютная однокомнатная квартира на месяц, при необходимости можно продлить. Имеется всё необходимое для комфортного отдыха и проживания",949.8,2800.0,False,https://re.kufar.by/vi/1077054246,2.0,325,48.0,42.0,,3,5,4.0,20.0,2,2018.0,24,27.65195,53.931573,"Петра Мстиславца ул, 18, Минск",Виктория
1080573013,2026-08-11T08:27:24Z,В долгосрочную аренду 2 комн. квартира в Маяке Минска,В долгосрочную аренду ( от 1 года) сдается 2 комнатная квартира ( отдельно выделенная спальня +кухня-гостиная) . Окна выходят на бульвар. Отделка выпо,814.11,2400.0,False,https://re.kufar.by/vi/1080573013,1.0,325,48.0,,,3,10,17.0,20.0,,,24,27.65195,53.931573,"Петра Мстиславца ул, 18, Минск",Светлана
1080572051,2026-08-11T08:24:39Z,Квартира 2к от собственника Метро рядом,"СДАЕТСЯ С 1 СЕНТЯБРЯ 2026
Сдается с КОНДИЦИОНЕРОМ 2-комнатная квартира по ул.Жуковского, 10/1, рядом метро Ковальская слобода (2 минуты), ЖД Вокзал (2",630.0,1857.24,False,https://re.kufar.by/vi/1080572051,,,47.0,29.0,7.2,3,10,5.0,9.0,1,,28,27.549228,53.88014,"Жуковского ул, 10к1, Минск",Алена
1080572720,2026-08-11T08:23:57Z,1-комнатная квартира,"Сдается на длительный срок (от 10 месяцев)
гражданам РБ без животных и вредных привычек
уютная квартира в Минске.

Квартира аккуратная, чистая, светла",440.98,1300.0,False,https://re.kufar.by/vi/1080572720,3.0,100,33.0,17.2,,1,,2.0,5.0,1,1963.0,24,27.619826,53.951325,"Логойский тракт, 30к2, Минск",Фёдор
1080342582,2026-08-11T08:23:00Z,1-комнатнаая Квартира. Малиновка.,"1 комнатная квартира. Со всей необходимой мебелью и техникой для проживания. Ремонт, стеклопакеты, ламинат. Хорошее транспортное сообщение. Рядом детс",424.02,1250.0,False,https://re.kufar.by/vi/1080342582,2.0,150,39.0,18.0,9.0,3,5,7.0,12.0,4,1999.0,29,27.434441,53.856052,"Рафиева ул, 109, Минск",Инна
1070658090,2026-08-11T08:19:03Z,"Новая евродвушка на бульваре Пикассо в Маяк Минска на 15 этаже, с панорамным видом на город  водоем","Аренда апартаментов  центре ЖК ""Маяк Минска"", 3 мин. метро Восток, Дана Мол, без посредников, низкая коммуналка, свободна с 2 сентября. 
Современный и",700.0,2063.6,False,https://re.kufar.by/vi/1070658090,4.0,325,47.8,42.2,,3,10,15.0,20.0,2,2019.0,24,27.651932,53.93091,"Петра Мстиславца ул, 8, Минск",Светлана
1080572060,2026-08-11T08:18:08Z,"2-комнатная квартира с дизайнерским ремонтом, в Минск мире, современной мебелью, кухней, бытовой тех","2-комнатная квартира с дизайнерским ремонтом, в Минск мире, современной мебелью, кухней, бытовой техникой, отличным видом из окна! На длительный срок,",699.0,2060.65,False,https://re.kufar.by/vi/1080572060,2.0,170,48.0,25.0,,,,16.0,25.0,,,28,27.536418,53.865,"Михаила Савицкого ул, 22, Минск",Юрий
1080571400,2026-08-11T08:11:36Z,1-к квартира,Не агентство! 1 к. просторная уютная очень теплая квартира полностью готовая к проживанию. Есть вся мебель и современная бытовая техника (2 больших ди,525.78,1550.0,False,https://re.kufar.by/vi/1080571400,4.0,105,49.0,18.0,12.0,1,5,8.0,16.0,10,2016.0,30,27.432357,53.92626,"Нёманская ул, 80, Минск",Ольга
1080004165,2026-08-11T08:11:33Z,Сдается 2-ч комнатная квартира,"Сдаётся уютная 2-комнатная квартира на длительный срок по ул. Филимонова, в пешей доступности от метро «Московская» (10 минут) и Национальной библиоте",600.0,1768.8,False,https://re.kufar.by/vi/1080004165,5.0,,52.0,52.0,11.0,1,1,2.0,10.0,3,2000.0,24,27.635771,53.922581,"Филимонова ул, 43, Минск",Елена
1080570998,2026-08-11T08:08:04Z,"Снять 2-комнатную квартиру, г. Минск, ул. Короля, 20","Сдается просторная 2х-комнатную квартиру в пешей доступности от метро.

 Метро Фрунзенская — 2 минуты неторопливым шагом. Рядом парк, любимые кофейни",542.74,1600.0,True,https://re.kufar.by/vi/1080570998,,,45.2,26.2,6.7,1,,5.0,9.0,3,1970.0,29,27.539858,53.903663,"Короля ул, 20, Минск","ООО ""Резалт Недвижимость"""
1080045340,2026-08-11T08:02:11Z,Просторная 4-комнатная квартира с панорамным видом,"Сдаётся современная и светлая 4-комнатная квартира площадью 71 м² для тех, кто ценит комфорт, пространство и вдохновляющие пейзажи.
Главные преимущест",1100.0,3242.8,False,https://re.kufar.by/vi/1080045340,4.0,170,71.0,66.0,24.0,4,5,23.0,,10,2021.0,28,27.534325,53.863179,"Лейтенанта Кижеватова ул, 3Д, Минск",Михаил
1056900599,2026-08-11T08:01:28Z,Сдам квартиру в Минске,"Сдам квартиру на длительный срок, г. Минск ул. Тимирязева 10.",508.82,1500.0,False,https://re.kufar.by/vi/1056900599,2.0,,55.0,,,3,5,18.0,25.0,2,,22,27.485232,53.929961,"Тимирязева ул, Минск",Людмила
1080568458,2026-08-11T07:56:32Z,Сдается 3х комнатная квартира на длительный срок,"Сдаётся уютная большая 3х-комнатная квартира для комфортной жизни на длительный срок.
Квартира светлая, аккуратная, теплая и полностью укомплектована",850.0,2505.8,False,https://re.kufar.by/vi/1080568458,7.0,30,95.4,89.7,12.0,4,10,7.0,9.0,,2010.0,29,27.481207,53.848776,"Яна Чечота ул, Минск",Анастасия
1080566639,2026-08-11T07:48:59Z,"Сдам евро 2 к,Минина 6",Сдается на длительный срок.  По договору + залог! Полностью готова к проживанию.,678.43,2000.0,False,https://re.kufar.by/vi/1080566639,4.0,,52.0,30.0,15.0,3,5,20.0,21.0,2,2025.0,29,27.511265,53.875406,"Кузьмы Минина ул, 6, Минск",Светлана
1080566915,2026-08-11T07:47:48Z,Квартира Минск-Мир в недолгую аренду с 17.09,"Комфортная, просторная, уютная и светлая квартира. Сдается с 17 СЕНТЯБРЯ на срок по договоренности (недели, месяц, 2-3 месяца), для одного-двух челове",850.0,2505.8,False,https://re.kufar.by/vi/1080566915,3.0,170,40.0,25.0,15.0,1,10,9.0,25.0,,2024.0,28,27.5371,53.868754,"Игоря Лученка ул, 8, Минск",Евгения
1072540251,2026-08-11T07:46:16Z,"Сдам Новую 1-комнатную квартиру,Минск,Братская 3",Сдается впервые! Новая квартира-студия Минск-Мир ул. Братская 3( Дом Тель-Авив).Полностью готова к комфортной жизни.Заселение по официальному договору,600.0,1768.8,False,https://re.kufar.by/vi/1072540251,2.0,170,29.0,26.0,,3,10,13.0,14.0,2,2025.0,28,27.55159,53.86611,"Братская ул, 3, Минск",Ольга
1078831559,2026-08-11T07:44:21Z,2-к. квартира у метро Спортивная. Первая сдача.,"Впервые предлагается в аренду уютная и ухоженная 2-комнатная квартира, в которой ранее проживал только собственник. Квартира подготовлена к комфортном",700.0,2063.6,False,https://re.kufar.by/vi/1078831559,4.0,80,61.1,31.2,13.0,3,5,2.0,9.0,1,2004.0,30,27.477327,53.90683,"Притыцкого ул, 41, Минск",Ольга
1080566078,2026-08-11T07:36:59Z,Сдаётся 1 комн квартира,Сдаётся 1комн квартира- студия в микрорайоне Лебяжий,400.0,1179.2,False,https://re.kufar.by/vi/1080566078,1.0,,40.0,20.0,9.0,1,1,4.0,9.0,1,,22,27.47244,53.936439,"Мястровская ул, 11, Минск",Ольга сенюта
1080565991,2026-08-11T07:35:54Z,Сдам уютную однокомнатную квартиру на длительный срок,"Сдам уютную квартиру с мебелью на длительный срок гражданам РБ (паре, семье, одному человеку), без животных. Комната 20 кв., кухня 11 кв., лоджия 4 кв",500.0,1474.0,False,https://re.kufar.by/vi/1080565991,,30,44.0,20.0,11.0,3,,1.0,9.0,1,,29,27.48566218408865,53.84660940301597,"Яна Чечота ул, 44, Минск",Андрей
1080565549,2026-08-11T07:32:52Z,"Снять 3-комнатную квартиру, г. Минск, ул. Городецкая, 38","Сдаётся светлая и просторная 3х-комнатная квартира в тихом, зелёном районе. Вам не придётся тратить время на пробки: метро Уручье — всего 10 минут спо",678.43,2000.0,True,https://re.kufar.by/vi/1080565549,,280,70.4,41.5,10.1,3,,3.0,5.0,3,1996.0,24,27.675315,53.945677,"Городецкая ул, 38, Минск","ООО ""Резалт Недвижимость"""
1080565451,2026-08-11T07:31:44Z,"1комн квартира сдается ул.Рафиева 78,Малиновка","Сдаётся квартира в Малиновке ул.Рафиева 78.
Срок аренды длительный.
Квартира с мебелью 
Холодильник , стиральная машина .
Без животных.
Просмотры с 20",373.13,1100.0,True,https://re.kufar.by/vi/1080565451,,150,37.0,,,1,1,,,,,29,27.438582,53.861272,"Рафиева ул, 78, Минск",ООО Альфа-риэлт
1080561642,2026-08-11T07:13:37Z,Сдаю 1 ком. Кв-ру 7/17 дома,Сдаю однокомнатную квартиру 7/17 дома длительный срок,500.0,1474.0,False,https://re.kufar.by/vi/1080561642,,55,43.0,,,1,10,,,2,2021.0,29,27.518056,53.8848,"Папанина ул, 11, Минск",Леонид
1080017656,2026-08-11T07:11:05Z,"Аренда 3-х комнатной квартиры по ул. Глебки,126","Сдается на длительный срок 3х комнатная квартира, есть вся необходимая мебель и техника. Свежий косметический ремонт. 
Без комиссии агентству!
Прописа",610.58,1800.0,True,https://re.kufar.by/vi/1080017656,3.0,160,71.5,58.0,,4,,2.0,9.0,1,,30,27.483067,53.927899,"Петра Глебки ул, 126, Минск",ООО Своя гавань
1080561318,2026-08-11T07:08:41Z,Сдаю двухкомнатную квартиру,Сдаю двухкомнатную квартиру на длительный срок. В квартире есть мебель и техника для жизни комфортной. Развитая инфраструктура рядом с домом - Комаров,450.0,1326.6,False,https://re.kufar.by/vi/1080561318,4.0,120,48.0,25.0,7.0,1,5,4.0,9.0,1,,23,27.580381,53.923371,"Куйбышева ул, 44, Минск",Ксения
1080001936,2026-08-11T06:59:49Z,Сдаю 2-х комнатную квартиру,"Квартира после ремонта, новые: пол Торкрет, окраска стен акрилом, потолок в кухне, газовая плита, пластиковые окна. Удобное расположение, пешком 10 ми",450.0,1326.6,False,https://re.kufar.by/vi/1080001936,4.0,120,49.0,28.0,7.0,3,1,6.0,9.0,1,1980.0,23,27.575539,53.925672,"Кульман ул, 28, Минск",Сергей
1078911049,2026-08-11T06:51:17Z,Сдам студию МинскМир,"Сдам квартиру с ремонтом и необходимой техникой в удобной локации( 10мин Метро Аэродромная).
Квартира свободна с 25.08.26.
Звоните !
Этаж не высокий,в",450.0,1326.6,False,https://re.kufar.by/vi/1078911049,1.0,170,32.0,21.0,,3,1,9.0,13.0,10,2025.0,28,27.541574,53.863487,"Михаила Савицкого ул, Минск",Женя
1080559526,2026-08-11T06:46:48Z,сдам квартиру,"Сдам новую просторную трехкомнатную квартиру. Первое заселение. Мебель, техника, парковка, удобные подьездные пути",900.0,2653.2,False,https://re.kufar.by/vi/1080559526,,145,100.0,60.0,18.0,4,5,1.0,10.0,1,2026.0,27,27.594548,53.838571,"Виктора Турова ул, 5, Минск",Татьяна
1080557660,2026-08-11T06:27:24Z,Сдам квартиру на длительный срок,"Аккуратная после ремонта, теплая, уютная 2хкомнатная квартира. 10 мин пешком метро Неморшанский сад. Вся необходимая мебель, вместительный шкаф, удобн",600.0,1768.8,False,https://re.kufar.by/vi/1080557660,4.0,235,50.0,31.0,7.5,3,5,2.0,5.0,3,1977.0,28,27.551321,53.853375,"Асаналиева ул, 20к1, Минск",Павел
1080557468,2026-08-11T06:24:17Z,Сдам квартиру,"1 минута до станции метро Михалово, развитая инфраструктура, удобное расположение",346.1,1020.3,False,https://re.kufar.by/vi/1080557468,3.0,55,44.0,26.0,6.0,1,,2.0,5.0,4,,29,27.49929,53.877985,"Пермская ул, 48, Минск",Вера
1075997641,2026-08-11T06:12:52Z,Недвижимость,"Сдается 2-комнатная квартира на 4 этаже 9-этажного дома. Состояние отличное. Хороший ремонт. Все чисто, аккуратно, комфортно. В квартире имеется все н",508.82,1500.0,False,https://re.kufar.by/vi/1075997641,4.0,,57.0,55.0,9.5,3,5,4.0,9.0,1,2007.0,30,27.455003593917095,53.87917516999374,"Максима Горецкого ул, 7к2, Минск",Ольга
1079574368,2026-08-11T06:09:47Z,Аренда долгосрочная,"Сдается квартира студентам или паре ,не иностранцам,обязательное условие-спокойным.",373.13,1100.0,False,https://re.kufar.by/vi/1079574368,2.0,100,35.0,25.0,5.0,2,1,2.0,2.0,3,1959.0,23,27.612757019730058,53.95153073929422,"Крамского ул, 3, Минск",Марина
1080555246,2026-08-11T05:58:18Z,3-ехк. квартира Минск-Мир долгосрочную аренду,"Сдается на длительный срок по договору просторная 3-ех комнатная квартира в Минск-Мире. Предпочтительно семьям без животных. Коммунальные небольшие, п",650.0,1916.2,False,https://re.kufar.by/vi/1080555246,6.0,170,67.0,,,3,5,5.0,20.0,10,2017.0,28,27.555094,53.871275,"Аэродромная ул, 32, Минск",Татьяна
1078882653,2026-08-11T05:48:52Z,Квартира,Сдается квартира с 1.08 на длительный срок. Квартира находится в престижном районе «Лебяжий» евроремонт укомплектована необходимой техникой. Всегда св,850.0,2505.8,True,https://re.kufar.by/vi/1078882653,2.0,,66.0,,,3,5,7.0,9.0,2,2023.0,22,27.467786,53.937764,"Мястровская ул, 19, Минск",ИП Зимонова Алла Леонидовна
1080532547,2026-08-11T05:35:15Z,Квартира студия 32 кв.м.,Сдаётся светлая и полностью готовая к проживанию квартира 32 кв. м. на 8 этаже. Сдается с 21 августа официально по договору на длительный срок не мене,491.86,1450.0,False,https://re.kufar.by/vi/1080532547,4.0,170,32.0,,,3,,8.0,,,2023.0,28,27.554383889072625,53.86283149117942,"Игоря Лученка ул, 29, Минск",Ольга
1080532111,2026-08-11T05:34:18Z,Сдаётся 3-комнатная квартира в центре Минска,"Сдаётся трёхкомнатная квартира-студия в историческом доме в самом сердце Минска по улице Московская, дом 8. Дом - «Сталинка» 1932 года постройки, с вы",850.0,2505.8,False,https://re.kufar.by/vi/1080532111,,,46.0,30.0,6.0,1,1,3.0,4.0,3,1950.0,29,27.53967,53.890691,"Московская ул, 8, Минск",Дарья Муранова
1080527923,2026-08-11T05:24:57Z,Двухкомнатная квартира на длительный срок,"Готова к сдаче двухкомнатная квартира на длительный срок от собственника, по ул.Павловского 48 (микрорайон Сосны). 
В наличии всё необходимое: Стираль",407.06,1200.0,False,https://re.kufar.by/vi/1080527923,2.0,250,48.0,,9.0,1,,3.0,5.0,1,1982.0,26,27.753756,53.832168,"Павловского ул, 48, Минск",Алексей
1080535882,2026-08-11T05:23:30Z,Квартира в долгосрочную аренду,Сдам в аренду студию. Тихий район. Неподалеку Цнянское водохранилище. Минимальный срок аренды 6 месяцев.,550.0,1621.4,False,https://re.kufar.by/vi/1080535882,,,42.0,,,1,,7.0,9.0,10,,23,27.6025274600062,53.94572896495598,"Олешева ул, 5, Минск",Татьяна
1080526195,2026-08-11T05:12:48Z,Сдаю уютную квартиру по отличной цене,"Сдаю квартиру на длительный срок. Не сдаю людям с животными, детьми, иностранцам.
В квартире новый ремонт, много места для хранения, 2 встроенных шкаф",474.9,1400.0,False,https://re.kufar.by/vi/1080526195,2.0,105,45.0,18.0,9.3,3,10,14.0,19.0,1,2017.0,30,27.437001,53.922188,"Колесникова ул, 17, Минск",Виктория
1080530012,2026-08-11T05:08:42Z,Двухкомнатная квартира в Каменной горке,"Просьба иностранных граждан не беспокоить.

Пишите кратко информацию о себе с номером телефона пожалуйста.Обязательно отвечу.

Сдается двухкомнатная к",500.0,1474.0,False,https://re.kufar.by/vi/1080530012,,105,101.0,,,4,1,4.0,9.0,,2013.0,30,27.433444,53.926976,"Налибокская ул, Минск",Olga
1080529198,2026-08-11T05:05:05Z,Сдается однокомнатная квартира для семьи по улице скрипникова.,"Сдается однокомнатная квартира для семьи.

Приемущества: 
-Дом строился по польскому проекту, каркасно-блочная технология (очень теплый) что позволяет",500.0,1474.0,False,https://re.kufar.by/vi/1080529198,4.0,,50.0,50.0,15.0,3,5,16.0,16.0,2,2010.0,30,27.420158,53.891418,"Скрипникова ул, 15, Минск",Егор
1080529075,2026-08-11T05:04:40Z,1к Квартира в долгосрочную аренду,"Просторная квартира (43м), чистая, светлая, есть все необходимое для проживания, а также дополнительное место для своей необходимой мебели.
Удобное ра",474.9,1400.0,False,https://re.kufar.by/vi/1080529075,2.0,145,43.0,18.0,9.0,3,,18.0,,,,27,27.571569,53.839049,"Янки Лучины ул, 18, Минск",Дарья
1080534557,2026-08-11T05:01:00Z,Сдам квартиру,"Сдам квартиру в хорошем районе на длительный период. Квартира светлая, оборудованная всей необходимой техникой и мебелью. Сдается без животных!",1200.0,3537.6,False,https://re.kufar.by/vi/1080534557,,,100.0,65.0,,3,10,20.0,21.0,,2015.0,29,27.4788,53.855967,"Дзержинского пр, 115, Минск",Иван
1079960850,2026-08-11T04:30:28Z,Долгосрочная аренда 3-к квартиры Центральный р-н,"Сдается 3-к квартира в престижном Центральном районе г. Минска, на улице Червякова.
Квартира полностью оборудована для вашего удобства. Для хранения в",850.0,2505.8,False,https://re.kufar.by/vi/1079960850,6.0,,78.0,47.0,10.0,1,5,2.0,9.0,1,2007.0,22,27.548617,53.930788,"Червякова ул, 64, Минск",Продавец
1079593684,2026-08-10T21:18:42Z,Сдается VIP3-комнат. с сауной и панорамным видом,"Хотите после работы попариться в собственной сауне, не выходя из дома? Это ваш вариант! Квартира новая, с отличным видом из окна – встречайте рассветы",888.0,2617.82,False,https://re.kufar.by/vi/1079593684,,220,77.0,48.0,17.0,3,5,14.0,26.0,10,2023.0,23,27.586337,53.939513,"Максима Богдановича ул, 144, Минск",Татьяна
1079192903,2026-08-10T20:56:46Z,1-комн квартира Зеленый луг,"Уютная 1-к. квартира у леса — идеальный баланс природы и комфорта!

Сдается на длительный срок светлая, теплая и по-домашнему уютная 1-комнатная кварт",430.0,1267.64,False,https://re.kufar.by/vi/1079192903,4.0,100,33.0,,,3,5,6.0,9.0,,,23,27.603297,53.959802,"Мирошниченко ул, 7, Минск",Андрей
1080524405,2026-08-10T20:05:23Z,квартира,"Евро квартира с выделенной спальней, свежий ремонт, все новое.",700.0,2063.6,False,https://re.kufar.by/vi/1080524405,4.0,170,39.3,35.5,,3,5,11.0,14.0,2,2025.0,28,27.55159,53.86611,"Братская ул, 3, Минск",Татьяна
1080524368,2026-08-10T20:03:50Z,Сдам 4-комнатную квартиру на длительный срок,"сдам на длительный срок 4-хкомнатную квартиру (зал, спальня, кабинет, детская), просторная кухня, в квартире 2 санузла, ванная, 2 балкона (один с клад",900.0,2653.2,False,https://re.kufar.by/vi/1080524368,,,120.0,100.0,10.0,4,10,3.0,9.0,3,,23,27.603405,53.941681,"Восточная ул, 66, Минск",Игорь
1080524218,2026-08-10T20:03:06Z,Долгосрочная аренда квартиры,"Сдается квартира от собственника на длительный срок аккуратному человеку/паре, без детей и домашних животных. Район Минск мир, ул. Игоря Лученка, 13.",450.0,1326.6,False,https://re.kufar.by/vi/1080524218,1.0,170,32.0,24.0,,3,5,14.0,25.0,2,2021.0,28,27.543371,53.867278,"Игоря Лученка ул, 13, Минск",Виктория
1065448146,2026-08-10T19:35:44Z,"Сдается 4-х комнатная квартира, со всеми условиями для проживания","Иностранцам не беспокоить !!!! 
В квартире есть все, для того тобы заехать и жить! 2 двухспальные кровати, 1 диван для 2-ух человек, 1 диван для 1. В",700.0,2063.6,False,https://re.kufar.by/vi/1065448146,7.0,150,78.0,,9.0,4,1,5.0,12.0,1,,29,27.434441,53.864761,"Сергея Есенина ул, 123, Минск",Вероника
1080523113,2026-08-10T19:32:13Z,"сдам квартиру, на длительный срок","без животных, на длительный срок",407.06,1200.0,False,https://re.kufar.by/vi/1080523113,,100,45.0,,,2,,1.0,5.0,,,24,27.622081,53.949651,"Калиновского ул, 17, Минск",Павел
1080522631,2026-08-10T19:31:26Z,"Квартира в доме Сантьяго Минск-мир, 38 кв. м.","Сдается светлая евро двухкомнатная квартира, ЖК Минск-Мир (Сантьяго), 20 этаж.

Панорамный вид на весь город, очень солнечно.
Особенности:
•Два удобны",600.0,1768.8,False,https://re.kufar.by/vi/1080522631,4.0,170,38.0,,,3,,20.0,21.0,2,2025.0,28,27.554546,53.864315,"Жореса Алфёрова ул, 3, Минск",Ирина
1080522234,2026-08-10T19:30:40Z,Сдаются 3-х комнатная квартира в Лошице (на длительный срок),"Квартира сдается семье на длительный срок (от 1 года). 
В комнатах мебели нет, все как на фото. Есть кладовка. 
Все подробности по телефону.
Сдается с",550.0,1621.4,False,https://re.kufar.by/vi/1080522234,,145,78.8,46.4,10.4,3,,4.0,9.0,,,27,27.562505,53.849254,"Каруся Каганца ул, 4, Минск",Анастасия
1034782012,2026-08-10T18:39:24Z,"1 комн., этаж 4 из 7","Сдается стильная евро-двухкомнатная квартира в уникальном месте в лучшем жилом комплексе Северный берег! Перспективное место для успешных людей!

Квар",850.0,2505.8,False,https://re.kufar.by/vi/1034782012,4.0,,40.0,,,1,10,4.0,7.0,2,2024.0,23,27.56740077223165,53.96190024121146,"Виталия Цвирко ул, 76, Минск",Гага
1080518165,2026-08-10T18:19:12Z,Сдается 2-х комнатная квартира,"Теплая уютная квартира. Расположена по улице Леси Украинки д.12 к.1. Этаж 9 из 10, есть лифт. Полностью меблированная, микроволновка, стиральная машин",440.98,1300.0,False,https://re.kufar.by/vi/1080518165,2.0,40,50.0,32.0,7.2,3,1,9.0,10.0,1,1986.0,22,27.498284,53.930359,"Леси Украинки ул, 12к1, Минск",Андрей
1080513829,2026-08-10T18:17:40Z,Сдается студия,"Сдаётся новая квартира студия,укомплектованная всей техникой и мебелью. Минск мир,ул. Белградская.Одному человеку без вредных привычек и животных. 900",305.29,900.0,False,https://re.kufar.by/vi/1080513829,,170,29.0,20.0,8.0,3,5,15.0,20.0,1,2021.0,28,27.537954,53.864294,"Белградская ул, 9, Минск",Виталий
1080517972,2026-08-10T18:16:31Z,Квартира 1-комнатаня в Минске на длительный срок,Сдается однокомнатная квартира на длительный срок (от 6 месяцев) от собсвенника по договору с 01 сентября 2026 г. Полностью укомплектована для прожива,500.0,1474.0,False,https://re.kufar.by/vi/1080517972,1.0,,40.0,31.0,9.0,3,5,15.0,22.0,,2013.0,22,27.475754,53.933598,"Мястровская ул, 6, Минск",Ольга
1080517774,2026-08-10T18:13:43Z,Сдаётся евродвушка в ЖК «Минск-Мир»,"Сдаётся уютная евродвушка – квартира, в которую можно заехать и сразу чувствовать себя дома. Здесь нет ощущения временного жилья: всё необходимое для",670.0,1975.16,False,https://re.kufar.by/vi/1080517774,4.0,170,38.0,23.8,,1,5,10.0,25.0,2,2020.0,28,27.529761,53.867883,"Михаила Савицкого ул, 10, Минск",Елена
1080515790,2026-08-10T17:50:55Z,Сдать 2-х комнатную квартиру,Уютная квартира для семейной пары с ребенком.,508.82,1500.0,False,https://re.kufar.by/vi/1080515790,2.0,290,64.0,36.0,9.0,2,5,1.0,5.0,1,1985.0,30,27.495419,53.895917,"Пушкина пр, 5, Минск",Сергей
1065364011,2026-08-10T17:15:37Z,2-х комнатная квартира в аренду,"Сдаётся просторная 2-х комнатная квартира 68 м.кв. (кухня совмещена с гостиной, спальня изолирована). Свежий ремонт, полностью меблирована. Сдаётся до",700.0,2063.6,False,https://re.kufar.by/vi/1065364011,4.0,,68.0,47.9,,3,5,10.0,20.0,2,2017.0,22,27.549318,53.930072,"Червякова ул, 62, Минск",ольга
1080512909,2026-08-10T17:15:21Z,Аренда 2х комнатной квартиры,"Сдается по договору аренды на длительный срок с 16.09 (не менее чем на 1год) по ул.Жореса Алфёрова 14 . 
Квартира с качественным ремонтом, полностью г",650.0,1916.2,False,https://re.kufar.by/vi/1080512909,2.0,170,45.0,45.0,8.0,3,5,5.0,24.0,2,2024.0,28,27.549686,53.861671,"Жореса Алфёрова ул, 14, Минск",Наталья
1080512745,2026-08-10T17:13:25Z,2х комнатная Квартира в аренду,"Долгосрочная аренда1-3года, после ремонта, мебель частичо, рядом школа, парк, паркинг, сеть магазинов, тихий район, аренда  + коммунальные услуги( ник",500.0,1474.0,False,https://re.kufar.by/vi/1080512745,4.0,230,52.0,33.0,7.5,3,1,6.0,9.0,1,1981.0,27,27.587424,53.86338,"Якубова ул, 66к1, Минск",Алена
1068086455,2026-08-10T17:11:57Z,Квартира,Сдается однакомнатная квартира в центре Минска . В квартире все имеется для комфортного проживания. Постельное предоставляется по запросу. В шаговой д,650.0,1916.2,False,https://re.kufar.by/vi/1068086455,2.0,,37.0,20.0,9.0,3,1,9.0,9.0,3,,24,27.59815,53.927634,"Чернышевского ул, 11, Минск",анжела
1080512200,2026-08-10T17:06:25Z,Сдам уютную евродвушку,"Cдам современную и стильную евродвушку на 12 этаже на длительный срок. Просторная, укомплектована мебелью и техникой. Есть гардеробная. Отдельная спал",600.0,1768.8,False,https://re.kufar.by/vi/1080512200,,170,41.0,,,1,10,12.0,24.0,,,28,27.556127,53.860232,"Леонида Щемелёва ул, 18, Минск",Екатерина
1080511779,2026-08-10T17:01:33Z,Сдается 3х комнатная квартира на длительный срок,"Сдается 3х комнатная квартира с 1го сентября на длительный срок. Можно семье, паре или студентам(только 2 человека), только гражданам РБ. Рядом есть м",500.0,1474.0,False,https://re.kufar.by/vi/1080511779,2.0,150,62.4,34.5,10.0,3,1,7.0,9.0,3,1999.0,29,27.438394,53.858952,"Рафиева ул, 93к4, Минск",Григорий
1079582801,2026-08-10T16:54:36Z,Сдам 2-ух комн квартиру от собственника ДОЛГОСРОК,"Сдается от собственника на длительный срок 2ух комнатная квартира с современным ремонтом ,по улице Гинтовта д26 

В квартире есть всё для комфортного",644.5,1900.0,False,https://re.kufar.by/vi/1079582801,4.0,280,50.0,30.0,7.0,1,10,4.0,9.0,1,2000.0,24,27.67395,53.949375,"Гинтовта ул, 26, Минск",Александр
1076645134,2026-08-10T16:53:15Z,Сдам квартиру на длительный срок,Квартира сдаётся на длительный срок по договору гражданам РБ!!!. 1000 руб в месяц+квартплата. В квартире никто не прописан . Все вопросы по телефону :,0.0,0.0,False,https://re.kufar.by/vi/1076645134,2.0,,33.0,,,3,,3.0,9.0,,,24,27.626231,53.919283,"Макаёнка ул, 13А, Минск",Марина
1080508276,2026-08-10T16:48:16Z,"Аренда 3-комнатной квартиры, Червякова 61","Сдаётся на длительный срок 3-комнатная квартира.
Площадь квартиры 120 метров.
Полная комплектация , в том числе кондиционер, посудомоечная машина.",1255.09,3700.0,True,https://re.kufar.by/vi/1080508276,,,119.3,69.4,16.4,3,,6.0,9.0,4,2008.0,22,27.546551,53.930614,"Червякова ул, 61, Минск",ООО Центр недвижимости ГАЛАКТИКА
1080508029,2026-08-10T16:45:13Z,"3-к квартира  Олешева ул., 1","Сдается в аренду просторная 3-комнатная квартира в Минске, расположенная в престижном Советском районе по ул. Олешева. Есть машиноместо в крытом парки",1005.22,2963.4,True,https://re.kufar.by/vi/1080508029,,,94.1,56.1,10.0,3,,9.0,17.0,,2009.0,23,27.6067,53.9448,"Олешева ул, 1, Минск",ООО ТВОЯ СТОЛИЦА
1075235739,2026-08-10T16:37:26Z,Квартира,"Сдается с 30 августа. Просмотр возможен 29 августа. Квартира в отличном состоянии! Также в вашем распоряжение МЕСТО НА ПАРКИНГЕ рядом с домом, на само",542.74,1600.0,False,https://re.kufar.by/vi/1075235739,3.0,170,33.0,,,3,,11.0,25.0,,,28,27.555094,53.86251,"Игоря Лученка ул, 31, Минск",Частное
1058724192,2026-08-10T16:27:46Z,VIP 2-комн. квартира с панорамным видом с 24 этажа. 2 санузла + подземный паркинг,"Сдается шикарная 2-комнатная квартира на 24 этаже (из 26) каркасно-блочного дома (2015 г. постройки). Квартира уровня VIP: продуманная планировка, два",777.0,2290.6,True,https://re.kufar.by/vi/1058724192,6.0,220,69.0,40.0,16.0,3,5,24.0,26.0,10,2013.0,23,27.584882,53.938501,"Максима Богдановича ул, 136, Минск",ИП Король Серей Александрович
1080497380,2026-08-10T16:11:55Z,Сдается двухкомнатная квартира на длительный срок,"Сдаю аккуратную двухкомнатную квартиру для комфортного проживания на длительный срок. Аренда на прямую (без комиссии), с заключение договора. 
Квартир",400.0,1179.2,False,https://re.kufar.by/vi/1080497380,,230,45.0,,,1,,5.0,5.0,4,,27,27.610672,53.862345,"Плеханова ул, 81, Минск",Елена
1080502375,2026-08-10T16:10:11Z,"Снять 1-комнатную квартиру, г. Минск, ул. Кнорина , 8б","Сдаётся по договору гражданам РБ, без животных и детей, не студентам. 1-комн. квартира с ремонтом на 4 этаже, металлическая дверь.
 Комната: новый лам",399.93,1179.0,False,https://re.kufar.by/vi/1080502375,1.0,,30.3,19.6,5.6,2,1,4.0,5.0,1,1963.0,24,27.613565,53.931657,"Кнорина ул, 8Б, Минск",Алексей
1078167124,2026-08-10T15:55:12Z,Сдается 2 кв. м Каменная горка. Ул. Люцинская. 1,"Сдается 2 ком. квартира во Фрунзенском районе . Станция метро Каменна горка 10 мин. Новый дом. Большая парковка,детская площадка.Окна выходятна обе ст",525.78,1550.0,False,https://re.kufar.by/vi/1078167124,2.0,105,60.0,32.0,11.0,3,5,5.0,8.0,1,2018.0,30,27.442553,53.931551,"Люцинская ул, 1, Минск",Марина
1080493797,2026-08-10T15:51:27Z,Двухкомнатная квартира в аренду,"Сдается в аренду светлая и уютная квартира-студия с отличной локацией. 
Квартира полностью укомплектована для комфортного проживания.
Сдача на длитель",600.0,1768.8,False,https://re.kufar.by/vi/1080493797,2.0,,44.0,30.0,,1,10,9.0,9.0,3,1968.0,24,27.598833,53.904013,"Козлова ул, 35, Минск",Bella
1078501087,2026-08-10T15:49:37Z,Сдам 2-ухкомн. кв-ру,"Сдам двухкомнатную квартиру для двух человек с договором на полгода (с возможным продлением). 

Заселение возможно с 20 августа. 

От 25 лет, работающ",550.0,1621.4,False,https://re.kufar.by/vi/1078501087,2.0,320,46.6,28.4,7.2,1,,6.0,9.0,,1980.0,29,27.473859,53.86337,"Голубева ул, 13, Минск",Анастасия
1080497394,2026-08-10T15:47:25Z,"Просторная 3-комнатная квартира с кухней-столовой, гардеробной и балконом 11 м²","Сдаётся просторная 3-комнатная квартира с очень удачной планировкой для семьи.

Три отдельные комнаты + большая кухня-столовая создают ощущение полноц",1153.66,3401.0,False,https://re.kufar.by/vi/1080497394,6.0,325,90.9,,,1,,9.0,10.0,,2016.0,24,27.653899,53.930184,"Кирилла Туровского ул, 26, Минск",Марьяна
1080498485,2026-08-10T15:25:26Z,Сдаётся 1-комнатная квартира в центре Минска,"Сдаётся на длительный срок красивая, светлая , просторная 1-комнатная квартира в центре Минска по адресу ул. Лили Карастояновой, 5А. В квартире выполн",500.0,1474.0,False,https://re.kufar.by/vi/1080498485,2.0,,43.0,18.0,9.0,1,10,18.0,19.0,,,22,27.564796,53.931143,"Лили Карастояновой ул, 5А, Минск",Имя
1080497145,2026-08-10T15:23:10Z,Сдаётся двухкомнатная квартира,Сдаётся двухкомнатная квартира,550.0,1621.4,False,https://re.kufar.by/vi/1080497145,,80,55.0,,9.0,4,1,3.0,9.0,1,1985.0,30,27.457635,53.900607,"Якубовского ул, 27, Минск",павел
1080498032,2026-08-10T15:20:12Z,"Просторная 1 комн. квартира 42 кв.м. после ремонта, комплекс Минск-Мир","Сдается квартира от собственника для длительного проживания аккуратному человеку или паре. Квартира большая, чистая, свежий ремонт.

Развитая инфрастр",474.9,1400.0,False,https://re.kufar.by/vi/1080498032,,,45.0,18.0,10.0,1,,7.0,19.0,1,2012.0,28,27.559469,53.870851,"Аэродромная ул, 40, Минск",Яна
1080496770,2026-08-10T15:04:38Z,"2 комн., 76,8 м2, этаж 9 из 20","Сдается уютная квартира на долгий срок. Без домашних животных. В квартире есть всё-необходимая крупная бытовая техника, посуда, постельное белье и т.д",900.0,2653.2,False,https://re.kufar.by/vi/1080496770,2.0,15,76.8,48.0,16.0,1,10,9.0,20.0,2,2014.0,28,27.545455,53.876526,"Радищева ул, 3, Минск",Екатерина
1080495789,2026-08-10T14:52:22Z,Сдается 1-квартира,Только гражданам РБ! Сдается уютная однокомнатная квартира в 10 минутах пешком от ст.м Парк Челюскинцев или 1-2 остановки на транспорте. Сдается на дл,450.0,1326.6,False,https://re.kufar.by/vi/1080495789,,,40.6,17.1,9.5,3,,6.0,6.0,1,2006.0,24,27.60372728020556,53.9304773193913,"переулок Калинина, 5А, Минск",Оксана
1080495716,2026-08-10T14:51:21Z,Сдача в аренду квартиры,"Сдается двухкомнатная квартира на длительный срок-гражданам РБ. В квартире есть все для проживания:мебель, бытовая техника (холодильник, плита, СВЧ, с",407.06,1200.0,False,https://re.kufar.by/vi/1080495716,,305,40.6,,,1,1,5.0,5.0,,,26,27.632825,53.840791,"Ташкентская ул, 16к2, Минск",Алеся
1080494730,2026-08-10T14:39:05Z,Сдается 3 комнатная квартира,"Сдается трехкомнатная квартира на ул.Сурганова 88 (Советский район). В шаговой доступности живописный парк, ТЦ Рига, ТЦ Европа, детские садики и школы",750.0,2211.0,False,https://re.kufar.by/vi/1080494730,6.0,,88.0,60.0,12.0,3,1,2.0,9.0,,2002.0,23,27.578369,53.931949,"Сурганова ул, 88, Минск",Роман
1080494189,2026-08-10T14:35:32Z,Аренда квартиры,Сдаваться будет  с 25 августа.Предоплата за 1 месяц. В квартире только унитаз и отделка,300.0,884.4,False,https://re.kufar.by/vi/1080494189,,,83.0,83.0,83.0,1,22,8.0,19.0,2,2026.0,29,27.437163,53.872236,"Маршала Лосика ул, 49, Минск",Екатерина
1080234146,2026-08-10T14:22:56Z,Квартира в аренду,"Здравствуйте) 
С 7-го сентября 2026 года, сдам в долгосрочную аренду однокомнатную квартиру, официально по договору, по адресу: г.Минск, ул.Асаналиева",434.19,1280.0,False,https://re.kufar.by/vi/1080234146,2.0,235,38.0,,,1,1,5.0,9.0,,,28,27.5462,53.846901,"Асаналиева ул, 13к3, Минск",Николай
1070609217,2026-08-10T14:20:42Z,Сдам квартиру,С  конца июля сдам картиру на длительный срок.,373.13,1100.0,False,https://re.kufar.by/vi/1070609217,1.0,135,30.0,12.0,8.0,3,1,1.0,9.0,1,,28,27.50561422755823,53.84884047619519,"Казинца ул, 84, Минск",Роман
1080493042,2026-08-10T14:17:59Z,Аренда квартиры,"Квартира в жк Левада, две комнаты студия, санузел совмещен, есть бойлер, душевая кабина, стиральная и сушильная машины, квартира полностью укомплектов",1153.66,3401.0,False,https://re.kufar.by/vi/1080493042,4.0,,62.4,41.2,,3,10,2.0,7.0,4,2021.0,22,27.532833,53.932368,"Нововиленская ул, 31, Минск",Татьяна
1080489078,2026-08-10T14:05:13Z,Сдается уютная 3-х комнатная квартира в Минске,"Сдаётся светлая и уютная 3-комнатная квартира в Ленинском районе Минска! Есть вся, необходимая для жизни, мебель, техника, посуда, полотенца, постель",610.58,1800.0,False,https://re.kufar.by/vi/1080489078,,230,79.0,47.0,9.5,3,5,4.0,19.0,,,27,27.61193,53.856647,"Рокоссовского пр, 123А, Минск",Ольга
1079920422,2026-08-10T13:39:54Z,Аренда Квартиры,"С 14 августа .  Сдается 3-х комнатная квартира, 2 отдельные спальни, комфортна для проживания 2х человек. Без домашних животных! Шаговая доступность -",749.0,2208.05,False,https://re.kufar.by/vi/1079920422,,,55.0,,,1,,,,3,,28,27.531639,53.877805,"Брилевская ул, 10, Минск",Віталій
1080489415,2026-08-10T13:34:03Z,"Сдаётся впервые: просторная 2-комнатная квартира 65 м², окна во двор  пр-т Дзержинского 11","Сдаётся впервые: просторная 2-комнатная квартира 65 м², окна во двор — пр-т Дзержинского 11, 5 минуты до метро «Грушевка»

Квартира сдаётся впервые —",790.37,2330.0,False,https://re.kufar.by/vi/1080489415,2.0,55,65.0,35.0,10.0,3,5,7.0,16.0,10,2014.0,29,27.520796,53.888223,"Дзержинского пр, 11, Минск",Егор
1080488985,2026-08-10T13:27:29Z,квартира,Уютная и теплая квартира с  адекватной хозяйкой в поиске таких же арендаторов. .В квартире никто не зарегистрирован. Только сделан косметический ремон,457.94,1350.0,False,https://re.kufar.by/vi/1080488985,,,47.0,,6.0,1,1,5.0,5.0,,,29,27.523446,53.892394,"Коржа ул, 2, Минск",Алла
1080488323,2026-08-10T13:19:51Z,Однокомнатная квартира Северный Берег,"Светлая, уютная, современная однокомнатная квартира в престижном районе ""Северный берег"". Отдельная спальня. Первое заселение. Вся необходимая техника",644.5,1900.0,False,https://re.kufar.by/vi/1080488323,1.0,,42.0,36.0,10.0,2,10,1.0,7.0,,2025.0,23,27.567158,53.963542,"Виталия Цвирко ул, 84, Минск",Пользователь 1
1080483193,2026-08-10T12:49:05Z,"3-комнатная квартира Минск, Кижеватова, 7/2","Сдается в долгосрочную аренду по договору, просторная трехкомнатная квартира у метро ""Неморшанский сад"". Развитая инфраструктура, в ""двух шагах"" метро",763.23,2250.0,True,https://re.kufar.by/vi/1080483193,,235,81.6,50.1,9.6,3,,5.0,13.0,3,1998.0,28,27.538358,53.851644,"Лейтенанта Кижеватова ул, 7к2, Минск",ТАА Уласны Дах Эстэйт
1080483171,2026-08-10T12:48:50Z,"Аренда 2-комнатной квартиры, Беды 38","Сдаётся 2-комнатная квартира.
Полностью укомплектована, заезжай и живи.
Ремонт делали для себя.",700.0,2063.6,True,https://re.kufar.by/vi/1080483171,,,57.1,33.9,9.1,3,,8.0,10.0,3,2004.0,23,27.596058,53.939262,"Леонида Беды ул, 38, Минск",ООО Центр недвижимости ГАЛАКТИКА
1080483170,2026-08-10T12:48:49Z,"Аренда 2-комнатной квартиры, Скрыганова 2","Сдается 2-комнатная квартира на длительный срок в ЖК ""Каскад"". В квартире выполнен качественный ремонт. Квартира расположена на втором этаже, просторн",700.0,2063.6,True,https://re.kufar.by/vi/1080483170,,110,66.5,39.7,13.2,3,,2.0,10.0,,,30,27.516735,53.908978,"Скрыганова ул, 2, Минск",ООО Центр недвижимости ГАЛАКТИКА
1080483163,2026-08-10T12:48:48Z,"Аренда 1-комнатной квартиры, Аэродромная 26А","Сдаётся с 16 сентября !
1-к квартиру от двух месяцев и более в Минск-Мире,32м.кв, ул. Аэродромная д.26А на 16 этаже  из 25 с дизайнерским ремонтом. До",600.0,1768.8,True,https://re.kufar.by/vi/1080483163,,170,28.9,24.5,,3,,16.0,25.0,2,2023.0,28,27.546299,53.871403,"Аэродромная ул, 26А, Минск",ООО Центр недвижимости ГАЛАКТИКА
1080483164,2026-08-10T12:48:48Z,"Аренда 2-комнатной квартиры, Ильянская 12","Комфортабельная квартира в отличной локации и доме. Улучшенная планировка, 2 этаж. Тихий двор, развитая инфраструктура.
без животных, без детей, гражд",700.0,2063.6,True,https://re.kufar.by/vi/1080483164,,,41.9,37.6,,,,2.0,10.0,,2022.0,22,27.469271,53.934383,"Ильянская ул, 12Нк11, Минск",ООО Центр недвижимости ГАЛАКТИКА
1080482872,2026-08-10T12:45:30Z,"2-к квартира  Беды ул., 8","Сдается светлая и просторная 2-комнатная квартира в Минске по ул. Беды, в Советском районе. Этот вариант подойдёт для тех, кто ценит комфорт и живёт в",603.13,1778.04,True,https://re.kufar.by/vi/1080482872,,,66.1,35.4,10.1,1,,6.0,10.0,,1999.0,23,27.5901,53.932,"Леонида Беды ул, 8А, Минск",ООО ТВОЯ СТОЛИЦА
1067430028,2026-08-10T12:38:11Z,Сдается квартира для большой семьи МЕТРО АЭРОДРОМНАЯ,"Сдаётся трёхкомнатная квартира с дизайнерским ремонтом ул. Игоря Лученка, д. 15 СРАЗУ У МЕТРО АЭРОДРОМНАЯ
Общая площадь 60 м.кв., 2025 год постройки.",1200.0,3537.6,False,https://re.kufar.by/vi/1067430028,6.0,170,60.0,,,4,10,20.0,25.0,2,2025.0,28,27.544071,53.86697,"Игоря Лученка ул, 15, Минск",Александр
1080479830,2026-08-10T12:24:29Z,Квартира,"Квартира рядом с метро. Магазины, музыкальная, общеобразовательная школа, детский сад. Можно семье с детьми. Гражданам РБ, РФ, Украины.",650.0,1916.2,False,https://re.kufar.by/vi/1080479830,,235,63.4,43.0,7.0,3,,8.0,9.0,1,1980.0,28,27.550252,53.851251,"Асаналиева ул, 5, Минск",Татьяна
1080476977,2026-08-10T12:12:24Z,Аренда 3-х комнатной квартиры,"Сдается светлая, просторная и полностью укомплектованная 3-х комнатная квартира в Минске. Есть абсолютно вся необходимая мебель и бытовая техника. Бол",610.58,1800.0,False,https://re.kufar.by/vi/1080476977,6.0,145,80.0,50.0,10.0,1,1,5.0,9.0,1,2007.0,27,27.568218,53.841896,"Иосифа Гошкевича ул, 6, Минск",Юлия
1080476868,2026-08-10T12:11:08Z,Сдаётся евротрешка,"Сдается стильная, уютная квартира в ЖК Минск Мир,евротрешка, на длительный срок. Первая сдача. Укомплектована всей необходимой мебелью и техникой (инд",800.0,2358.4,False,https://re.kufar.by/vi/1080476868,,170,60.0,,,3,5,18.0,25.0,,2025.0,28,27.555318,53.865499,"Николы Теслы ул, 28, Минск",Сергей
1080475909,2026-08-10T12:00:39Z,Двухкомнатная квартира на Мстиславца 5,"Сдается 2-комнатная квартира по адресу: ул. Мстиславца, 5.
9 из 10 этаж. 
Арендная плата -  в месяц.
Есть залог в месячном размере.
Рассмотрим арендат",680.0,2004.64,False,https://re.kufar.by/vi/1080475909,2.0,325,58.9,30.7,10.7,3,5,9.0,10.0,,,24,27.652513384899326,53.929173028795795,"Петра Мстиславца ул, 5, Минск",Владислав
1077091600,2026-08-10T11:57:45Z,Долгосрочная аренда квартиры,"Сдаётся 2- комнатная квартира в самом центре города с 1 сентября.Предпочтительно студентам из Китая,( регистрация).Рядом метро площадь Я.Коласа и метр",600.0,1768.8,False,https://re.kufar.by/vi/1077091600,4.0,,49.1,29.0,6.2,2,1,4.0,,3,1957.0,23,27.578639,53.913953,"Красная ул, 18, Минск",Наталья
1080475540,2026-08-10T11:56:29Z,"Аренда 2 кв. по ул.Ржавецкая,д.3","Двухкомнатная квартира по адресу: ул. Ржавецкая, дом 3.

Общая площадь квартиры - 64,8 кв. м. Комнаты раздельные, две полноценные спальни. Квартира по",700.0,2063.6,True,https://re.kufar.by/vi/1080475540,,210,64.8,33.1,,3,,8.0,20.0,10,,22,27.462334,53.936211,"Ржавецкая ул, 3, Минск",Агентство недвижимости ''Юриэлт'' в Минске
1080475541,2026-08-10T11:56:29Z,"Аренда 1 кв. по ул. П. Мстиславца, д.24","С 14.09 актуальна квартира-студия по адресу: ул. Петра Мстиславца, дом 24!

СМОТРЕТЬ можно уже СЕЙЧАС!!! Квартира полностью укомплектована всей необхо",570.0,1680.36,True,https://re.kufar.by/vi/1080475541,,325,44.8,40.5,,,,5.0,11.0,10,,24,27.655094,53.933479,"Петра Мстиславца ул, 24, Минск",Агентство недвижимости ''Юриэлт'' в Минске
1080475531,2026-08-10T11:56:23Z,"Евротрешка 60,3 м возле метро","Сдается новая уютная светлая трёхкомнатная квартира на 12 этаже, с отличной локацией, до ст. метро Аэродромная 1мин. На длительный срок для семьи, пар",966.76,2850.0,False,https://re.kufar.by/vi/1080475531,3.0,170,60.3,,,4,5,12.0,19.0,,2021.0,28,27.544664,53.868578,"Николы Теслы ул, 18, Минск",Алла
1076903187,2026-08-10T11:46:20Z,Сдача в аренду 2х-комнатной квартиры,Сдается на длительный срок двухкомнатная квартира-студия в частном доме ( второй этаж двух этажного дома). В квартире есть вся необходимая мебель для,600.0,1768.8,False,https://re.kufar.by/vi/1076903187,,160,60.0,,,3,5,2.0,2.0,4,,30,27.43648,53.935988,"Радашковский переулок, 10, Минск",Иван
1080474249,2026-08-10T11:44:00Z,Аренда 1 кв. по ул. Романовская Слобода д. 12.,"Предлагается в аренду уютная однокомнатная квартира в центре г. Минска по ул. Романовская Слобода д. 12.

Квартира с ремонтом, со всей мебелью и техни",634.51,1870.55,True,https://re.kufar.by/vi/1080474249,,,30.82,17.2,7.7,1,,3.0,9.0,3,,22,27.546282,53.903294,"Романовская Слобода ул, 12, Минск",Агентство недвижимости Юриэлт в Минске
1080474251,2026-08-10T11:44:00Z,"Аренда 2 кв. по ул. Петра Мстиславца, 20 (ЖК ''Маяк Минска'')","Двухкомнатная квартира по адресу: ул. Петра Мстиславца, 20 (ЖК ""Маяк Минска"").
Квартира сдается ВПЕРВЫЕ!!! Только длительная аренда!
О квартире:

- пл",1100.0,3242.8,True,https://re.kufar.by/vi/1080474251,,325,75.8,68.5,,3,,5.0,11.0,1,2013.0,24,27.651331,53.932442,"Петра Мстиславца ул, 20, Минск",Агентство недвижимости Юриэлт в Минске
1080473636,2026-08-10T11:37:16Z,Сдается однокомнатная квартира от собственника на длительный срок,"Сдается на длительный срок однокомнатная квартира на длительный срок от собственника. Рядом метро,тихий двор. В квартире есть мебель. Просьба с животн",407.06,1200.0,False,https://re.kufar.by/vi/1080473636,2.0,55,40.0,,,3,1,2.0,5.0,,,29,27.507465,53.876812,"Железнодорожная ул, 122, Минск",Валентина
1080472886,2026-08-10T11:29:04Z,Уютная 2комн. квартира в Малиновке,"Сдаётся в аренду 2х комнатная квартира в современном экологически чистом зелёном районе с хорошо развитой инфраструктурой и транспортным сообщением.
П",410.45,1210.0,True,https://re.kufar.by/vi/1080472886,,150,50.1,29.3,8.9,3,1,12.0,12.0,1,1992.0,29,27.433552,53.861904,"Рафиева ул, 84, Минск",Бюро Городской Недвижимости
1080472844,2026-08-10T11:28:44Z,Сдача квартиры в аренду на длительный срок,"С 7 СЕНТЯБРЯ!
Сдаётся двухкомнатная квартира в центре города на длительный срок.
Спальня: большая двуспальная кровать и вместительный встроенный шкаф.",644.5,1900.0,False,https://re.kufar.by/vi/1080472844,3.0,,55.0,,,1,,,,,,29,27.551941,53.899371,"Городской Вал ул, 9, Минск",Екатерина
1077860203,2026-08-10T11:25:00Z,Аренда трехкомнатной квартиры в ''тихом'' центре,Трехкомнатная квартира в тихом центре. Полностью готова к проживанию. Сдаётся только на длительный срок. Только гражданам РБ и смежных государств. Воз,610.58,1800.0,True,https://re.kufar.by/vi/1077860203,3.0,120,61.7,39.0,,1,,4.0,5.0,3,,23,27.575899,53.917909,"Пугачёвская ул, 24, Минск",Агентство недвижимости  ''Счастливый адрес регион''
1080471564,2026-08-10T11:15:01Z,Алибегова сдача квартиры,"Хорошо развитая инфраструктура (магазины, пункты выдачи, спа, парк). Отличное транспортное сообщение. Оборудована всем необходимым: телевизор, кондици",700.0,2063.6,False,https://re.kufar.by/vi/1080471564,2.0,175,70.0,70.0,15.0,3,10,17.0,19.0,2,2015.0,29,27.47809,53.873659,"Алибегова ул, 22, Минск",Владимир
1079701619,2026-08-10T11:05:50Z,1-комнатная квартира на ул. Сурганова,Сдается 1-комнатная квартира в хорошем состоянии на длительный срок. Без животных. Для граждан РБ и РФ. Цена включает коммунальные платежи.,450.0,1326.6,False,https://re.kufar.by/vi/1079701619,,,36.0,18.0,7.0,1,1,11.0,,,,23,27.581082,53.930661,"Сурганова ул, 76, Минск",Наталья
1080470131,2026-08-10T11:04:06Z,Сдается однокомнатная квартира.,"Сдается уютная однокомнатная квартира на длительный срок.  Высокие потолки, хорошая  звукоизоляция, отличный ремонт,прописан один человек.",500.0,1474.0,False,https://re.kufar.by/vi/1080470131,,,32.0,18.0,6.0,2,,1.0,4.0,3,1960.0,23,27.591547,53.908172,"Краснозвёздная ул, 33, Минск",николай
1077558959,2026-08-10T11:02:13Z,Дизайнерская квартира на длительный срок,"Современная очень просторная (55 кв.м) и уютная VIP-квартира в одном из лучших районов города с большими кухней, санузлом, гардеробной. Оптимальное со",500.0,1474.0,False,https://re.kufar.by/vi/1077558959,3.0,220,55.0,18.0,12.0,3,10,3.0,10.0,3,2008.0,23,27.592428,53.936444,"Леонида Беды ул, 31, Минск",olv
1080469575,2026-08-10T10:52:54Z,Сдам трехкомнатную квартиру,"- До метро Уручье 4 минуты пешком. 
- Кирпичный дом, адекватные, спокойные соседи: нет младенцев, текущего ремонта и соседей, излишне критично требова",750.0,2211.0,False,https://re.kufar.by/vi/1080469575,3.0,280,75.0,45.0,10.0,4,1,3.0,5.0,3,1999.0,24,27.684801,53.94831,"Городецкая ул, 15, Минск",Екатерина
1080469416,2026-08-10T10:51:09Z,Сдам 1 к. кв. рядом с парком Павлова,"С 14 августа сдается 1.к квартиру со всей необходимой мебелью и техникой. Рядом парк Павлова,до ст.м.Малиновка 12 минут пешком.
Зарегистрирован 1 чело",470.0,1385.56,False,https://re.kufar.by/vi/1080469416,2.0,,43.0,17.1,9.3,1,1,7.0,9.0,1,2013.0,29,27.46086,53.853583,"Космонавтов ул, 8, Минск",Юлия
1077994361,2026-08-10T10:48:12Z,"Снять 2-комнатную квартиру, г. Минск, ул. Богдановича, 120","Сдается светлая и просторная двухкомнатная квартира на 15-м этаже современного дома.

 Высокий этаж открывает красивый панорамный вид на город, которы",615.67,1815.0,True,https://re.kufar.by/vi/1077994361,,,59.9,45.2,,3,5,15.0,16.0,,,23,27.58313,53.93629,"Максима Богдановича ул, 120, Минск","ООО ""Резалт Недвижимость"""
1075187273,2026-08-10T10:38:41Z,Уютная 3-комнатная квартира с видом на парк и реку и отличной инфраструктурой для семьи.,"Сдаётся современная и уютная 3-комнатная квартира в отличном районе Минска.

Квартира расположена в шаговой доступности от станции метро Малиновка. Во",820.0,2417.36,False,https://re.kufar.by/vi/1075187273,2.0,30,75.0,66.0,,1,10,14.0,20.0,2,2014.0,29,27.479815,53.854262,"Чюрлёниса ул, 8, Минск",Сергей
1080468039,2026-08-10T10:35:25Z,Квартира однокомнатная,"уютная квартира рядом с метро на пересечении Ванеева и пр. Партизанский. В шаговой доступности продуктовый магазин, ТЦ, тренажерный зал. Чистая светла",500.0,1474.0,False,https://re.kufar.by/vi/1080468039,2.0,,42.0,42.0,,1,5,5.0,5.0,1,,25,27.611319,53.881658,"Ванеева ул, 20, Минск",Марат
1080467694,2026-08-10T10:31:42Z,Сдаю квартиру у метро с ремонтом и видом,"Сдается в ЖК Грандхаус квартира студия общей площадью 42м2 по пр. Дзержинского 19 , на длительный срок. Дом премиум класса повышенной комфортности. Ра",576.66,1700.0,False,https://re.kufar.by/vi/1080467694,,55,42.0,39.5,,1,5,15.0,20.0,10,2021.0,29,27.516116,53.886159,"Дзержинского пр, 19, Минск",Геннадий
1073816016,2026-08-10T10:30:16Z,Сдам 4-комнатную квартиру,"В прихожей, санузле и кухне установлены теплые полы. Есть бойлер на случай отключения горячей воды.
Предпочтенье семье с детьми без домашних животных.",800.0,2358.4,False,https://re.kufar.by/vi/1073816016,3.0,45,57.7,41.6,6.1,1,5,1.0,5.0,1,1970.0,24,27.646389,53.941352,"Калиновского ул, 46, Минск",Андрей
1080466696,2026-08-10T10:21:12Z,Сдам 2 комнатную квартиру,Сдам квартиру в Советском районе,491.86,1450.0,False,https://re.kufar.by/vi/1080466696,,100,3.0,,,1,,,,,,23,27.612909,53.963161,"Мирошниченко ул, 49, Минск",55555
1080466613,2026-08-10T10:20:13Z,долгосрочная аренда 2х квартира м. Спортивная,"Уютная квартира в монолитном доме

Преимущества:
- дом повышенной комфортности, приличные соседи (не соц жилье
-  в шаговой доступности метро
- кроват",700.0,2063.6,False,https://re.kufar.by/vi/1080466613,3.0,,60.0,34.0,10.8,3,5,8.0,16.0,2,2013.0,30,27.474012,53.907424,"Евфросиньи Полоцкой ул, 1, Минск",Елена
1080466075,2026-08-10T10:14:33Z,Сдам в долгосрочную аренду квартиру,"Сдается квартира в долгосрочную аренду ( не меньше 6 месяцев).Квартира в идеальном состоянии с дизайнерским ремонтом, вся техника импортного производс",1200.0,3537.6,False,https://re.kufar.by/vi/1080466075,7.0,,68.0,,12.0,1,10,5.0,23.0,2,2019.0,22,27.477839,53.934605,"Нарочанская ул, 4, Минск",Юлия
1080465990,2026-08-10T10:13:41Z,Сдаю 1-комнатную квартиру,"Сдаю уютную 1-комнатную квартиру гражданам РБ аккуратным, платежеспособным, без животных в мкр Запад (Красный Бор), на длительный срок.
Для комфортног",425.0,1252.9,False,https://re.kufar.by/vi/1080465990,2.0,125,40.8,17.0,9.0,3,5,5.0,9.0,4,,30,27.431279,53.899499,"Лобанка ул, 34, Минск",Александр
1068969636,2026-08-10T10:11:44Z,Сдается квартира рядом с метро Я.Коласа,"Сдается однокомнатная квартира в центре города с мебелью и техникой. Теплая и светлая, с хорошим видом из окна. Тихие и доброжелательные соседи. Станц",500.0,1474.0,False,https://re.kufar.by/vi/1068969636,1.0,,32.5,18.0,7.5,2,5,9.0,10.0,3,1997.0,23,27.56582,53.921669,"Веры Хоружей ул, Минск",Тимур
1080464596,2026-08-10T09:58:42Z,Недвижимость,"Квартира оснащена всей необходимой техникой посудой и постельным бельем. В оплату входит кварплата кроме электроэнергии, уборка два раза в месяц, инте",800.0,2358.4,False,https://re.kufar.by/vi/1080464596,,90,4.0,54.0,9.0,3,5,6.0,10.0,3,1979.0,22,27.533175,53.907801,"Максима Танка ул, Минск",Надежда
1080463645,2026-08-10T09:56:03Z,1к Некрасова,"Светлая квартира, с хорошим ремонтом, на фото, большой тамбур на две квартиры - встроенные шкафы, лоджия - хранить несезонные вещи, закрывается на клю",424.02,1250.0,False,https://re.kufar.by/vi/1080463645,2.0,,35.0,,8.0,3,1,3.0,9.0,1,1982.0,23,27.586337,53.932553,"Некрасова ул, 19, Минск",kg
1080072109,2026-08-10T09:26:57Z,2-х комнатная квартира,"Сдается квартира на длительное время, хорошее состояние, чистая, аккуратная! есть все необходимое мебель техника. Оплата + один месяц залог.  коммунал",550.0,1621.4,False,https://re.kufar.by/vi/1080072109,,180,60.0,30.0,9.0,1,,5.0,11.0,,,22,27.550836,53.958563,"Выготского ул, 45, Минск",Илья
1072750583,2026-08-10T09:20:20Z,"кв. 4-х комн., центр, дизайн. ремонт, новая.","Сдаем(собственник )4-х комн.
НОВУЮ квартиру , 100% комплектация.
в окружении природы
в ЦЕНТРЕ, МЕТРО
""ПаркЧелюскинцев""
Ул.Макаенка,12В
3 изолир.спальн",1200.0,3537.6,False,https://re.kufar.by/vi/1072750583,6.0,,102.0,60.0,20.0,3,10,9.0,24.0,3,2019.0,24,27.62551579894791,53.923995063176044,"Макаёнка ул, 12В, Минск",Сергей
1080461770,2026-08-10T09:19:58Z,"Снять 1-комнатную квартиру, г. Минск, просп. Дзержинского, 26","Сдаëтся на длительный срок эксклюзивная однокомнатная квартира в доме у метро ""Грушевка"".
пр-т Дзержинского, 26!
Первое заселение!!!
Просторная кварти",644.5,1900.0,True,https://re.kufar.by/vi/1080461770,,,45.3,18.1,12.9,3,,5.0,23.0,,,29,27.515676,53.887756,"Дзержинского пр, 26, Минск","ООО ""Резалт Недвижимость"""
1080461438,2026-08-10T09:15:58Z,Сдам в аренду,"Ремонт был окончен в мае 2026,сдам от 1го года, без вредных привычек",500.0,1474.0,False,https://re.kufar.by/vi/1080461438,2.0,,33.0,25.0,7.0,3,5,8.0,9.0,1,1986.0,30,27.500557,53.907376,"Болеслава Берута ул, 6к1, Минск",Артем
1069884742,2026-08-10T08:39:32Z,"Аренда 3-комнатной квартиры, Сторожовская 8","Стильная 3-комнатная квартира в историческом центре Минска.

Сдается на длительный срок стильная квартира в доме на берегу Свислочи.

Дизайнерский рем",1500.0,4422.0,True,https://re.kufar.by/vi/1069884742,,260,64.2,38.42,8.86,1,,6.0,11.0,3,1987.0,22,27.555452,53.912971,"Сторожовская ул, 8, Минск",ООО Центр недвижимости ГАЛАКТИКА
1075534304,2026-08-10T08:38:44Z,Роскошная 3-комнатная квартира в элитном доме,"Роскошная 3-комнатная квартира в элитном доме по ул. Червякова, 55

Сдается впервые! Просторная, светлая и полностью готовая для комфортной жизни трех",1450.0,4274.6,True,https://re.kufar.by/vi/1075534304,,,111.8,69.6,31.8,3,,5.0,9.0,3,2013.0,22,27.548016,53.928719,"Червякова ул, 55, Минск",ООО ''Риэлтерский центр Столицы''
1080457737,2026-08-10T08:33:59Z,"Снять 2-комнатную квартиру, г. Минск, тракт Логойский, 24","Сдается просторная и светлая квартира в Первомайском районе по адресу: Логойский тракт 24! Квартира расположена на 2 этаже 9 этажного кирпичного дома,",407.06,1200.0,True,https://re.kufar.by/vi/1080457737,,100,34.7,20.7,6.1,1,,2.0,9.0,,,24,27.61723,53.950202,"Логойский тракт, 24, Минск","ООО ""Резалт Недвижимость"""
1080118922,2026-08-10T08:31:53Z,Уютная квартира в центре Минска,"Уютная квартира в центре Минска. В пешей доступности парки, школы, детские сады, магазины, поликлиники, кинотеатр и тд. До Немиги и Комаровки 10-15 ми",599.0,1765.85,False,https://re.kufar.by/vi/1080118922,4.0,,47.0,40.0,7.0,3,10,3.0,5.0,1,1965.0,22,27.56025,53.927533,"Гая ул, 15А, Минск",Вероника
1071470503,2026-08-10T08:18:27Z,Сдам квартиру на длительный срок,"Сдается квартира на длительный срок евро двушка по адресу : проспект Мира 1 . В квартире сделан качественный ремонт, оборудована мебелью и необходимой",661.47,1950.0,False,https://re.kufar.by/vi/1071470503,4.0,170,48.0,39.0,14.0,1,5,13.0,14.0,10,2020.0,28,27.550458453337765,53.86942871017017,"квартал Эмиратс, экспериментальный многофункциональный комплекс Минск-Мир, Минск",Инна
1080456296,2026-08-10T08:16:53Z,"Квартира ул. Городецкая, 58",Сдается 1-комнатная квартира на длительный срок. Вся мебель и техника в наличии. Хорошие соседи. Оказываем помощь в поиске квартир в любом районе Минс,356.17,1050.0,True,https://re.kufar.by/vi/1080456296,,280,33.7,19.0,6.5,3,,,,,,24,27.669997,53.945814,"Городецкая ул, 58, Минск",ООО Альфа-риэлт
1080455830,2026-08-10T08:11:42Z,Сдача квартиры в аренду,"Сдается 2-х комнатная квартира на длительный срок семье с ребенком гражданам РБ. Общая площадь - 47,3 кв.м, кухня - 7,3 кв.м. Свежий косметический рем",424.02,1250.0,False,https://re.kufar.by/vi/1080455830,3.0,150,47.3,,7.3,3,1,8.0,9.0,1,,29,27.443505,53.852276,"Громова ул, Минск",Анатолий
1080455138,2026-08-10T08:04:44Z,"Снять 2-комнатную квартиру, г. Минск, ул. Танка, 2","Сдаётся шикарная 2-комнатная квартира в центре Минска.
Квартира полностью укомплектована мебелью и техникой для Вашего комфортного проживания.
На кухн",678.43,2000.0,True,https://re.kufar.by/vi/1080455138,,90,68.4,37.6,8.6,1,5,4.0,4.0,,,22,27.540936,53.906283,"Максима Танка ул, 2, Минск","ООО ""Резалт Недвижимость"""
1078389790,2026-08-10T08:01:31Z,"3-комнатная квартира Минск, Новгородская, 9","Сдается 3-комнатная квартира на Новгородской 9

Ищете комфортное жильё для долгосрочного проживания? У нас есть отличное предложение!

Что включено:",588.2,1734.0,True,https://re.kufar.by/vi/1078389790,,,66.6,43.5,8.8,3,,6.0,9.0,1,2004.0,24,27.609819,53.939407,"Новгородская ул, 9, Минск",ТАА Уласны Дах Эстэйт
1080451916,2026-08-10T07:52:21Z,Сдам квартиру в новостройке,"Сдаётся квартира в новостройке,рядом с метро семье без детей, работающей девушке или женщине. Без животных и только для граждан РБ по договору. В квар",474.9,1400.0,False,https://re.kufar.by/vi/1080451916,2.0,170,45.0,25.0,,3,,4.0,24.0,4,2020.0,28,27.549991,53.869784,"Мира пр, 1, Минск",Инна
1080449544,2026-08-10T07:31:32Z,"Однокомнатная квартира ул. Червякова, д. 64","Сдается уютная однокомнатная квартира в современном доме по адресу ул. Червякова,  д. 64.

Квартира укомплектована всей необходимой мебелью и техникой",457.94,1350.0,False,https://re.kufar.by/vi/1080449544,1.0,,40.0,,,3,5,5.0,9.0,1,,22,27.548617,53.930788,"Червякова ул, 64, Минск",Анастасия
1079531758,2026-08-10T07:21:23Z,"Квартира в аренду пр-т Дзержинского, 21","Предлагаем в аренду уютную квартиру с современным ремонтом по проспекту Дзежинского, 21",712.35,2100.0,True,https://re.kufar.by/vi/1079531758,,55,45.1,31.5,,3,5,14.0,,,,29,27.50875,53.88359,"Дзержинского пр, 21, Минск",БелЦТН
1073211418,2026-08-10T07:01:56Z,1 комнатная квартира по ул.Притыцкого дом  2. Метро пушкинская,На длительный срок сдается 1 комнатная квартира по ул. Притыцого 2. Метро Пушкинская рядом. Квартира находится на 16 этаже. Для проживания есть крупна,500.0,1474.0,True,https://re.kufar.by/vi/1073211418,,205,39.0,16.0,9.5,3,1,,,,,30,27.506055,53.910585,"Притыцкого ул, 2, Минск",ООО Альфа-риэлт
1077351843,2026-08-10T07:01:41Z,"1 ком.Квартира ул. Корженевского, 31",Сдается 1-комнатная квартира на длительный срок. Вся мебель и техника в наличии. Косметический ремонт. Хорошие соседи. Оказываем помощь в поиске кварт,356.17,1050.0,True,https://re.kufar.by/vi/1077351843,,135,33.0,17.0,8.7,,,,,,,28,27.503638,53.846242,"Корженевского ул, 31, Минск",ООО Альфа-риэлт
1071773074,2026-08-10T07:01:06Z,"4 ком квартира ул. Ржавецкая, 3 м-н Лебяжий","Аккуратная квартира в современном микрорайоне Лебяжий. Три изолированные спальни, гостиная совмещена с кухонной зоной. Два санузла. На длительный срок",746.27,2200.0,True,https://re.kufar.by/vi/1071773074,,210,87.0,51.0,11.0,3,10,13.0,19.0,,2014.0,22,27.462334,53.936211,"Ржавецкая ул, 3, Минск",ООО Альфа-риэлт
1080443853,2026-08-10T06:48:14Z,"Снять 3-комнатную квартиру, г. Минск, ул. Берута, 15/2",Сдаётся светлая и просторная 3-комнатная квартира в пешей доступности от ст.м. Пушкинская! Полная комплектация мебели и бытовой техники. Ремонт выполн,797.15,2350.0,True,https://re.kufar.by/vi/1080443853,,290,91.6,53.8,12.7,3,5,1.0,9.0,,,30,27.506701,53.900618,"Болеслава Берута ул, 15/2, Минск","ООО ""Резалт Недвижимость"""
1080443721,2026-08-10T06:46:01Z,Квартира 2к,"Сдам светлую 2-к квартиру с ремонтом в Зеленом Луге по договору на долгий срок. Собственник. Комнаты отдельные, санузел раздельный, 2 балкона. Рядом ш",474.9,1400.0,False,https://re.kufar.by/vi/1080443721,,100,44.0,,,4,5,3.0,9.0,3,,23,27.610596007812887,53.95494713778824,"Гамарника ул, 15, Минск",Валентина
1062079390,2026-08-10T06:42:31Z,Сдаётся 1-комн.квартира в Зелёном луге,"Сдам 1-комн.квартиру на 2-3 недели или месяц, можно студентам на сессию
С 10-15 апреля
Квартира с хорошим ремонтом, есть двусп.кровать и односпальный",0.0,0.0,False,https://re.kufar.by/vi/1062079390,,100,33.0,,,3,1,,,1,,24,27.629807,53.955887,"Тикоцкого ул, 18, Минск",Ирина
1078655470,2026-08-10T06:42:12Z,Сдаётся 2-х комнатная квартира,"Сдаётся 2-х комнатная, светлая,тёплая,  готовая для проживания квартира. В квартире есть вся мебель. В спальне двухспальная кровать, шкаф, комод, зерк",700.0,2063.6,False,https://re.kufar.by/vi/1078655470,4.0,105,58.0,,9.0,3,1,9.0,19.0,1,2015.0,30,27.437465144170066,53.92387643539785,"Колесникова ул, 25, Минск",Елена
1080443205,2026-08-10T06:37:42Z,Сдается двухкомнатная квартира 53 м2 у метро Академия наук.(5 мин),Сдается на длительный срок уютная и полностью укомплектованная двухкомнатная квартира с европланировкой (кухня-гостиная + отдельная спальня) в Советск,712.35,2100.0,False,https://re.kufar.by/vi/1080443205,2.0,,53.0,,,1,,3.0,5.0,3,,23,27.594485,53.927013,"Якуба Коласа ул, 39, Минск",Александр
1080441528,2026-08-10T06:08:13Z,"Квартира для длительной аренды (Минск, район метро Могилевская)","Чистая, опрятная квартира с хорошим ремонтом. Сдача - август. Без домашних животных (просьба оценить этот пункт ответственно). Приоритет - семьям. Про",450.0,1326.6,False,https://re.kufar.by/vi/1080441528,4.0,10,52.0,35.0,6.0,1,5,3.0,5.0,1,1965.0,26,27.683659499651355,53.86871834193975,"Ангарская ул, 26к2, Минск",Дмитрий
1080441077,2026-08-10T06:00:41Z,Сдаётся однокомнатная квартира возле метро,"Уютная однокомнатная квартира рядом с метро Партизанская сдаётся на длительный срок. Чистая, светлая,  полностью готова к заселению.
В гостиной: теплы",380.71,1122.33,False,https://re.kufar.by/vi/1080441077,2.0,,29.4,18.9,5.4,1,5,4.0,5.0,1,1976.0,26,27.615710421234695,53.8738988188862,"Яна Райниса ул, 19, Минск",Наталья
1080414492,2026-08-10T05:56:49Z,Сдается 2-х комнатная квартира возле метро,"Сдается 2-х комнатная квартира. Все необходимое для жизни в квартире имеется. Посуда, постельные принадлежности, посудомойка, телевизор, мебель, стира",712.35,2100.0,False,https://re.kufar.by/vi/1080414492,4.0,,59.0,35.0,20.0,1,5,2.0,14.0,2,2018.0,29,27.496047,53.877911,"Гурского ул, 43, Минск",manujk
1080414382,2026-08-10T05:55:58Z,Сдается трехкомнатная квартира в Минске,"Сдается уютная трехкомнатная квартира в престижном районе Минска на длительный срок для пары или семьи без животных.

Отдельная кухня с выходом на бал",750.0,2211.0,False,https://re.kufar.by/vi/1080414382,4.0,,67.3,43.1,8.2,4,10,8.0,9.0,3,1969.0,22,27.551501661376346,53.92156736496898,"Червякова ул, 8, Минск",Вера
1080413034,2026-08-10T05:52:12Z,Сдается  2-комнатная квартира,"Сдается 2 комнаты в 3 комнатной квартире в зеленом микрорайоне Степянка (1 комната закрыта), зарегистрирован 1 человек. В квартире выполнен качественн",474.9,1400.0,False,https://re.kufar.by/vi/1080413034,4.0,255,76.1,45.2,10.2,3,5,7.0,10.0,1,2008.0,25,27.67359,53.911603,"Карвата ул, 11, Минск",Наталья
1080412808,2026-08-10T05:51:25Z,Сдаётся в аренду 2-комнатная квартира в г. Минск ул. Менделеева 22,"Сдаётся на длительный срок 2-комнатная квартира с отличным новым ремонтом, техникой и мебелью. Дом расположен в живописном месте в 100 метрах от речки",600.41,1770.0,False,https://re.kufar.by/vi/1080412808,4.0,240,51.4,29.0,8.8,3,5,1.0,12.0,1,1988.0,25,27.61493,53.90578,"Менделеева ул, 22, Минск",Юрий
1080412124,2026-08-10T05:50:25Z,Сдам однокомнатную квартиру,"Сдам квартиру 1 человеку без животных. 
Оплата + коммунальные услуги.
Фото без мебели, мебель для проживания имеется.",410.0,1208.68,False,https://re.kufar.by/vi/1080412124,,,40.0,25.0,10.0,1,,,9.0,1,,24,27.666359,53.938835,Минск,Антон
1080440503,2026-08-10T05:49:36Z,Квартира студия Минск-Мир,"Квартира на длительный срок сдачи по договору , новая , рядом метро и остановка общественного транспорта, торговый центр. Все вопросы по телефону",550.0,1621.4,False,https://re.kufar.by/vi/1080440503,2.0,170,32.2,29.5,,1,5,24.0,25.0,2,2025.0,28,27.541574,53.863487,"Михаила Савицкого ул, Минск",Виктория
1069895457,2026-08-10T05:49:18Z,"Сдается 3-хкомнатная квартира, Лебяжий",Не агенство. Сдается квартира на длительный срок,800.0,2358.4,False,https://re.kufar.by/vi/1069895457,7.0,,83.0,65.0,9.0,1,1,2.0,9.0,10,2013.0,22,27.460717,53.936068,"Камайская ул, 12, Минск",Ольга
1080411664,2026-08-10T05:45:41Z,Просторная двушка с новым ремонтом,"Две больших раздельных комнаты (17 и 18 м2)
Первая сдача после полного ремонта
Новая кухня, ванна, сантехника, ковры и мебель
Ортопедические диваны по",600.0,1768.8,False,https://re.kufar.by/vi/1080411664,2.0,215,58.0,35.0,6.6,2,10,1.0,5.0,2,1967.0,26,27.666916,53.866184,"Партизанский пр, 141, Минск",Антон
1080439644,2026-08-10T05:42:39Z,сдаю 2-х комнатную квартиру на длительный срок,"Сдается хорошая, уютная двухкомнатная квартира на долгосрочный период по адресу 2-ой пер. Багратиона 19 за Ботаническим садом. Квартира расположена на",508.82,1500.0,False,https://re.kufar.by/vi/1080439644,3.0,240,46.5,28.4,7.0,1,1,6.0,9.0,1,1974.0,25,27.625998,53.911068,"2-й переулок Багратиона, 19, Минск",Виктория
1048019749,2026-08-10T05:14:50Z,"Квартира, 1 комн., 35 м², этаж 6","Сдается однокомнатная квартира , все есть для комфортного проживания ,мебелированная , красивый вид из окна на реку , парк, меблирована, в шаговой дос",439.96,1297.0,False,https://re.kufar.by/vi/1048019749,,,35.0,19.0,7.0,3,5,6.0,,1,1985.0,26,27.630013,53.858049,"Крупской ул, 2, Минск",Елена
1080420018,2026-08-10T05:03:42Z,Сдача в аренду квартиры,Тихий удобный дом. Остальное все рядом.,440.98,1300.0,False,https://re.kufar.by/vi/1080420018,4.0,100,44.0,31.0,6.0,1,1,4.0,5.0,1,1963.0,24,27.621398,53.949492,"Калиновского ул, 15, Минск",Юрий
1080076318,2026-08-09T21:03:49Z,Сдам 2х ком квартиру,"Сдам в аренду 2х ком квартиру , частично с мебелью . Вопросы по телефону .   Дина",0.0,0.0,False,https://re.kufar.by/vi/1080076318,,265,45.0,,,1,1,1.0,12.0,1,,30,27.433794,53.886446,"Сухаревская ул, 21к1, Минск",Александр
1080409723,2026-08-09T19:34:35Z,Сдача внаем квартиры,"Тихое,удобное место ,рядом зона отдыха",300.0,884.4,False,https://re.kufar.by/vi/1080409723,1.0,135,39.0,17.0,8.0,1,1,6.0,12.0,3,1998.0,28,27.52129,53.851123,"Брестская ул, 90, Минск",феликс
1070521745,2026-08-09T19:25:58Z,Сдаю квартиру,"Удобная, квартира в шаговой доступности метро торговый центр",730.0,2152.04,False,https://re.kufar.by/vi/1070521745,,170,40.0,,18.0,1,5,10.0,25.0,1,2021.0,28,27.549991,53.869784,"Мира пр, 1, Минск",Анна
1078852330,2026-08-09T19:01:53Z,Аренда квартиры,"Роскошный пентхаус с собственной террасой! ЖК «Залаты Маентак». Площадь 238 м2 + терраса 100 кв метров, 3 лоджии , 4 санузла!!! Дом пятиэтажный, восьм",4500.0,13266.0,False,https://re.kufar.by/vi/1078852330,3.0,,338.0,238.0,56.0,4,5,4.0,4.0,10,2010.0,22,27.526303,53.914271,"Москвина ул, 10, Минск",СССР
1078540388,2026-08-09T18:45:19Z,Двухкомнатная квартира в Каскаде,"Сдается уютная, просторная 2-комнатная квартира в престижном мини-полисе «Каскад». Квартира имеет удачную планировку — окна выходят на две стороны, чт",800.0,2358.4,False,https://re.kufar.by/vi/1078540388,,110,70.1,66.9,,3,,4.0,11.0,2,,30,27.520931,53.909349,"Скрыганова ул, 4Д, Минск",Катерина
1080405161,2026-08-09T18:40:44Z,Сдам  однокомнатную квартиру на длительный,"Сдам на длительный срок однокомнатную уютную квартиру . До метро Уручье семь минут, торговый центр Спектр, продуктовый Дионис, мясной, бытовой химии м",407.06,1200.0,False,https://re.kufar.by/vi/1080405161,,280,31.0,17.0,6.0,2,5,4.0,5.0,,,24,27.693937,53.951262,"Уручская ул, 13, Минск",никита
1080405853,2026-08-09T18:39:49Z,Двухкомнатная квартира ст.м. Институт культуры,"Сдам двухкомнатную квартиру в пяти минутах от ст.м. Институт культуры, Только работающимгражданам РБ, без детей и животных, регистрацию не делаю. Квар",500.0,1474.0,False,https://re.kufar.by/vi/1080405853,3.0,,46.6,,,1,1,8.0,9.0,1,,28,27.541044,53.882173,"Могилёвская ул, 4к3, Минск",Пользователь
1055844044,2026-08-09T18:38:40Z,2-х комнатная квартира пр. Машерова 54 в аренду,"Аренда от собственника. Престижный центральный район. Ухоженный кирпичный жилой дом с чистым подъездом и спокойной атмосферой, порядочные соседи. Квар",1000.0,2948.0,False,https://re.kufar.by/vi/1055844044,4.0,,73.0,40.0,14.0,3,10,9.0,11.0,3,,23,27.558085,53.917914,"Машерова пр, 54, Минск",Владимир Васильевич
1080405590,2026-08-09T18:35:43Z,Квартиру сдам,Сдам двухкомнатную квартиру только длительный срок в квартире никто не прописан зимой будет дорогая квартплата холодильник стиральная машина есть мале,400.0,1179.2,False,https://re.kufar.by/vi/1080405590,,305,51.0,35.0,6.2,1,1,,,,,26,27.643668,53.838416,"Ауэзова ул, 12, Минск",Сергей
1080405468,2026-08-09T18:34:06Z,Аренда квартиры,"Сдаётся 1-комнатная квартира со свежим ремонтом на длительный срок от 6 месяцев. Квартира на первом высоком этаже с подвальным помещением, полностью г",500.0,1474.0,False,https://re.kufar.by/vi/1080405468,,,37.0,,9.0,3,5,1.0,10.0,,2000.0,24,27.631443633751896,53.92307066065094,"Парниковая ул, 3к1, Минск",продавец
1080404376,2026-08-09T18:25:14Z,Сдается на длительный период,"Сдается на продолжительный период чистая, ухоженная, в хорошем районе квартира по адресу: Минск, Логойский тр-т, д 1, к1 в Советском районе, микрорайо",350.0,1031.8,False,https://re.kufar.by/vi/1080404376,2.0,100,40.0,21.0,7.0,1,5,9.0,9.0,3,,24,27.617563,53.951484,"Логойский тракт, Минск",Валентина
1080404372,2026-08-09T18:18:13Z,Двухкомнатная полностью укомплектованная квартира,"Двухкомнатная квартира. Дизайнерский ремонт. Полностью укомплектована (кондиционер, посудомоечная машина, стиральная машинка, wi-fi, духовой шкаф, tv,",600.0,1768.8,False,https://re.kufar.by/vi/1080404372,,,60.0,,,1,10,,,,2025.0,27,27.570796,53.86191,"Маяковского ул, 170А, Минск",Александр Гайков
1079305911,2026-08-09T18:14:24Z,Светлая и просторная 3к-квартира (м.Грушевка),"Светлая и просторная трехкомнатная квартира на длительный срок для порядочной семьи без животных. 

Удобная транспортная развязка и инфраструктура Гру",800.0,2358.4,False,https://re.kufar.by/vi/1079305911,,55,85.7,78.3,13.1,4,5,7.0,19.0,1,2013.0,29,27.521757,53.883001,"Разинская ул, 64, Минск",Анна
1080403818,2026-08-09T18:09:56Z,Сдаётся в аренду двухкомнатная квартира в Минске,"Сдаётся уютная двухкомнатная квартира в Минске со свежим ремонтом. Новая мебель и техника, включая телевизор, холодильник, посудомоечную машину, микро",712.35,2100.0,False,https://re.kufar.by/vi/1080403818,,50,64.4,31.1,12.9,3,5,10.0,19.0,,2018.0,24,27.718461,53.951908,"Курсанта Гвишиани ул, 10, Минск",Галина
1080401644,2026-08-09T17:47:48Z,Сдается квартира,"Сдается однокомнатная квартира на долгосрочный период только семейным и гражданам РБ с 17августа .Хороший тихий двор,рядом метро петровщина до которог",400.0,1179.2,False,https://re.kufar.by/vi/1080401644,,320,30.0,,,,1,6.0,9.0,1,,29,27.468837,53.862207,"Газеты Звязда пр, 37, Минск",Надежда
1080402109,2026-08-09T17:46:54Z,аренда двухкомнатной квартиры,"Сдается квартира ТОЛЬКО гражданам РБ,без домашних животных,не курящим.Предпочтительно семье. По договору. На длительный срок. Расположена в чистом рай",500.0,1474.0,False,https://re.kufar.by/vi/1080402109,2.0,280,40.0,25.0,7.0,1,,,9.0,1,,24,27.689325876401902,53.93807601171989,"Никифорова ул, 8, Минск",Александр
1080401637,2026-08-09T17:40:28Z,Сдается 2-к квартира по ул. Тышкевичей 19,"Сдается просторная (59 м2), уютная 2-комнатная квартира по ул. Тышкевичей, 19. Комфортный 3 этаж 10-ти этажного дома. В квартире аккуратный ремонт. Из",570.0,1680.36,False,https://re.kufar.by/vi/1080401637,,,59.0,,,3,5,3.0,10.0,1,,29,27.473823,53.87935,"Тышкевичей ул, 19, Минск",Alexander
1080401604,2026-08-09T17:39:58Z,Сдается в аренду 3хкомнатная квартира с авторским ремонтом в центре Минска,Сдается 3комнатная квартира с авторским ремонтом из европейских материалов. Бытовая техника премиум класса. Удобная дизайнерская мебель по индивидуаль,1500.0,4422.0,False,https://re.kufar.by/vi/1080401604,3.0,260,68.0,54.0,14.0,3,10,6.0,12.0,3,,22,27.555453,53.912972,"Сторожовская ул, 8, Минск",Наталья
1080400589,2026-08-09T17:26:54Z,Квартира,"ДОЛГОСРОЧНАЯ АРЕНДА 
-ГРАЖДАНИНАМ РБ
-БЕЗ ДОМАШНИХ ЖИВОТНЫХ 
-КУРИТЬ В КВАРТИРЕ ЗАПРЕЩЕНО 
-ДОГОВОР И КОММУНАЛЬНЫЕ дополнительно оплачиваются 
-ЗАЛОГ",508.82,1500.0,False,https://re.kufar.by/vi/1080400589,,220,44.2,,,1,5,2.0,15.0,3,,23,27.593137,53.937393,"Леонида Беды ул, 33, Минск",Пользователь
1078708960,2026-08-09T17:19:59Z,Сдается квартира у метро,"Сдается уютная квартира для комфортного проживания в 5 минутах от метро ""Аэродромная"". Квартира чистая с хорошим ремонтом. Иностранцев и лиц с животны",500.0,1474.0,False,https://re.kufar.by/vi/1078708960,2.0,170,32.0,,,1,5,5.0,22.0,10,2022.0,28,27.543317,53.868977,"Николы Теслы ул, 16, Минск",Елена
1080055977,2026-08-09T17:09:08Z,Квартира в аренду Минск мир,"Квартира с новым дизайнерским ремонтом, никто не жил. 35 метров, кондиционер, все удобства. Категорически без животных. Последний этаж, тихо спокойно",570.0,1680.36,False,https://re.kufar.by/vi/1080055977,1.0,170,35.0,,,1,10,15.0,15.0,,2021.0,28,27.528486,53.870925,"Николы Теслы ул, 7, Минск",Мари
1078265050,2026-08-09T17:02:43Z,Квартира,"Современная двухкомнатная квартира с джакузи в экологическом центре Минска, с панорамными видом и современной планировкой",650.0,1916.2,False,https://re.kufar.by/vi/1078265050,,,64.0,42.0,9.0,3,5,15.0,17.0,2,2008.0,23,27.58313,53.93629,"Максима Богдановича ул, 120, Минск",Наталья
1080391302,2026-08-09T16:26:37Z,Аренда квартиры Минск Мир на длительный срок,"Квартира сдается с первых чисел сентября 2026г на длительный срок, по договору. Расположена в жилом квартале «Минск-Мир» . Квартира 38.8 м. кв в преми",550.0,1621.4,False,https://re.kufar.by/vi/1080391302,,170,38.8,,,1,5,8.0,,,,28,27.557348,53.864995,"Леонида Щемелёва ул, 10, Минск",Ольга
1080388910,2026-08-09T16:09:25Z,Аренда квартиры на длительный срок,"Сдается на длительный срок гражданам РБ.
1 комнатная, 1-ый высокий этаж,кирпичного дома(капитальный ремонт 2010 г.), хороший свежий ремонт(стиральная",450.0,1326.6,False,https://re.kufar.by/vi/1080388910,,,43.49,17.2,8.0,2,,1.0,4.0,3,,25,27.581371876279487,53.903806591685104,"Первомайская ул, 11, Минск",Валерий
1080387387,2026-08-09T15:53:10Z,Сдам 1-комнатную квартиру возле метро,Сдам девушке однокомнатную квартиру с видом на цветущие каштаны. Квартира находится возле метро Михалово. Сдается с 1 сентября.,470.0,1385.56,False,https://re.kufar.by/vi/1080387387,1.0,55,30.0,,,1,,3.0,5.0,1,,29,27.502156,53.877046,"Грушевская ул, 133, Минск",Anna
1068765018,2026-08-09T15:42:24Z,Сдается двухкомнатная квартира,"Теплая, уютная квартира, 5-й этаж 9-ти этажного дома, сделан качественный ремонт, на полу ламинат, окна - деревянные стекло пакеты, кроме лоджии (вход",600.0,1768.8,False,https://re.kufar.by/vi/1068765018,3.0,,70.6,47.0,12.0,3,1,5.0,9.0,3,2003.0,24,27.628567,53.918763,"Макаёнка ул, 15В, Минск",Виктор
1080385200,2026-08-09T15:29:01Z,Трехкомнатная квартира в Дроздах,"Просторная уютная 3-х комнатная квартира в престижном районе Дрозды - лучшее месторасположение в Минске. Площадь квартиры 120 кв.м.

	отдельная кухня",1017.64,3000.0,True,https://re.kufar.by/vi/1080385200,,195,120.0,65.0,14.0,3,1,3.0,3.0,10,2008.0,22,27.485879,53.938697,"Пионерская ул, 9, Минск",Бюро Городской Недвижимости
1080384556,2026-08-09T15:21:12Z,Квартира,"Квартира студия недалеко от метро Аэродромная. Полностью оборудованная ванная комната, уютная кухня. Молодой район с развитой инфраструктурой.",474.9,1400.0,False,https://re.kufar.by/vi/1080384556,,170,27.1,27.1,,3,5,7.0,16.0,10,2025.0,28,27.540060367377826,53.86067277523347,"Жореса Алфёрова ул, 22, Минск",Александр
1080383956,2026-08-09T15:14:53Z,"Снять 3-комнатную квартиру, г. Минск, просп. Победителей, 133","Отличное место для жизни семьи с детьми. Детский сад 100 метров от дома, школа - 700 метров, гимназия с бассейном - 800 м от дома. В 2025 году в доме",800.0,2358.4,False,https://re.kufar.by/vi/1080383956,4.0,,80.0,64.0,11.0,3,5,7.0,11.0,2,2015.0,22,27.464031,53.942036,"Победителей пр, 133, Минск",Максим
1080375466,2026-08-09T14:57:29Z,2 комная квартира на длительный срок,Сдам 2 комнатную квартиру на длительный срок. Вся мебель и бытовая техника новая. Зарегистрирован один человек. Сдам одному человеку или паре без дете,550.0,1621.4,False,https://re.kufar.by/vi/1080375466,1.0,170,39.2,30.2,,3,5,14.0,21.0,,2024.0,28,27.554115,53.86372,"Жореса Алфёрова ул, 5, Минск",Алена
1079097632,2026-08-09T14:53:42Z,Аренда студии ЖК Минск Мир рядом с метро,"Сдается красивая и стильная студия, 
расположенная  в самой топовой локации  ЖК Минск Мир  , рядом с башнями бизнес центра , Ст м . Аэродромная  и  тц",630.0,1857.24,False,https://re.kufar.by/vi/1079097632,2.0,170,30.0,30.0,,3,10,2.0,10.0,10,2023.0,28,27.551042,53.863943,"Игоря Лученка ул, 23, Минск",Tommy
1080380850,2026-08-09T14:41:00Z,2-Х КОМНАТНАЯ КВАРТИРА,"Сдается 2 (две) комнаты в трехкомнатной квартире. Третья комната закрыта.
2 (две) лоджии.
Зарегистрировано 3 человека.
Заключается договор найма жилог",520.0,1532.96,False,https://re.kufar.by/vi/1080380850,,125,73.3,,8.9,3,,12.0,12.0,,,30,27.433516,53.900103,"Лобанка ул, 28к1, Минск",Елена
1080378981,2026-08-09T14:20:02Z,Сдаю 3-х комн. квартиру ст. м. Институт Культуры,"Сдаётся 3-х комнатная квартира в одноподъездном кирпичном доме, в 5 мин до станций метро Институт Культуры и Ковальская Слобода. Дом расположен в цент",750.0,2211.0,False,https://re.kufar.by/vi/1080378981,3.0,,68.0,38.0,8.0,3,10,11.0,13.0,3,1994.0,28,27.544736,53.880347,"Воронянского ул, 13к5, Минск",Владимир
1080375686,2026-08-09T13:46:11Z,Сдается новая однокомнатная квартира на длительный срок,"Сдается новая однокомнатная квартира на длительный срок для проживания мужчине/женщине/семейной паре гражданам РБ. Сдаётся не студентам, людям без дет",500.0,1474.0,False,https://re.kufar.by/vi/1080375686,2.0,,44.7,15.7,12.1,1,5,2.0,10.0,1,2025.0,29,27.435465,53.875188,"Академика Карского ул, 33, Минск",Nik
1080367371,2026-08-09T12:44:14Z,Квартира от 15 дней проживания,"Проживание от 15 дней!!!
Даты и условия оговариваются дополнительно!",508.82,1500.0,False,https://re.kufar.by/vi/1080367371,1.0,,33.0,25.0,5.0,3,5,6.0,,2,2020.0,29,27.49664,53.878527,"Гурского ул, 45, Минск",Собственник
1080366959,2026-08-09T12:39:55Z,"Собст-ник сдаёт 1 к. кв-ру Минск, Дроздовича 6","Собственник сдает шикарную, уютную, чистую 1-комн. квартира с мебелью и техникой в Минске, ул. Дроздовича, 6. На 3 эт/10эт., 9/19/43 м. Имеется вся ку",498.64,1470.0,True,https://re.kufar.by/vi/1080366959,1.0,145,37.0,19.0,9.0,3,,3.0,10.0,4,2020.0,27,27.566035,53.849163,"Язепа Дроздовича ул, 6, Минск",Павел
1080363818,2026-08-09T12:23:10Z,Однокомнатная квартира АРЕНДА Бронь,Сдается однокомнатная квартира в 10 минутах (на транспорте) от ст.м. Петровщина. Остановка в 40 метрах от подъезда транспорт утром ходит каждые 3-5 ми,500.0,1474.0,False,https://re.kufar.by/vi/1080363818,3.0,,47.5,17.0,12.5,3,1,10.0,15.0,,2011.0,30,27.453647,53.87539,"Юрия Семеняко ул, 30, Минск",Екатерина
1080361626,2026-08-09T12:09:50Z,Двухкомнатная квартира в аренду в Северном береге,"Светлая, уютная, современная евродвушка в престижном районе ""Северный берег"". Первое заселение. Вся необходимая техника (варочная панель, духовой шкаф",644.5,1900.0,False,https://re.kufar.by/vi/1080361626,2.0,,42.0,36.0,10.0,2,10,1.0,7.0,,2025.0,23,27.567158,53.963542,"Виталия Цвирко ул, 84, Минск",Геннадий
1080358864,2026-08-09T11:41:18Z,Сдам квартиру,"Сдам квартиру семье или двум людям, т.к. есть 2 отдельные полноценные комнаты . До метро 2 минуты , в квартире есть все что нужно для жизни . Метро як",600.0,1768.8,False,https://re.kufar.by/vi/1080358864,,,70.0,50.0,,2,5,4.0,,,,23,27.582674846964352,53.914625225660366,"Независимости пр, 48, Минск",Kuzia
1080356714,2026-08-09T11:18:59Z,Сдам двухкомнатную квартиру,"Сдается  с 15 августа по договору на длительный срок.
Студентам и с животными не беспокоить",500.0,1474.0,False,https://re.kufar.by/vi/1080356714,4.0,100,45.0,,,,,2.0,6.0,,,24,27.620725,53.953424,"Логойский тракт, 34к1, Минск",Евгений
1080354065,2026-08-09T10:51:34Z,Двухкомнатная квартира около метро пушкинская,"Квартира свободна и готова к заселению.
Сдается аккуратная 2 комнатная квартира Гражданам РБ.
Чистая аккуратная квартира.
Жильцам предоставляется в ар",460.0,1356.08,False,https://re.kufar.by/vi/1080354065,,290,49.0,30.0,7.5,1,1,1.0,5.0,1,,30,27.487567,53.901313,"Янки Мавра ул, 30, Минск",Ekaterina Flower_toad
1080353995,2026-08-09T10:50:43Z,1-комнатная квартира на Грушевке,"Одной-двум ДЕВУШКАМ (иной состав не рассматриваем), желательно молодым специалистам, на длительный срок

однокомнатная квартира (45.2 м.кв., кухня 9.3",457.94,1350.0,False,https://re.kufar.by/vi/1080353995,,55,45.2,,,,,,,,,29,27.525521,53.88644,"Грушевская ул, 19, Минск",НА
1079304179,2026-08-09T10:32:24Z,"Сдам 1-комнатную квартиру на есенина 36, с 28.08","Сдается аккуратная 1-комнатная квартира возле метро малиновка с 28.08
1400 белорусских рублей",440.98,1300.0,False,https://re.kufar.by/vi/1079304179,,,45.0,22.0,12.8,1,1,8.0,15.0,10,2012.0,29,27.454285,53.851352,"Сергея Есенина ул, 36, Минск",Татьяна
1080239167,2026-08-09T10:24:23Z,Сдача в аренду двухкомнатной квартиры,"Дом в трех минутах до ст метро Петровщина. Тихий двор, спокойные соседи, Сдам двум девушкам без вредных привычек, Только для граждан РБ, В квартире ме",474.9,1400.0,False,https://re.kufar.by/vi/1080239167,2.0,320,63.0,42.0,9.0,3,1,3.0,9.0,1,1980.0,29,27.481126,53.864049,"Газеты Правда пр, Минск",Антон
1080349439,2026-08-09T10:04:16Z,Сдам однокомнатную квартиру в Центральном районе,"Светлая однокомнатная квартира в тихом центре Минска. 3-й этаж, окна выходят во двор. Всё для комфортной жизни: две кровати, вместительный шкаф, холод",508.82,1500.0,False,https://re.kufar.by/vi/1080349439,2.0,,33.0,19.0,6.0,2,1,3.0,4.0,3,1963.0,22,27.55713478297778,53.92427146115082,"Шевченко бул, 6, Минск",Ольга
1061236693,2026-08-09T09:52:28Z,Аренда квартиры,"С 06.08.2026 года Сдается 1-комнатная квартира в престижном экологически чистом районе Лебяжий на длительный срок.
До центра 7-10 минут на авто.
Совре",630.0,1857.24,False,https://re.kufar.by/vi/1061236693,3.0,,39.0,34.0,,3,5,14.0,22.0,2,2014.0,22,27.475656,53.933693,"Мястровская ул, 6, Минск",Квартира
1080345452,2026-08-09T09:22:31Z,"1 комн., 30 кв.м.","Долгосрочная аренда уютной квартиры, по договору найма. Только гражданам РБ!
Развитая инфраструктура, имеется все для комфортного проживания.( диван д",500.0,1474.0,False,https://re.kufar.by/vi/1080345452,1.0,,30.0,19.0,6.0,1,1,3.0,4.0,3,,29,27.517391,53.890839,"Розы Люксембург ул, 107, Минск",Дарья
1080345388,2026-08-09T09:21:53Z,Студия в аренду в Лебяжем,Уютная просторная студия со всем необходимым для проживания. Сдаётся на длительный срок одному человеку либо паре. С предоплатой за месяц+залоговая су,598.71,1765.0,True,https://re.kufar.by/vi/1080345388,2.0,,46.8,39.6,,1,5,3.0,22.0,,2013.0,22,27.475754,53.933598,"Мястровская ул, 6, Минск",Общество с ограниченной ответственностью ''Агентство недвижимости ''КУБ''
1080345215,2026-08-09T09:20:04Z,Квартира,Все вопросы по телефону!,746.27,2200.0,False,https://re.kufar.by/vi/1080345215,,,55.0,31.2,9.5,3,5,,,,,29,27.494008,53.878113,"Гурского ул, 39, Минск",Сергей
1080342756,2026-08-09T08:53:56Z,Евродвушка на Грушевке,"Сдается в аренду комфортная уютная евродвушка. До метро Грушевка 1 минута пешком. Вся инфраструктура в шаговой доступности. Окна во двор, в квартире т",630.94,1860.0,False,https://re.kufar.by/vi/1080342756,,55,43.5,28.0,,3,5,14.0,19.0,10,2025.0,29,27.512945,53.885098,"Дзержинского пр, 19А, Минск",Виктор
1076185403,2026-08-09T08:49:56Z,"2-комнатная квартира, Корженевского 1/1(Курасовщина)","Сдается 2-х комнатная квартира на длительный срок с заключением договора аренды. 

Только граждане РБ! Иностранцев, прошу, не беспокоить. Можно студен",420.0,1238.16,False,https://re.kufar.by/vi/1076185403,2.0,135,39.0,,7.08,3,1,7.0,9.0,,,28,27.497116,53.848144,"Корженевского ул, 1к1, Минск",Елена
1080341228,2026-08-09T08:38:23Z,Уютная трех комнатная квартира вблизи метро,"Сдаётся просторная 3-комнатная квартира по адресу: г. Минск, ул. Острoшицкая, 11. 

Квартира полностью готова для проживания — есть необходимая мебель",750.0,2211.0,False,https://re.kufar.by/vi/1080341228,3.0,280,70.0,46.0,9.0,3,10,,9.0,1,1989.0,24,27.692698,53.949259,"Острошицкая ул, 11, Минск",Павел
1072411204,2026-08-09T08:33:27Z,Сдам квартиру,"Сдам квартиру напротив Левады. Есть частично  мебель, холодильник, стиральная машина. Возможно дополнительно приобретение мебели по согласованию с аре",600.0,1768.8,False,https://re.kufar.by/vi/1072411204,4.0,,80.0,,12.0,4,1,4.0,9.0,,,22,27.536427,53.936863,"Стадионная ул, Минск",Янина
1080334276,2026-08-09T07:45:51Z,Аренда евро двушки в Минск-Мире,Сдается на длительный срок евро двушка в Минск Мире. Имеется абсолютно всё для комфортного проживания ( современная мебель и техника).,600.0,1768.8,False,https://re.kufar.by/vi/1080334276,4.0,170,38.0,20.0,18.0,1,,20.0,21.0,4,2025.0,28,27.554500090925956,53.86426130513193,"Жореса Алфёрова ул, 3, Минск",Ирина
1080334241,2026-08-09T07:45:17Z,2-ух комнатная светлая уютная квартира в центре,Светлая просторная квартира в современном классическом стиле с панорамной лоджией и великолепным видом на Парк Победы. Предлагается в долгосрочную аре,900.0,2653.2,False,https://re.kufar.by/vi/1080334241,2.0,90,69.0,31.3,12.9,3,10,18.0,19.0,,2011.0,22,27.530848,53.910919,"Машерова пр, 43, Минск",Мария
1080334009,2026-08-09T07:42:18Z,Квартира,"Сдается на длительный срок уютная двухкомнатная квартира в спокойном озелененном районе города, дом после кап.ремонта, рядом школа, магазины, детские",576.66,1700.0,False,https://re.kufar.by/vi/1080334009,4.0,,52.0,30.0,8.5,1,1,5.0,12.0,3,1998.0,28,27.504815,53.851729,"Казинца ул, 64А, Минск",Оксана
1077566654,2026-08-09T07:29:26Z,Однокомнатная квартира,"Сдаётся 1 комнатная квартира (Евродвушка) в престижном доме с отличным ремонтом в Фрунзенском районе столицы. Квартира находится на 6 этаже, укомплект",500.34,1475.0,False,https://re.kufar.by/vi/1077566654,2.0,290,54.0,19.0,12.0,3,5,6.0,16.0,10,2009.0,30,27.507025,53.901812,"Болеслава Берута ул, 11А, Минск",Игорь
1080330771,2026-08-09T07:21:52Z,Сдаётся 2-х комнатная квартира на длительный срок,Сдаётся на длительный срок светлая уютная 2-х комнатная квартира по ул. Цнянская - 13. Ст. метро Площадь Я. Коласа - 10 мин. Комаровский рынок - 5 мин,650.0,1916.2,False,https://re.kufar.by/vi/1080330771,3.0,,48.0,30.0,7.0,3,5,5.0,9.0,3,,23,27.583423589164877,53.923772782006864,"Цнянская ул, 13, Минск",Алла
1080327973,2026-08-09T06:55:59Z,Аренда квартиры,"Сдается с 20 августа. Гражданам Республики Беларусь. Заключение договора аренды. Без животных. Не курящим. До магазина ""Простор"" 10 минут, до метро ""М",0.0,0.0,False,https://re.kufar.by/vi/1080327973,,150,51.0,28.4,8.9,1,1,9.0,9.0,1,2001.0,29,27.446101,53.847081,"Слободская ул, Минск",Наталья
1080327687,2026-08-09T06:53:38Z,Сдаю 2-комн. квартиру на длительный срок.,"Сдаю 2-комн. квартиру на длительный срок. г.Минск, ул. Калинина,  д. 20
(5 минут до метро Парк Челюскинцев).
Две раздельные комнаты, встроенные шкафы",508.82,1500.0,False,https://re.kufar.by/vi/1080327687,,,42.0,25.0,5.5,1,,3.0,,,,24,27.604878,53.928169,"Калинина ул, 20, Минск",Елена
1079284629,2026-08-09T06:16:18Z,Аренда 2-к квартиры р-н ст.м.Академия Наук,"Долгосрочная (год и более) аренда 2-к. квартиры вблизи ст.м. Академия Наук (7мин. пешком). Новый ремонт, ранее квартира не сдавалась. В квартире имеет",560.0,1650.88,False,https://re.kufar.by/vi/1079284629,4.0,,45.0,35.0,6.0,1,5,3.0,5.0,3,1960.0,24,27.595895,53.927416,"Якуба Коласа ул, 34, Минск",NEW BALANCE
1080325611,2026-08-09T06:12:01Z,Квартира,"Сдаётся на длительный срок от 1 года квартира с дизайнерским ремонтом в престижном ЖК ""Минск Мир"" (квартал Южная Европа, дом Салоники). В квартире две",508.82,1500.0,False,https://re.kufar.by/vi/1080325611,,170,41.5,34.8,,3,10,6.0,25.0,10,2022.0,28,27.541817,53.87196,"Белградская ул, 2, Минск",Юлия
1080325541,2026-08-09T06:10:37Z,Квартира на длительный срок,"Добрый день, запись на просмотр приостановлена.
Сдается с 1 сентября. Квартира рассчитана на проживание 1-2 человек. Имеется кондиционер, холодильник,",440.98,1300.0,False,https://re.kufar.by/vi/1080325541,2.0,170,29.7,,,1,10,,,,,28,27.557348,53.864995,"Леонида Щемелёва ул, 10, Минск",Добрый день
1080323494,2026-08-09T05:38:45Z,Сдам 3- комнатную квартиру на 1 месяц,"Сдам 3 комнатную квартиру Маяковского,154 на 1 месяц. Есть базовый минимум для проживания. Предоплата 1400+ коммунальные платежи. Тел. Дмитрий",474.9,1400.0,False,https://re.kufar.by/vi/1080323494,3.0,,67.0,65.0,8.0,1,,4.0,9.0,3,,27,27.569494,53.8686,"Маяковского ул, 154, Минск",Алеся
1079017876,2026-08-09T04:46:25Z,VIP квартира в Лебяжьем,"VIP квартира в Лебяжьем .
2 комнаты с гардеробом и шикарным балконом(Возможно сделать кабинет рабочий).
Премиальная техника.
Сдаётся парам без питомце",800.0,2358.4,False,https://re.kufar.by/vi/1079017876,2.0,,54.0,,,3,10,11.0,19.0,10,2018.0,22,27.47615,53.937255,"Победителей пр, 115, Минск",Александр
1080294673,2026-08-08T20:20:21Z,Сдам 1-комнатную квартиру с красивым ремонтом.,Сдам 1-комнатную квартиру с красивым ремонтом аккуратной девушке или семейной паре на недлительный срок. Все вопросы в личку или по телефону. Срочно.,0.0,0.0,False,https://re.kufar.by/vi/1080294673,1.0,105,45.0,25.0,10.0,1,10,7.0,22.0,10,2011.0,30,27.428512,53.908076,"Притыцкого ул, 158, Минск",Татьяна
1080294346,2026-08-08T20:18:26Z,Квартира,"Просторная 3-х комнатная Квартира с отличным ремонтом в центре города, до ст метро институт культуры пешком 2 минуты, до ст. м . ковальская слобода 6,",899.0,2650.25,False,https://re.kufar.by/vi/1080294346,3.0,,65.0,40.0,8.0,1,5,3.0,12.0,1,1993.0,28,27.544725614996715,53.88474082116097,"Могилёвская ул, 16, Минск",Максим
1080288792,2026-08-08T18:31:02Z,Сдается уютная квартира в центре Минска,"Квартира с новым ремонтом. После обновления никто не проживал . В пешей доступности парк им. Горького, кафе\рестораны, кинотеатр и прочая инфраструкту",800.0,2358.4,False,https://re.kufar.by/vi/1080288792,4.0,,50.0,40.0,10.0,2,5,3.0,5.0,3,1958.0,23,27.581675,53.909158,"Козлова ул, 7, Минск",Олег
1071444507,2026-08-08T18:21:28Z,3-комнатная квартира,"Сдаётся на длительный срок квартира 64кв.м. в ЖК «СЕВЕРНЫЙ БЕРЕГ».
Это не просто жильё -это высочайший уровень комфорта, топовая локация и самый персп",1350.0,3979.8,False,https://re.kufar.by/vi/1071444507,,,64.0,,,3,5,8.0,8.0,,,23,27.567158,53.963542,"Виталия Цвирко ул, 84, Минск",Екатерина
1076038984,2026-08-08T18:06:15Z,Сдам 3 комнатную квартиру с хорошим ремонтом,Хорошая трехкомнатная квартира для комфортного проживания! Метро в шаговой доступности ! Отличное транспортное сообщение! Вдалеке от шума и городской,700.0,2063.6,False,https://re.kufar.by/vi/1076038984,3.0,,55.6,,,1,10,2.0,5.0,3,1981.0,24,27.610367,53.936227,"Волгоградская ул, 53А, Минск",Инна
1056401738,2026-08-08T17:56:05Z,Квартира 3 комнатная у метро от 15 дней,Сдаётся уютная 3квартира недалеко от центра и метро. На период от 15 суток и до полугода.,999.0,2945.05,True,https://re.kufar.by/vi/1056401738,8.0,,85.0,60.0,10.0,4,5,5.0,10.0,1,2007.0,28,27.554905,53.87833,"Воронянского ул, 27, Минск",ООО ЦЕНТРХАУСАПАРТ
1080285852,2026-08-08T17:52:08Z,"1-комнатная квартира, метро Спортивная","Сдается уютная однокомнатная квартира в Минске по адресу: ул. Бельского, 17. Дом с уникальным проектом, всего 350 метров до станции метро «Спортивная»",474.9,1400.0,False,https://re.kufar.by/vi/1080285852,1.0,,30.2,29.0,7.0,2,1,9.0,9.0,1,1976.0,30,27.482052,53.90491,"Бельского ул, 17, Минск",Ксения
1080279328,2026-08-08T17:50:54Z,Сдаю квартиру на длительный срок,"Сдаётся квартира, всё вопросы по указанному номеру звонить в любое время. Заезд можно с сегодняшнего дня 
 только звонить, на сообщение на куфаре не о",340.0,1002.32,False,https://re.kufar.by/vi/1080279328,1.0,,45.0,20.0,7.0,2,1,1.0,5.0,1,,26,27.623509,53.873378,"Народная ул, Минск",Квартира
1080284328,2026-08-08T17:21:38Z,Сдаётся 2х комнатная квартира,"Сдаётся 2х комнатная квартира на длительный срок только гражданам РБ без вредных привычек, детей и животных. Предпочтение молодым специалистам. Оплата",420.0,1238.16,False,https://re.kufar.by/vi/1080284328,,150,45.0,31.0,,1,,5.0,,,,29,27.433857,53.856727,"Рафиева ул, 113, Минск",Галина Ивановна
1080283073,2026-08-08T17:03:08Z,Сдается 2-к квартира в Минске,"Отличное расположение. Возле Комаровки. 12 минут до метро Я.Коласа. Нормальное состояние. Квартира теплая. Коммунальные обычные, есть  зарегистрирован",575.0,1695.1,False,https://re.kufar.by/vi/1080283073,3.0,120,47.0,28.4,7.1,3,1,5.0,9.0,1,1984.0,23,27.579106,53.923424,"Куйбышева ул, 75, Минск",Аксана
1074517637,2026-08-08T16:51:58Z,Сдаю квартиру на длительный срок,"Сдаю квартиру (Лебяжий район). Возможно проживание только без домашних животных. Полноценная двухкомнатная квартира, общая площадь 55м.кв., имеется вс",700.0,2063.6,False,https://re.kufar.by/vi/1074517637,2.0,,55.0,,,1,10,3.0,25.0,,2018.0,22,27.463800022498706,53.94035366875404,"Мястровская ул, 28, Минск",Светлана
1056904024,2026-08-08T15:55:53Z,Двухуровневая квартира,"Редкий формат жилья для тех, кто не привык к компромиссам. Уникальная двух-уровненная  квартира с панорамным видом на парк Павлова, где пространство,",1500.0,4422.0,False,https://re.kufar.by/vi/1056904024,5.0,,132.0,90.0,15.0,4,10,15.0,16.0,10,2015.0,29,27.4788,53.855967,"Дзержинского пр, 115, Минск",Анна
1080271817,2026-08-08T15:37:26Z,квартира,"Сдается новая евродвушка с черновой отделкой на длительный срок у метро Михалово (10 минут). Рядом есть магазины, школа, детский сад, поликлиника.",305.29,900.0,False,https://re.kufar.by/vi/1080271817,,,51.5,39.4,,1,15,11.0,21.0,2,2025.0,29,27.511265,53.875406,"Кузьмы Минина ул, 6, Минск",Елена
1080270613,2026-08-08T15:20:58Z,Евродвушка в аренду в Северном береге,Сдается новая двухкомнатная квартира в современном жилом комплексе! Ремонт сделан в 2026 году по индивидуальному дизайн-проекту с использованием высок,797.15,2350.0,False,https://re.kufar.by/vi/1080270613,2.0,,44.0,34.0,,1,10,7.0,7.0,2,2025.0,23,27.568344,53.965158,"Виталия Цвирко ул, 102, Минск",Мария
1077710313,2026-08-08T15:20:00Z,Сдам квартиру,"Здравствуйте,сдается  уютная евро двушка в Минск-Мире после ремонта.До метро Аэродромная 8 минут пешком.Бесплатный Wi Fi.Сдается на длительный срок.",560.0,1650.88,False,https://re.kufar.by/vi/1077710313,,170,35.6,30.0,12.0,1,10,2.0,25.0,2,2024.0,28,27.534262,53.868637,"Леонида Левина ул, 7, Минск",Юрий
1080266568,2026-08-08T14:51:31Z,Аренда квартиры,"Комната 20 кв.м. В квартире никто не прописан, оплата ком.платежей отдельно от аренды.",350.0,1031.8,False,https://re.kufar.by/vi/1080266568,1.0,,32.0,20.0,6.5,1,1,4.0,5.0,3,1970.0,27,27.570311,53.86269,"Маяковского ул, 166А, Минск",Инна
1079200353,2026-08-08T14:35:43Z,"Квартира - студия на Белградской, 11","Уникальное предложение 1-комнатной квартиры в одном из престижных районов города Минска!!! Квартира студия с дизайн-ремонтом( 30м2), оборудована кухон",550.0,1621.4,False,https://re.kufar.by/vi/1079200353,3.0,170,30.0,,,3,10,11.0,25.0,,,28,27.537082,53.863826,"Белградская ул, 11, Минск",Антонина
1076046174,2026-08-08T14:33:39Z,"Аренда 4-комнатной квартиры, Пионерская 5","Аренда четырехкомнатной просторной квартиры в элитном районе!
Сдаётся в аренду на продолжительный срок уютная, полностью оборудованная квартира в одно",1900.0,5601.2,True,https://re.kufar.by/vi/1076046174,,195,129.8,83.1,18.0,4,,3.0,4.0,4,2007.0,22,27.489355,53.938648,"Пионерская ул, 5, Минск",ООО Центр недвижимости ГАЛАКТИКА
1080266018,2026-08-08T14:23:53Z,Сдается от собственника 3-х комнатная квартира в центре рядом с метро с отличной шумоизоляцией.Семье,Идеально для семьи. Сдается от собственника. Уютная теплая 3-комнатная квартира с оригинальной планировкой и нестандартной аутентичной отделкой. Три к,900.0,2653.2,False,https://re.kufar.by/vi/1080266018,3.0,,67.5,36.1,12.8,2,10,2.0,5.0,3,1956.0,28,27.551402,53.892707,"Кирова ул, 3, Минск",Ольга
1080264326,2026-08-08T14:06:56Z,Квартира в долгосрочную аренду,Новая квартира. Дизайнерский ремонт. Качественные материалы. Первое заселение. Полностью укомплектована. Договор. Метро в шаговой доступности. Вся инф,1400.0,4127.2,False,https://re.kufar.by/vi/1080264326,3.0,170,60.0,50.0,24.0,2,10,9.0,13.0,10,2025.0,28,27.542697,53.866216,"Игоря Лученка ул, 16, Минск",Олег
1080264309,2026-08-08T14:06:45Z,Сдается 1-комн. квартира в Зелёном Луге,"Квартира освободится 18 августа. Просмотр 22, 23 августа (запись на просмотр ограничена), заключение договора 24 августа. Первый этаж с высокими окнам",400.0,1179.2,False,https://re.kufar.by/vi/1080264309,2.0,100,30.0,19.0,5.7,2,10,1.0,5.0,1,1967.0,24,27.617920228591483,53.951540468492446,"Логойский тракт, Минск",Ольга
1080150339,2026-08-08T13:44:25Z,"Сдается 2 ком.кв., ул. Ольшевского, 1А","Сдается в аренду на длительный срок 2- комнатная квартира  по
Ул. Ольшевского 1 А
- Дом расположен шаговой доступности  от станции метро Пушкинская",650.0,1916.2,True,https://re.kufar.by/vi/1080150339,,205,59.5,35.3,9.9,3,10,6.0,15.0,10,2007.0,30,27.505794,53.911694,"Ольшевского ул, 1А, Минск",ООО Сильван-Инвест
1080259037,2026-08-08T13:06:56Z,Сдам 1-ую квартиру,Сдается аккуратная 1-комнатная квартира недалеко от ст. метро Спортивная. В квартире зарегистрирован 1 человек. Предпочтение семейным парам или 1 чело,400.0,1179.2,False,https://re.kufar.by/vi/1080259037,2.0,205,40.0,,,2,1,3.0,5.0,1,,30,27.474147,53.91372,"Петра Глебки ул, 44, Минск",Галина
1080258224,2026-08-08T12:56:42Z,Снять 1-комнатную квартиру г.Минск,"Сдаётся в аренду на длительный срок однокомнатная квартира. Зеленый двор. Развитая инфраструктура, магазины и др. Без домашних животных. Только гражда",475.0,1400.3,False,https://re.kufar.by/vi/1080258224,1.0,150,38.0,19.0,7.0,1,5,9.0,9.0,,1977.0,29,27.438043,53.856966,"Сергея Есенина ул, 59, Минск",Артём
1080254734,2026-08-08T12:45:22Z,"2-к квартира  Макаенка ул., 12/Г","Сдается современная 2-комнатная квартира в аренду в Минске, в престижном Первомайском районе, по адресу ул. Макаенка. 

  

 Представляем вашему внима",854.44,2518.89,True,https://re.kufar.by/vi/1080254734,,,46.8,40.4,,3,,4.0,25.0,,2021.0,24,27.6245,53.9223,"Макаёнка ул, 12К, Минск",ООО ТВОЯ СТОЛИЦА
1080254735,2026-08-08T12:45:22Z,"1-к квартира  Мстиславца ул., 4","Однокомнатная квартира в одном из самых популярных жилых комплексов - «Маяк Минска».  Площадь 44,4 кв.м. Современный дом 2012 года постройки, уютное л",623.24,1837.31,True,https://re.kufar.by/vi/1080254735,,325,44.0,18.0,,3,,7.0,9.0,,2012.0,24,27.6531,53.9295,"Петра Мстиславца ул, 4, Минск",ООО ТВОЯ СТОЛИЦА
1080254528,2026-08-08T12:43:30Z,Квартира,"собственник, сдам квартиру на долгий срок. Рядом простор, сад, школа. Метро в 5 минутах ходьбы. Все для жизни имеется.",550.0,1621.4,False,https://re.kufar.by/vi/1080254528,1.0,150,44.0,35.0,7.0,1,1,4.0,10.0,1,,29,27.461876,53.848627,"Сергея Есенина ул, 11, Минск",Лиана
1080254117,2026-08-08T12:39:19Z,Квартира,Сдается квартира только на длительный срок от года и более. По договору. Оплата за месяц вперед + залог + коммунальные платежи. Возможна сдача иностра,650.0,1916.2,False,https://re.kufar.by/vi/1080254117,2.0,55,44.6,31.5,19.6,3,5,3.0,13.0,2,2013.0,29,27.507797,53.882454,"Дзержинского пр, 23, Минск",Анастасия
1079918122,2026-08-08T12:24:45Z,Сдам однокомнатную квартиру на долгий срок,"Сдам однокомнатную квартиру на долгий срок в спокойном районе Минска ТОЛЬКО ГРАЖДАНАМ РБ , не студентам , прошу звонить по номеру  , Александр

Заезд",340.0,1002.32,False,https://re.kufar.by/vi/1079918122,2.0,80,35.0,18.0,8.0,3,1,2.0,5.0,2,2008.0,30,27.456279,53.897615,"переулок Одинцова, 3, Минск",Артём
1075150547,2026-08-08T12:19:15Z,Сдается квартира на Асаналиева 22/3.,"Сдается квартира на Асаналиева 22/3.
Первая сдача.
Квартира трехкомнатная. Сдается на длительный срок. Свободна и готова к заселению.
Большая кухня 8,",576.66,1700.0,True,https://re.kufar.by/vi/1075150547,4.0,235,64.3,38.2,8.8,3,1,2.0,12.0,1,1992.0,28,27.548904,53.853296,"Асаналиева ул, 22к3, Минск",ООО ''Фаттория Плюс''
1048181473,2026-08-08T12:18:34Z,"Квартира, 1 комн., 39.4 м², этаж 4 из 4, Нововиленская ул, 35","Уютная квартира расположена в самом живописном месте в центре города.
Четырёхэтажный дом на берегу реки Свислочь в парковой зоне.

Развитая инфраструк",850.0,2505.8,True,https://re.kufar.by/vi/1048181473,2.0,,39.4,26.1,,1,10,4.0,4.0,10,2021.0,22,27.531567,53.933306,"Нововиленская ул, 35, Минск",ООО ''Фаттория Плюс''
1061115214,2026-08-08T12:18:34Z,Трёхкомнатная квартира с продуманной планировкой,"Трёхкомнатная квартира с продуманной планировкой и качественной отделкой.

Сдается 3-комнатная квартира с хорошим дизайном и качественной техникой. Ср",800.0,2358.4,True,https://re.kufar.by/vi/1061115214,2.0,220,85.6,55.8,9.5,3,10,13.0,15.0,10,2012.0,23,27.585313,53.937483,"Тургенева ул, 1, Минск",ООО ''Фаттория Плюс''
254471986,2026-08-08T12:18:10Z,К вашему вниманию 5-ти комнатная квартира,"К вашему вниманию 5-ти комнатная квартира возле парка.
Квартира в классическом исполнении с камином на дровах.
В квартире есть все необходимое для бол",3000.0,8844.0,True,https://re.kufar.by/vi/254471986,,,176.2,132.4,40.4,1,10,3.0,4.0,3,1954.0,25,27.579851,53.90561,"Захарова ул, 27, Минск",ООО ''Фаттория Плюс''
1057483462,2026-08-08T12:18:10Z,Предлагается в долгосрочную аренду просторная 4-комнатная квартира,"Предлагается в долгосрочную аренду просторная 4-комнатная квартира (140,7 кв. м по СНБ) в престижном кирпичном доме 2004 года постройки. 
Сдается двух",1200.0,3537.6,True,https://re.kufar.by/vi/1057483462,6.0,,140.7,91.2,9.8,3,10,7.0,9.0,3,2004.0,23,27.558894,53.91836,"Машерова пр, 50, Минск",ООО ''Фаттория Плюс''
1073504420,2026-08-08T12:17:47Z,Эксклюзивная 2-комнатная квартира,"Эксклюзивная 2-комнатная квартира в «Леваде» с выходом на собственную террасу с панорамными видами на Свислочь и город.

Сдается новая просторная двух",1492.54,4400.0,True,https://re.kufar.by/vi/1073504420,,,63.3,37.2,,3,5,8.0,9.0,2,2025.0,22,27.52792,53.936683,"Нововиленская ул, 61, Минск",ООО ''Фаттория Плюс''
1070528091,2026-08-08T12:17:45Z,Квартира в престижном клубном доме в центре Минска,"Квартира в престижном клубном доме в центре Минска

 

Полностью готова к проживанию. Все необходимое оборудование, предметы быта и мебели. Актуальная",1933.51,5700.0,True,https://re.kufar.by/vi/1070528091,,,123.4,56.3,32.5,3,10,1.0,8.0,2,2014.0,29,27.543353,53.90309,"Короля ул, 8, Минск",ООО ''Фаттория Плюс''
1077335178,2026-08-08T11:51:49Z,Сдаем 2-комнатную квартиру возле метро,"СДАЁТСЯ ХОРОШАЯ ДВУХКОМНАТНАЯ КВАРТИРА РЯДОМ С МЕТРО, ШКОЛОЙ И САДОМ
Метро – 5 минут пешком (без переходов через оживлённые трассы) Школа, сад рядом М",746.27,2200.0,False,https://re.kufar.by/vi/1077335178,2.0,105,65.0,65.0,1.0,1,10,5.0,9.0,1,2010.0,30,27.432797,53.912102,"Кунцевщина ул, 17, Минск",Виктория
1058796615,2026-08-08T11:24:49Z,Квартира в аренду на длительный срок,"Аренда квартиры на длительный срок по договору, укомплектована всем необходимым, близость к метро (ст. м. Пушкинская 7 минут). Мебель вся новая, кварт",500.0,1474.0,False,https://re.kufar.by/vi/1058796615,,205,35.0,,,1,,,,10,,30,27.495634,53.909927,"Пушкина пр, Минск",Ирина
1080243527,2026-08-08T11:08:00Z,Сдаётся просторная 2-комнатная квартира,"Сдается 2-х комнатная, просторная квартира в самом центре Минска! 
Уютный, тихий, зеленый район. В 5 минутах хотьбы от кинотеатра Киев. Остановки общ.",700.0,2063.6,False,https://re.kufar.by/vi/1080243527,4.0,,45.0,30.0,5.0,1,5,3.0,5.0,1,1961.0,22,27.561508,53.928243,"Гая ул, 17, Минск",Дмитрий
1080242689,2026-08-08T10:59:18Z,Сдаётся квартира в Маяк Минска,"Сдаётся стильная квартира 84 м2, с видом на Национальную библиотеку в престижном районе Маяк Минска, рядом фитнес центр, кафе,  метро и торговый центр",1000.0,2948.0,False,https://re.kufar.by/vi/1080242689,,325,84.0,64.0,,3,10,5.0,24.0,10,2020.0,24,27.651142,53.928227,"Франциска Скорины ул, 5, Минск",Ольга
1080242546,2026-08-08T10:57:55Z,Стильная евро-2к квартира (57м²) в обжитом ЖК «Минск Мир» / Дом Марина-2,"Сдается на длительный срок просторная и полностью укомплектованная квартира площадью 57 кв. м. по адресу: ул. Братская, 4 (дом «Марина-2», квартал «Эм",807.56,2380.7,False,https://re.kufar.by/vi/1080242546,2.0,170,57.0,,,3,5,7.0,16.0,2,2018.0,28,27.553225,53.870506,"Братская ул, 4, Минск",Тереса
1073121689,2026-08-08T10:41:19Z,Сдам квартиру ЖК Парк Челюскинцев 41 м2,Новая светлая и просторная квартира-студия 41м2 расположена на 11 этаже у входа в Парк Челюскинцев. Укомплектована всей необходимой мебелью и надежной,730.0,2152.04,False,https://re.kufar.by/vi/1073121689,2.0,,41.0,,,3,10,11.0,13.0,10,2022.0,24,27.622478230154456,53.9249707833547,"Независимости пр, 88, Минск",Екатерина
1080240814,2026-08-08T10:39:45Z,Сдаётся просторная 1-комнатная квартира,"Сдается просторная, светлая квартира в Минске. Новый дом, 2025 года постройки. Свежий ремонт, никто кроме хозяина в квартире не жил. В 5 минутах ходьб",500.0,1474.0,False,https://re.kufar.by/vi/1080240814,2.0,10,45.0,20.0,12.0,1,1,10.0,19.0,1,2025.0,26,27.679403,53.868297,"Магнитная ул, 32, Минск",Анастасия
1080238413,2026-08-08T10:31:11Z,Сдам СТУДИЮ 45 м2 метро в 5 мин КАСКАД,"Сдам в ДОЛГОСРОЧНУЮ аренду квартиру в миниполисе КАСКАД в доме по адресу: 
г. Минск, ул. Скрыганова, д. 16. Расположение дома в центре города, метро в",700.0,2063.6,False,https://re.kufar.by/vi/1080238413,2.0,110,45.0,,,3,5,5.0,8.0,2,2015.0,30,27.520778,53.908469,"Скрыганова ул, 16, Минск",Наталья Николаевнав
1080238483,2026-08-08T10:14:28Z,Сдам в аренду 3-комнатную квартиру,"Сдаётся полностью обустроенная отличная евротрёшка. В шаговой доступности развитая инфраструктура: магазин, банк, аптека, WB, Ozon, кофейни, ТЦ Рига,",1000.0,2948.0,False,https://re.kufar.by/vi/1080238483,6.0,220,73.0,54.0,,1,10,8.0,8.0,10,2019.0,23,27.594853,53.935739,"Корш-Саблина ул, 2, Минск",Дмитрий
1080235506,2026-08-08T09:57:16Z,Сдаётся квартира,"Сдаётся чистая белая квартира 
Аккуратным и чистоплотным людям любящим чистоту 
Без домашних животных 
Будет залог 
1-мес опл 
Из квартиры открывается",491.86,1450.0,False,https://re.kufar.by/vi/1080235506,,170,29.0,23.0,,,5,24.0,25.0,,,28,27.526967,53.869141,"Брилевская ул, 35, Минск",Инна
1080235679,2026-08-08T09:41:59Z,Сдаётся евродвушка на длительный срок возле метро,"С 1 сентября. Светлая и просторная квартира на 24 этаже современного жилого комплекса Минск Мир.
Только гражданам Беларуси, без животных, птиц и други",590.0,1739.32,False,https://re.kufar.by/vi/1080235679,4.0,170,34.4,30.1,,3,5,24.0,25.0,10,2021.0,28,27.541205999999697,53.86817243337024,"Игоря Лученка ул, 9, Минск",kru7
1080226664,2026-08-08T09:04:34Z,Сдам однокомнатную квартиру,"Сдадим одной девушке студентке однокомнатную квартиру на один год и более возле рынка Экспобел. Есть вся мебель и бытовая техника, квартира тёплая. За",508.82,1500.0,False,https://re.kufar.by/vi/1080226664,,100,32.0,17.0,7.0,,,,9.0,,,24,27.632223,53.955612,"Тикоцкого ул, 26, Минск",Де
1079419114,2026-08-08T09:00:07Z,3-х комнатная квартира на Азгура в аренду,"Квартира в центре Минска рядом с парком Горького (2мин. пешком). Интернет подключает Арендатор по нужному ему тарифу.
Квартплата (в т.ч. охрана) - Аре",0.0,0.0,False,https://re.kufar.by/vi/1079419114,6.0,200,68.0,41.0,8.0,4,1,8.0,9.0,3,1986.0,25,27.580498,53.900618,"Азгура ул, 3, Минск",Александр
1080228983,2026-08-08T08:26:08Z,2-х комнатная квартира в  аренду,"Сдается 2х контатная квартира возле метро Каменная Горка. Рядом магазин, остановка автобуса, расположение хорошее, соседи порядочные. 
Сдается в долго",508.82,1500.0,False,https://re.kufar.by/vi/1080228983,2.0,80,55.0,,,3,1,8.0,9.0,1,2002.0,30,27.441421,53.904438,"Бурдейного ул, 37, Минск",Alena
1080225890,2026-08-08T08:21:37Z,Квартиры,"Агентов прошу не беспокоить!
Дом расположен в тихом центре Минска. В пешей доступности - (2 мин) полеклиника, сквер с велодорожками и тренажерами ( 5",680.0,2004.64,False,https://re.kufar.by/vi/1080225890,,,63.0,43.0,,1,1,4.0,5.0,3,,23,27.596838,53.932145,"Ломоносова ул, 8, Минск",Частное лицо
1080228292,2026-08-08T08:19:21Z,Сдаётся 2-х комнатная квартира на длительный срок,Сдается двухкомнатная квартира на длительный срок с оформлением договора найма. Квартира находится в шаговой доступности от ст. метро Каменная Горка.,508.82,1500.0,False,https://re.kufar.by/vi/1080228292,2.0,80,54.0,,,1,1,8.0,9.0,,2002.0,30,27.441421,53.904438,"Бурдейного ул, 37, Минск",Ольга
1080226827,2026-08-08T08:05:43Z,Сдам квартиру,"Сдам квартиру в Лошице. 
Окна выходят на одну сторону.  Всегда светло.
Парню, девушке, семейной паре без домашних животных. 
Агентствам, увесилительны",450.0,1326.6,False,https://re.kufar.by/vi/1080226827,2.0,145,37.1,17.1,8.9,3,1,7.0,9.0,1,2002.0,27,27.58684,53.837147,"Прушинских ул, 6, Минск",Ярослав
1080223278,2026-08-08T07:49:58Z,Аренда 2-комнатной квартиры в Первомайском районе Минска,"Уютная двухкомнатная квартира в аренду на длительный срок.  Спокойный двор с детской площадкой, парковой зоной. Метро «Московская» в 7 минутах ходьбы.",650.0,1916.2,False,https://re.kufar.by/vi/1080223278,2.0,,42.0,25.7,6.0,1,5,2.0,4.0,1,1969.0,24,27.619754,53.932447,"Волгоградская ул, 15А, Минск",Сергей
1079277109,2026-08-08T07:21:51Z,Аренда квартиры,"Сдается стильная, абсолютно новая квартира с дизайнерским ремонтом в доме клубного типа, есть абсолютно все для комфортной жизни, вся техника и мебель",850.0,2505.8,False,https://re.kufar.by/vi/1079277109,2.0,220,45.0,45.0,,1,10,1.0,2.0,4,2025.0,23,27.584846,53.943901,"переулок Максима Богдановича, 28, Минск",Борис
1079132757,2026-08-08T06:56:27Z,"Сдается 1 комнатная квартира, Сухарево","Сдаётся однокомнатная квартира в Сухарево-5 (ул. Скрипникова,11). 
Хороший ремонт. На встроенной кухне имеется холодильник, варочная электрическая пан",500.0,1474.0,False,https://re.kufar.by/vi/1079132757,2.0,,47.1,19.2,9.6,1,5,6.0,16.0,4,2007.0,30,27.420364,53.890755,"Скрипникова ул, 11, Минск",Илона
1077003830,2026-08-08T06:51:44Z,Аренда квартиры,"Большая квартира с качественным ремонтом сдаётся для семьи от собственника на длительный срок по ул.Лобанка,88

Квартира расположена на 2 этаже 9-этаж",700.0,2063.6,False,https://re.kufar.by/vi/1077003830,7.0,265,93.0,51.0,12.0,1,5,2.0,9.0,,2007.0,30,27.427220346574366,53.89024811692905,"Лобанка ул, 88, Минск",Вадим
1068646728,2026-08-08T06:45:43Z,Аренда квартиры,"СВОБОДНА С 26-27.08.2026
На длительный срок. Предоплата за 1 месяц + залог в размере месячной аренды (если все хорошо, возвращается при выселении-проп",500.0,1474.0,False,https://re.kufar.by/vi/1068646728,2.0,,34.0,28.0,,3,1,3.0,5.0,10,2020.0,29,27.508381,53.889115,"Розы Люксембург ул, 151, Минск",Юрий
1080212396,2026-08-08T06:12:56Z,Сдаётся 2-х комн. квартира во Фрунзенском районе недалеко от ст метро Спортивная.,"Сдаётся 2-х комн квартира от собственника на длительный срок во Фрунзенском районе недалеко от ст метро Спортивная. 
Рядом с домом парк,фитнес-центр,м",550.0,1621.4,False,https://re.kufar.by/vi/1080212396,,,68.0,30.0,9.0,,5,5.0,9.0,1,2014.0,30,27.474308,53.899568,"Киреенко ул, 5, Минск",Руж
1080185371,2026-08-08T06:04:59Z,Однокомнатная квартира на длительный срок,Сдаю однокомнатную квартиру (непрописную) по ул. Одоевского 36 от собственника на длительный срок по договору. Предусмотрен залог = 1 мес.проживания.,350.0,1031.8,False,https://re.kufar.by/vi/1080185371,4.0,,33.0,17.0,7.0,3,1,7.0,9.0,1,1978.0,30,27.490433,53.903079,"Одоевского ул, 36, Минск",Пользователь
1080192718,2026-08-08T05:23:36Z,"1-комн. квартира в Центральном районе, ул. Нарочанская 4, аренда для белорусов","Однокомнатная раздельная квартира со совмещенным санузлом. Дом введен в эксплуатацию - 11 декабря 2019г. Конструкция дома - железобетонный каркас, нар",600.0,1768.8,False,https://re.kufar.by/vi/1080192718,1.0,,42.0,20.0,9.0,3,5,14.0,19.0,10,2019.0,22,27.477839,53.934605,"Нарочанская ул, 4, Минск",Sergei_L
1079843752,2026-08-08T05:02:01Z,2х-комнатная квартира,Сдаётся только на длительный срок порядочным аккуратным людям. Без животных и детей. Предоплата месяц + залог ( в размере месячной оплаты ) + коммунал,500.0,1474.0,False,https://re.kufar.by/vi/1079843752,3.0,135,40.9,24.9,6.1,3,5,4.0,5.0,1,1971.0,28,27.494574,53.844839,"Ландера ул, 82, Минск",ирина
1080180195,2026-08-07T20:01:28Z,Сдам квартиру 2к Минске,"2к. Переделана в полустудию несколько лет назад встроенные шкафы, Мебель,тв. Рядом метро и 2 парка, сад школа, университета Фото ЛС",450.0,1326.6,False,https://re.kufar.by/vi/1080180195,,,45.0,31.0,6.0,1,1,3.0,5.0,1,1980.0,24,27.611535,53.93646,"Волгоградская ул, 49, Минск",Liuda
1080180518,2026-08-07T19:59:16Z,Сдам на длительный срок 1ком. квартиру,"Сдам на длительный срок 1ком. квартиру на Я. Чечота 16 (ст. метро ""Малиновка"" в 2 минутах ходьбы).
Тихий, спокойный район, много детских садиков и шко",480.0,1415.04,False,https://re.kufar.by/vi/1080180518,2.0,30,45.0,18.0,9.0,3,1,14.0,16.0,1,2009.0,29,27.477506,53.845004,"Яна Чечота ул, 16, Минск",Евгений
1080179470,2026-08-07T19:38:38Z,1-комнатная квартира в новом доме. Маяк Минск,"Теплая, уютная однокомнатная квартира с мебелью и бытовой техникой (холодильник, стиральная машина). Есть место, чтобы поставить свой большой компьюте",600.0,1768.8,False,https://re.kufar.by/vi/1080179470,2.0,325,48.0,38.0,10.0,3,5,7.0,19.0,2,2018.0,24,27.654798,53.932787,"Кирилла Туровского ул, 6, Минск",Собственник
1080179132,2026-08-07T19:38:22Z,Сдам квартиру,"Сдается 2-х комнатная квартира Комнаты раздельные До метро 10 мин пешком
     Дом после капремонта В ванной меняли трубы Нужно немного привести все в",350.0,1031.8,False,https://re.kufar.by/vi/1080179132,,,42.0,27.0,6.0,1,1,4.0,,1,,27,27.602363,53.876271,"Ванеева ул, Минск",Галина
1080178972,2026-08-07T19:38:03Z,Современная дизайнерская двухкомнатная квартира метро Якуба Коласа,"На длительный срок сдам свою  восхитительную 2-комнатную квартиру по ул. Богдановича 58 Б, в современном  клубном жилом комплексе «Престижино», тихий",1594.3,4700.0,False,https://re.kufar.by/vi/1080178972,2.0,120,60.0,,,3,10,3.0,18.0,,2015.0,23,27.569063,53.919595,"Максима Богдановича ул, 58Б, Минск",Соня
1078741058,2026-08-07T18:58:31Z,Сдаётся светлая тёплая просторная видовая 2ком кв,"Классная видовая квартира в лучшей тихой части города! Тёплая, светлая двухкомнатная квартира с ремонтом и техникой на идеальном высоком втором этаже",1017.64,3000.0,False,https://re.kufar.by/vi/1078741058,3.0,,50.0,30.0,7.5,2,5,2.0,5.0,3,1955.0,22,27.571326,53.908601,"Коммунистическая ул, 4, Минск",Snake
1075542240,2026-08-07T18:48:51Z,Квартира на Грушевской,Однокомнатная квартира на Грушевской. Новая. Долгосрочная аренда. Без животных.,593.62,1750.0,False,https://re.kufar.by/vi/1075542240,,55,50.0,17.0,20.0,3,,3.0,,,,29,27.518283524095416,53.88416225052682,"Грушевская ул, 86, Минск",Дмитрий
1080173939,2026-08-07T18:45:02Z,Долгосрочная аренда,"В квартиру входит кладовка 1.9 метра, шкаф встроеный в коридоре, с заключением договора",403.78,1190.35,False,https://re.kufar.by/vi/1080173939,2.0,265,36.8,15.3,8.6,3,,11.0,12.0,3,1997.0,30,27.431845,53.888558,"Сухаревская ул, 38к2, Минск",Мацвей
1080173366,2026-08-07T18:16:18Z,Сдам 3х комн квартиру только паспорт РБ,"Просторная, чистая квартира с высокими потолками, двумя лоджиями.
По документам дом 10 этажный.
На длительный срок, договор аренды 
Предпочтение молод",549.53,1620.0,False,https://re.kufar.by/vi/1080173366,,255,89.6,50.4,12.7,4,1,9.0,9.0,10,2008.0,25,27.676232,53.912723,"Карвата ул, 29Б, Минск",Елена
1080174212,2026-08-07T18:11:52Z,Аренда,"Аренда квартиры с 10 сентября .Рядом метро, Авиа Молл торговый центр,  остановка общественного транспорта. Договор. Залог.",550.0,1621.4,False,https://re.kufar.by/vi/1080174212,2.0,170,28.0,25.0,6.0,3,5,8.0,14.0,10,2025.0,28,27.55135568024206,53.8661043431635,"Братская ул, 3, Минск",Наталья
1080172665,2026-08-07T17:52:11Z,Квартира в аренду,С конца августа начнёт сдаваться в аренду просторная двухкомнатная квартира в доме сталинского типа 1956 года постройки. Квартира расположена в 10 мин,600.0,1768.8,False,https://re.kufar.by/vi/1080172665,2.0,,56.0,35.0,8.0,1,5,4.0,4.0,3,1956.0,27,27.594882282497654,53.88482460571522,"Рыбалко ул, 2, Минск",Жанна
1080172578,2026-08-07T17:50:59Z,Аренда квартиры,Сдается на длительный срок уютная 2х комнатная кв. ( об. Пл. 51 м. Кв) на 2 этаже 12 эт дома по ул. Заславская 25 . Кв. после ремонта  аккуратная и ко,800.0,2358.4,False,https://re.kufar.by/vi/1080172578,,90,51.0,35.0,9.0,1,5,2.0,12.0,,,22,27.535654,53.909731,"Заславская ул, 25, Минск",Олег Ясевич
1080171452,2026-08-07T17:34:04Z,"1 сдача. Шикарная 2-комн кв-ра (Евродвушка). Центр Минска, у Стелы, ЖК Чайковский, ул. Репина,4","Сдается 1 раз. Квартира от собственника для тех, кто ищет и оценит уют и комфорт, дизайнерский ремонт, качество проживания.
 2-комнатная квартира (Евр",680.0,2004.64,False,https://re.kufar.by/vi/1080171452,2.0,,42.9,20.0,10.0,3,10,6.0,19.0,2,2016.0,22,27.525863,53.912611,"Репина ул, 4, Минск",Елена
1080170575,2026-08-07T17:20:45Z,2 комнатная квартира,"С 7 сентября сдается полноценная 2х комн квартира, отдельные 2 спальни. Мебель в спальнях обсуждается ( две двуспальные кровати либо кровать + диван).",750.0,2211.0,False,https://re.kufar.by/vi/1080170575,4.0,170,53.7,46.2,21.0,1,5,4.0,22.0,2,2022.0,28,27.543317,53.868977,"Николы Теслы ул, 16, Минск",Ольга
1078763588,2026-08-07T17:13:50Z,Для семьи 3-комнатная квартира в аренду,"Предлагается в аренду (на срок до года) трехкомнатная квартира по адресу: проспект Газеты «Звязда», дом 59, корпус 1. 
Отличная локация: 15 минут пешк",750.0,2211.0,False,https://re.kufar.by/vi/1078763588,5.0,320,63.0,40.0,7.1,3,10,4.0,9.0,1,1987.0,29,27.460501,53.858118,"Газеты Звязда пр, 59к1, Минск",нр
1066134773,2026-08-07T17:11:31Z,Квартира,Сдается однакомнатная квартира в центре Минска . В квартире все имеется для комфортного проживания.Постельное белье предоставляется по запросу . В шаг,700.0,2063.6,False,https://re.kufar.by/vi/1066134773,4.0,,32.0,18.5,6.1,1,1,5.0,5.0,3,,24,27.605283,53.923026,"Независимости пр, 87, Минск",анжела
1080165949,2026-08-07T16:47:51Z,"Аренда 2-комнатной квартиры, Могилевская 8/2",Сдается уютная квартира в центре города по адресу :ул. Могилевская 8/2. Квартира с двумя раздельными комнатами общей площадью 47кв.м. расположена на 8,500.0,1474.0,True,https://re.kufar.by/vi/1080165949,,,46.55,28.3,7.18,3,,8.0,9.0,1,,28,27.544296,53.882721,"Могилёвская ул, 8к2, Минск",ООО Центр недвижимости ГАЛАКТИКА
1080165732,2026-08-07T16:44:57Z,"3-к квартира  Победителей просп., 135/А","Трехкомнатная квартира в уникальном жилом комплексе «D3». 

 Комплекс включает в себя целый спектр помещений для нового ощущения качества жизни: изыск",1708.88,5037.78,True,https://re.kufar.by/vi/1080165732,,,81.0,60.0,,3,,10.0,19.0,,2017.0,22,27.4617,53.9428,"Победителей пр, 135А, Минск",ООО ТВОЯ СТОЛИЦА
1080164758,2026-08-07T16:34:50Z,2-х комнатная  кв-ра. ЖК ''Комфорт Парк''. Центральный  р-н.,"Новая  стильная   квартира после  ремонта.
                               Первое  заселение.
  Сдается   атмосферная    двухкомнатная  квартира  в одн",950.0,2800.6,False,https://re.kufar.by/vi/1080164758,,,58.0,,,3,,7.0,15.0,10,2021.0,22,27.52385,53.914627,"Тимирязева ул, 28, Минск",Пользователь
1077739783,2026-08-07T16:31:25Z,Уютная квартира,"Квартира в которой есть все для вашего комфорта 
Заезжайте с зубной щёткой. Остальное уже есть. И ТЦ рядом. Маяковский не писал бы стихи. Он бы тут жи",550.0,1621.4,False,https://re.kufar.by/vi/1077739783,4.0,35,56.0,39.0,,3,5,1.0,,3,1992.0,27,27.569494,53.8686,"Маяковского ул, 154, Минск",Марина
1046895810,2026-08-07T16:23:08Z,"Квартира, 1 комн., 34 м², этаж 7 из 9","Сдается собственником на длительный срок в аренду однокомнатная квартира, г. Минск,  пр-т Пушкина   
дом № 1.  Общая площадь – 34 м. кв., зал – 16,7 м",339.21,1000.0,False,https://re.kufar.by/vi/1046895810,1.0,290,34.0,16.7,7.0,1,,7.0,9.0,1,1976.0,30,27.495931,53.89466,"Пушкина пр, 1, Минск",Семён
1080155325,2026-08-07T16:20:09Z,Евродвушка в ЖК Северный Берег,"В долгосрочную аренду сдается новая квартира в ЖК «Северный Берег», «тихий» дом Springwood2 рядом с Центральным сквером, 1й квартал.
3 минуты ходьбы д",680.0,2004.64,False,https://re.kufar.by/vi/1080155325,2.0,,40.0,,,1,10,7.0,7.0,2,2025.0,23,27.568038,53.96439,"Виталия Цвирко ул, 100, Минск",Ольга
1063894508,2026-08-07T15:59:20Z,Квартира на время сессий,"Сдается квартира на время сессий , хорошо развита инфа структура, 5 минут пешком до метро, до жд вокзала прямой автобус , всё в шаговой доступности.",0.0,0.0,False,https://re.kufar.by/vi/1063894508,2.0,,48.0,,,1,5,2.0,5.0,3,,25,27.606010181847324,53.884813844619764,"Щербакова ул, 13, Минск",Дима
1080159971,2026-08-07T15:55:57Z,Сдается 1-я квартира в Минске  На длительный срок,"Сдается 1 комнатная светлая квартира на длительный срок без посредников!!! Дом после кап ремонта !!! Квартира с современным ремонтом, есть все необход",500.0,1474.0,False,https://re.kufar.by/vi/1080159971,1.0,,32.0,16.0,,3,5,2.0,9.0,1,1975.0,23,27.574515,53.92819,"Максима Богдановича ул, 78, Минск",Valentin Petrovich
1080049427,2026-08-07T15:36:28Z,Сдам 1 комн. квартиру по ул.Р.Люксембург 174,"Сдается 1 комнатная квартира по ул.Р.Люксембург д.174. 2 этаж 5-ти этажного дома. Для длительного проживания, по договору найма, только для граждан РБ",400.0,1179.2,False,https://re.kufar.by/vi/1080049427,2.0,,31.0,18.0,7.0,1,5,2.0,,1,1985.0,29,27.502982,53.890755,"Розы Люксембург ул, 174, Минск",Олег
1080157541,2026-08-07T15:21:50Z,Квартира на длительный срок,"Сдам двух комнатную квартиру в Минск мире на длительный срок. Полностью готова для комфортного проживания. 
В квартире есть холодильник, свч печь, хол",600.0,1768.8,False,https://re.kufar.by/vi/1080157541,3.0,170,45.0,,,4,5,7.0,,2,2024.0,28,27.541440294342518,53.86916227822367,"Белградская ул, 8, Минск",Артем
1080156573,2026-08-07T15:08:59Z,Просторная квартира 5 мин от метро с отличной инфраструктурой,"Просторная однокомнатная квартира рядом с метро Петровщина (5 минут пешком), со всеми удобствами. Летом  прохладно с кондиционером, зимой тепло в кирп",550.0,1621.4,False,https://re.kufar.by/vi/1080156573,3.0,320,41.0,37.0,7.0,3,,11.0,,3,2006.0,29,27.483013,53.868032,"Газеты Правда пр, 16, Минск",Татьяна
1078848773,2026-08-07T14:47:43Z,Уютная квартира в аренду на длительный срок,"Сдается квартира новая с ремонтом, со всеми удобствами для проживания.
Оборудованная современной техникой и новой мебелью
Просторная квартира с большо",700.0,2063.6,False,https://re.kufar.by/vi/1078848773,2.0,170,40.3,36.2,,3,10,17.0,25.0,10,2024.0,28,27.555345,53.860768,"Игоря Лученка ул, 32, Минск",Назар
1080133325,2026-08-07T14:39:14Z,Сдается уютная 1-комнатная квартира на длительный срок.,"Сдается уютная 1-комнатная квартира на длительный срок.

Светлая, чистая и уютная квартира, полностью готовая к комфортному проживанию. Новая мебель,",550.0,1621.4,False,https://re.kufar.by/vi/1080133325,,100,33.0,,,1,5,5.0,9.0,3,,23,27.61608,53.950933,"Логойский тракт, 25к1, Минск",Евгений
1080153602,2026-08-07T14:27:32Z,Квартира в аренду,"Сдаётся на срок более года квартира 130 квадратных метров.
Малоквартирный дом в частном секторе.
Три спальни, большой зал совмещенный с кухней, два са",1200.0,3537.6,False,https://re.kufar.by/vi/1080153602,,220,130.0,,,2,5,1.0,3.0,4,2015.0,23,27.574946,53.945459,"4-й Подольский переулок, 9, Минск",Глория
1080151695,2026-08-07T14:02:38Z,Сдам двухкомнатную квартиру в Малиновке,"Сдам 2-х комнатную квартиру в Малиновкена на длительный срок.
Большая, просторная квартира после ремонта.
Квартира с мебелью, 2 спальных места, стирал",610.58,1800.0,False,https://re.kufar.by/vi/1080151695,2.0,150,50.0,30.0,9.0,1,5,7.0,12.0,1,1986.0,29,27.465873,53.851994,"Космонавтов ул, 15к1, Минск",Татьяна
1078932701,2026-08-07T13:53:08Z,Сдается двухкомнатная квартира на длительный срок,"Сдается  теплая, светлая , уютная двухкомнатная квартира собственником на длительный срок. По договору минимум на один год и с залогом месячной платы.",576.66,1700.0,False,https://re.kufar.by/vi/1078932701,3.0,320,48.0,,,1,,2.0,9.0,1,,29,27.474533,53.868966,"Газеты Звязда пр, 17, Минск",Ирина
1080151001,2026-08-07T13:53:06Z,Квартира,"Сдаём квартиру на длительный срок, в квартире сделан аккуратный ремонт. Есть все необходимое: тахта на 2 спальных места, холодильник, стиральная машин",457.94,1350.0,False,https://re.kufar.by/vi/1080151001,,135,33.0,19.0,,,,,,,,28,27.491924,53.843676,"Ландера ул, 72к1, Минск",Карина
1054287996,2026-08-07T13:30:29Z,От 15 днейШикарная квартира в доме башне с собственным выходом на крышу,Квартира в легендарном доме башне с собственным выходом на крышу. 2 уровня и 2 санузла. Для респектабельной публики. Возможен период проживания от 15,1499.0,4419.05,False,https://re.kufar.by/vi/1054287996,,,65.0,40.0,8.0,1,10,10.0,,5,1951.0,28,27.551006,53.892065,"Кирова ул, 1, Минск",Виталий
1054549158,2026-08-07T13:30:23Z,Аренда квартиры от 15 дней у метро,Сдается на любой период от 15 дней. Рассмотрим порядочных и платежеспособных арендодателей,650.0,1916.2,False,https://re.kufar.by/vi/1054549158,4.0,320,45.0,19.0,10.0,1,5,25.0,25.0,2,2010.0,29,27.485726,53.867416,"Дзержинского пр, 84, Минск",Виталий
1080148545,2026-08-07T13:22:16Z,Просторная трехкомнатная квартира на Чечота 9 в аренду,"Уютная большая квартира с очень хорошим, добротным ремонтом. В квартире есть все необходимое для комфортного проживания: интернет, мебель, кухонная ме",885.35,2610.0,True,https://re.kufar.by/vi/1080148545,5.0,30,106.0,62.0,12.0,3,5,2.0,9.0,1,2008.0,29,27.480857,53.850295,"Яна Чечота ул, 9, Минск",ООО База Недвижимости Бай
1057252321,2026-08-07T13:22:07Z,"Квартира в Минск мире, на недели месяцы.","Сдаётся уютная квартира в новом районе Минск мир сдаётся на неделе месяца, на время сессии, 
В квартире есть все необходимое полотенце в столовой приб",600.0,1768.8,False,https://re.kufar.by/vi/1057252321,2.0,170,30.0,,,1,10,,,,,28,27.551042,53.863943,"Игоря Лученка ул, 23, Минск",Александр
1073817742,2026-08-07T13:09:04Z,"4-комнатная квартира ул.Киселева, д.6Д","Сдается новая 4-комнатная квартира в премиальном квартале «Депо»
 г. Минск, ул. Киселёва, д.6Д
 
Общая площадь по СНБ 132,9 м2, жилая площадь 98,7 м2.",3358.21,9900.0,True,https://re.kufar.by/vi/1073817742,,,132.9,98.7,,,10,4.0,6.0,10,2024.0,22,27.575459,53.91058,"Киселёва ул, 6Д, Минск",ООО МИР НЕДВИЖИМОСТИ ПРО
1080147450,2026-08-07T13:08:34Z,Сдаётся квартира на длительный срок,"Сдаётся стильная просторная квартира с видом на национальную библиотеку на длительный срок.
Квартира расположена в одном из самых популярных жилых ком",650.0,1916.2,True,https://re.kufar.by/vi/1080147450,3.0,325,46.0,,,3,5,16.0,19.0,2,2016.0,24,27.655067,53.932039,"Кирилла Туровского ул, 10, Минск",ИП Михасёв Сергей Михайлович
1080143076,2026-08-07T12:44:07Z,Долгосрочно сдаю свою однокомнатную квартиру.,Собственник. Сдаю свою однокомнатную квартиру..,403.78,1190.35,False,https://re.kufar.by/vi/1080143076,,,35.0,18.0,10.0,1,1,3.0,5.0,3,,29,27.551941,53.899371,"Городской Вал ул, 9, Минск",Ник
1052024537,2026-08-07T12:32:49Z,Элитная квартира в Минске,"Сдаётся собственником на короткий или длительный период элитная, VIP-класса, очень просторная- 219 м2, с евро ремонтом квартира в Минске по улице Сург",1700.0,5011.6,False,https://re.kufar.by/vi/1052024537,4.0,,214.0,165.0,25.0,,10,3.0,9.0,3,2014.0,23,27.595212,53.924946,"Сурганова ул, 27, Минск",Екатерина
1080141959,2026-08-07T12:31:35Z,"5-комнатная квартира ул.К.Туровского, д.26","Сдаётся в аренду пентхаус в ЖК «Маяк Минска» на длительный срок.
г. Минск, ул. Туровского, д.26.
Дом «Делаукруа» расположен в живописном месте города",2883.31,8500.0,True,https://re.kufar.by/vi/1080141959,,325,166.0,112.7,,4,10,10.0,10.0,10,2016.0,24,27.653899,53.930184,"Кирилла Туровского ул, 26, Минск",ООО МИР НЕДВИЖИМОСТИ ПРО
1080141948,2026-08-07T12:31:26Z,"Снять 2-комнатную квартиру в центре Минска, просп. Независимости, 46","Сдается отличная двухкомнатная квартира (сталинка) в центре города по проспекту Независимости, 46.
Первое заселение после капитального ремонта!
В квар",678.43,2000.0,True,https://re.kufar.by/vi/1080141948,,,61.3,35.0,8.7,2,1,2.0,5.0,3,1957.0,23,27.580669,53.912792,"Независимости пр, 46, Минск",ООО Партнер для всех
1080138684,2026-08-07T12:16:11Z,"Квартира, 4 комнаты/ 80м2/ Титан","Квартира 4 комнаты. Три комнаты обустроены в четвёртой стол и стул. Вся необходимая техника есть. Все комнаты раздельные. Первый этаж, хорошие соседи.",900.0,2653.2,False,https://re.kufar.by/vi/1080138684,6.0,320,80.0,60.0,7.0,3,5,1.0,9.0,1,1986.0,29,27.469098,53.857359,"Белецкого ул, 2, Минск",ВИКТОРИЯ
1077060527,2026-08-07T12:01:28Z,Квартира в аренду на длительный срок,"Сдается на длительный срок с заключением договора. 

Есть всё для комфортного проживания, квартира свободна.",380.0,1120.24,False,https://re.kufar.by/vi/1077060527,2.0,105,40.0,17.0,9.0,3,15,4.0,9.0,1,2010.0,30,27.422772,53.911137,"Нёманская ул, 15, Минск",Жанна
1080137394,2026-08-07T12:00:12Z,Сдам квартиру 1-к,"Сдается светлая квартира в шаговой доступности от метро. Рядом с домом — продуктовые магазины и аптека, все необходимое под рукой. В уютной комнате пр",450.0,1326.6,False,https://re.kufar.by/vi/1080137394,,205,36.56,17.16,7.45,3,,3.0,9.0,,1975.0,30,27.479572,53.91224,"Жудро ул, 17к1, Минск",Екатерина
1080137285,2026-08-07T11:58:43Z,"Сдаётся на длительный срок, просторная двухкомнатная сталинка","А1  лучше звонить.
Сдаётся на длительный срок, просторная двухкомнатная сталинка в престижном районе города Минска (пр. Независимости, 94) с ремонтом,",700.0,2063.6,False,https://re.kufar.by/vi/1080137285,4.0,,54.5,31.6,8.6,1,5,3.0,4.0,3,1960.0,24,27.628055,53.927644,"Независимости пр, 94, Минск",олег
1080134209,2026-08-07T11:26:33Z,Сдам уютную квартиру на длительный срок.,"Сдам уютную квартиру на длительный срок от собственника
2050 BYN + коммунальные платежи
ЖК «Парк Челюскинцев» — современный престижный комплекс в шаго",695.39,2050.0,False,https://re.kufar.by/vi/1080134209,1.0,,39.0,,,3,10,23.0,,,2022.0,24,27.624021,53.921785,"Макаёнка ул, 12Л, Минск",Максим
1080131805,2026-08-07T11:22:42Z,"Недвижимость, долгосрочная аренда","Сдаётся уютная 3-х комнатная квартира, ул. Грушевская дом 71, на длительный срок. Квартира находится на 5 этаже 16-ти этажного дома. Частично укомплек",678.43,2000.0,False,https://re.kufar.by/vi/1080131805,2.0,55,75.0,42.0,13.8,3,5,5.0,16.0,1,2016.0,29,27.520791893918073,53.88431021096691,"Грушевская ул, 71, Минск",Екатерина
1080131761,2026-08-07T10:54:47Z,"Аренда 4-х комнатной квартиры по ул.Каховская,17","Аренда 4-х комнатной квартиры по ул.Каховская,17

Уютная атмосферная квартира. Дом в окружении зелени. Рядом парк Победы с Комсомольским озером и пляж",915.88,2700.0,True,https://re.kufar.by/vi/1080131761,6.0,,109.2,84.0,,4,5,3.0,10.0,10,2013.0,22,27.546757,53.929897,"Каховская ул, 17, Минск",ООО ''Фаттория Плюс''
1080131466,2026-08-07T10:52:09Z,Сдам квартиру,"Сдам трехкомнатную квартиру на длительный срок. Квартира сдаеться с 11 числа. Оплата 1550 + коммунальные платежи. Рядом школа, садик остановка, магази",525.78,1550.0,False,https://re.kufar.by/vi/1080131466,,,50.0,,,2,,1.0,5.0,,,23,27.565972,53.935617,"Лили Карастояновой ул, Минск",Светлана
1078421348,2026-08-07T10:23:47Z,Видовая евротрешка в ЖК ''Маяк Минска'',"Видовая евротрешка с закрытой парковкой в ЖК «Маяк Минска»

Долгосрочная аренда по договору

Сдается просторная, полностью готовая к заселению квартир",1600.0,4716.8,False,https://re.kufar.by/vi/1078421348,7.0,325,95.5,41.5,,3,10,10.0,10.0,10,2012.0,24,27.651151,53.929489,"Петра Мстиславца ул, 7, Минск",Милана
1071633090,2026-08-07T09:56:25Z,Просторная 2-комнатная квартира (50 м²),"Сдам просторную 2-комнатную квартиру (50 м²) на длительный срок по договору аренды. Адрес: ул. Щорса, 4Б - 5 минут до метро Грушевка. Этаж 16 (из 18).",650.0,1916.2,False,https://re.kufar.by/vi/1071633090,4.0,55,50.0,,,1,10,16.0,18.0,,2019.0,29,27.520023,53.882927,"Щорса ул, 4Б, Минск",Дмитрий
1080124556,2026-08-07T09:25:36Z,Аренда 1к квартира Бангалор Богдановича Комаровка,"Примерно с 20 августа освобождается квартира.

Долгосрочная аренда.
Арендная плата + коммунальные + договор. Предоплата за первый и последний месяцы.Н",500.0,1474.0,False,https://re.kufar.by/vi/1080124556,2.0,,29.0,17.0,6.0,1,5,4.0,5.0,3,1969.0,23,27.576006,53.928519,"Максима Богдановича ул, 88, Минск",Сергей
1063954238,2026-08-07T09:08:19Z,Сдача квартиры в аренду,Сдаётся квартира в долгосрочную аренду рядом со ст. метро Ковальская Слобода.,576.66,1700.0,False,https://re.kufar.by/vi/1063954238,2.0,,53.3,28.5,9.0,1,,3.0,9.0,1,,28,27.55689,53.878606,"Левкова ул, 15, Минск",Наталья
1079524484,2026-08-07T09:01:18Z,Аренда квартиры  в самом центре Минска,"В самом центре Минска прямо  напротив   ТЦ Галерея и отеля Double Tree by Hilton, уютная полностью оборудованная и готова к долгосрочному заселению. Е",1000.0,2948.0,False,https://re.kufar.by/vi/1079524484,4.0,90,52.0,50.0,7.0,1,5,9.0,9.0,3,,22,27.545985,53.908432,"Обойная ул, 4к2, Минск",Ольга
1080121869,2026-08-07T08:51:02Z,АРЕНДА 2-КОМНАТНОЙ КВАРТИРЫ,"НЕ АГЕНТСТВO!!! Сдам в аренду на длительный срок просторную, чистую 2 комнатную квартиру. Развитая инфраструктура. Рядом магазины, поликлиники, почта,",610.58,1800.0,False,https://re.kufar.by/vi/1080121869,2.0,,60.0,32.0,9.5,3,5,16.0,19.0,1,2010.0,29,27.445535,53.856116,"Сергея Есенина ул, 62, Минск",Наталия
1080119092,2026-08-07T08:33:45Z,Сдаю квартиру,"Красивая, теплая, светлая, после ремонта квартира. Ждём Вас, аккуратного арендатора!!!",637.72,1880.0,False,https://re.kufar.by/vi/1080119092,5.0,,58.0,56.0,12.0,3,5,8.0,10.0,3,1996.0,29,27.491394,53.87902,"Гурского ул, 31, Минск",Летун Ирина
1080117699,2026-08-07T08:17:00Z,Уютная Евродвушка рядом с метро.,"Сдается уютная Евродвушка в ЖК Минск-Мир.
25 этаж с чудесным видом.

Современный ремонт и стильная мебель создают приятную атмосферу, а полностью обор",750.0,2211.0,False,https://re.kufar.by/vi/1080117699,4.0,170,44.0,30.0,,1,10,25.0,25.0,2,2022.0,28,27.545069,53.87161,"Аэродромная ул, 26, Минск",Александра
1080115757,2026-08-07T07:56:16Z,В аренду на длительный срок 2-комнатная квартира,"В аренду на длительный срок просторная 2-комнатная квартира! 
  Отличная планировка: две отдельные комнаты, гардеробная, большая кухня с застекленным",600.0,1768.8,False,https://re.kufar.by/vi/1080115757,4.0,130,72.8,35.9,11.2,1,5,3.0,9.0,1,2005.0,30,27.448769,53.915454,"Лещинского ул, 49, Минск",Ольга
1080115471,2026-08-07T07:51:52Z,Сдать квартиру,"Квартира после ремонта, чистая, светлая, теплая, со всеми удобствами. Сдается на длятельный срок.",692.2,2040.6,False,https://re.kufar.by/vi/1080115471,5.0,,58.0,56.0,12.0,3,5,8.0,10.0,3,1996.0,29,27.491394,53.87902,"Гурского ул, 31, Минск",Владимир
1080114936,2026-08-07T07:43:31Z,Двухкомнатная квартира ул. Ульяновская 39,Сдаётся двухкомнатная квартира прямо у железнодорожного вокзала. В квартире имеется вся необходимая мебель и техника. Сдаётся собственником на длитель,700.0,2063.6,False,https://re.kufar.by/vi/1080114936,4.0,,64.0,37.0,8.0,1,5,2.0,5.0,3,1953.0,28,27.55504690610587,53.891413516322686,"Ульяновская ул, 39, Минск",Тамара
1075038764,2026-08-07T07:34:47Z,"Квартира в аренду- евротрешка с видом на Ботанический сад в ЖК «Парк Челюскинцев» Ул. Макаёнка, 12Е","Аренда Евротрешки с видом на Ботанический сад

 в ЖК «Парк Челюскинцев»

Ул. Макаёнка, 12Е

Общая площадь  77,4/42/15 м2

Первое заселение!

Панорамны",1085.48,3200.0,True,https://re.kufar.by/vi/1075038764,,,77.4,42.0,15.0,3,5,19.0,25.0,10,2021.0,24,27.624336,53.923604,"Макаёнка ул, 12Е, Минск",УП Дианэст
1080111848,2026-08-07T07:21:14Z,Сдаётся квартира студия,сдаётся студия плюс коммунальные платежи,550.0,1621.4,False,https://re.kufar.by/vi/1080111848,4.0,,44.0,44.0,,,,,,,2008.0,22,27.526446,53.912309,"Репина ул, 4, Минск",K...
1080109150,2026-08-07T06:54:36Z,2-х комнатная квартира в аренду на длительный срок в тихом районе Минска,"Предлагается в длительную аренду готовая к проживанию квартира в тихом и спокойном районе Минска по адресу 3-й пер.Зубачева 5, Минск, 4 этаж 10-этажно",559.7,1650.0,False,https://re.kufar.by/vi/1080109150,4.0,135,43.0,,,,,4.0,10.0,10,2019.0,28,27.525144,53.854592,"3-й переулок Зубачёва, 5, Минск",Евгений
1080098821,2026-08-07T06:11:37Z,Сдам в аренду квартиру студию в Леваде,"Новая обустроенная квартира. Сдается длительно, без животных. Залог и предоплата за месяц. Плюс коммуналка стандартная Прямо под окном имеется машином",575.0,1695.1,False,https://re.kufar.by/vi/1080098821,2.0,,38.0,30.0,7.0,1,5,7.0,9.0,2,2023.0,22,27.531675,53.93576,"Нововиленская ул, 47, Минск",Олer
1080087044,2026-08-07T05:31:47Z,"2х комнатная,от собственника","ДОМ расположен сразу за ТЦ ""МАГНИТ"", в100 МЕТРАХ от транспортных остановок. Квартира ЧИСТАЯ, в хорошем состоянии,комнаты изолированы.Сдается гражданам",502.04,1480.0,False,https://re.kufar.by/vi/1080087044,2.0,265,49.4,29.0,7.2,3,1,4.0,9.0,1,1998.0,30,27.447338816056522,53.88317386887572,"Шаранговича ул, 27, Минск",Светлана
1080086852,2026-08-07T05:31:15Z,"3 ком квартира, евротрешка, пропишу вас если надо","Звонить на номер 
Предпочтение семье , могу прописать вас
Сдаётся стильная и абсолютно новая евро-3 квартира площадью 56,м² в современном жилом компле",814.11,2400.0,False,https://re.kufar.by/vi/1080086852,5.0,170,56.0,50.0,,1,5,15.0,25.0,2,2024.0,28,27.555282,53.859212,"Леонида Щемелёва ул, 28, Минск",Андрей
1080085274,2026-08-07T05:22:52Z,Сдам квартиру,"Сдаётся уютная 3 комнатная квартира, в Каменной горке. Рядом с метро, развитая инфраструктура. Квартира с хорошей мебелью. Не студентам, без животных,",576.66,1700.0,False,https://re.kufar.by/vi/1080085274,3.0,130,78.0,50.0,10.0,1,5,9.0,9.0,1,2010.0,30,27.436444,53.911545,"Кунцевщина ул, Минск",Тамара
1028892555,2026-08-06T21:15:57Z,Квартира двухкомнатная,"————————

Актуально с 23 августа. 
————————
Сдается на месяц, два, три. 
Более короткий срок (но не менее 15 дней) оговаривается индивидуально.
——————",1100.0,3242.8,False,https://re.kufar.by/vi/1028892555,,,62.0,,,1,10,14.0,17.0,10,2023.0,29,27.48754,53.867166,"Дзержинского пр, 90, Минск",Inna
1078433346,2026-08-06T19:00:21Z,Первое заселение. Евро 2-комнатная квартира в ЖК Дубравинский,"Квартира в новостройке. Первое заселение, свежий ремонт, укомплектована новой мебелью и техникой, удобная планировка. Высокий этаж, обустроенная терри",542.74,1600.0,True,https://re.kufar.by/vi/1078433346,,,38.5,29.2,,3,5,11.0,21.0,10,2025.0,29,27.511265,53.875406,"Кузьмы Минина ул, 6, Минск","ООО ""Лада Риэлт"""
1080064775,2026-08-06T18:45:22Z,Стильная 3к квартира с дизайнерским ремонтом в центре Минска,"Красивая квартира в престижном квартале Комфорт-Парк в центре Минска. 
Квартира с новым ремонтом, где продумана каждая деталь для вашего комфорта. Све",1356.85,4000.0,False,https://re.kufar.by/vi/1080064775,5.0,,65.0,50.0,10.0,4,10,9.0,13.0,2,2021.0,22,27.52385,53.914627,"Тимирязева ул, 28, Минск",Алексей
1080067510,2026-08-06T18:38:29Z,Аренда,Сдам квартиру на длительный срок по договору,420.0,1238.16,False,https://re.kufar.by/vi/1080067510,2.0,320,50.0,,9.0,1,1,4.0,9.0,1,,29,27.467921617164475,53.86693739287962,"Голубева ул, 22к1, Минск",Юлия
1080062033,2026-08-06T17:19:15Z,Трехкомнатная квартира,Сдаётся просторная трёхкомнатная квартира (77 метров) с большими кухней (12 метров) и лоджией (7 метров) и двумя сан. узлами (ванная и туалет + туалет,1000.0,2948.0,False,https://re.kufar.by/vi/1080062033,3.0,,77.0,,12.0,3,5,,,,,30,27.41731,53.886568,"Сухаревская ул, 70, Минск",Виоллета
1080060878,2026-08-06T17:03:19Z,Квартира,"Сдается аккуратным людям, семейной паре или студентам на длительный срок от прямого собственника  в районе Фрунзенский,по договору найма с предоплатой",440.98,1300.0,False,https://re.kufar.by/vi/1080060878,2.0,290,32.7,16.2,7.4,1,1,4.0,9.0,1,1971.0,30,27.507561355555225,53.90108940138034,"Болеслава Берута ул, 17к1, Минск",Александр
1078226295,2026-08-06T16:43:33Z,Сдать квартиру,"Сдается на длительный срок, первое заселение",750.0,2211.0,False,https://re.kufar.by/vi/1078226295,4.0,170,38.2,25.4,15.6,3,10,3.0,25.0,10,2024.0,28,27.554294,53.861039,"Игоря Лученка ул, 30, Минск",Владимир
1080054103,2026-08-06T16:22:53Z,Сдам квартиру 1 комнатная Минск Мир,Сдам квартиру 1 комнатная Минск Мир,500.0,1474.0,False,https://re.kufar.by/vi/1080054103,2.0,170,33.0,29.0,,1,5,16.0,18.0,2,2023.0,28,27.531127,53.870033,"Николы Теслы ул, 4, Минск",Владимир
1080050959,2026-08-06T16:06:15Z,"Аренда квартира 1 комнантная,  Уручье","Сдается в долгосрочную аренду 1 комнатная квартира по адресу: Минск, Уручье, Гинтовта 36. Официальный договор. Только для граждан РБ.  Прописан 1 чел.",300.0,884.4,False,https://re.kufar.by/vi/1080050959,2.0,280,37.5,,9.0,3,22,3.0,9.0,1,1990.0,24,27.685529507913756,53.952518198931436,"Гинтовта ул, 36, Минск",Persik
1080051813,2026-08-06T16:04:56Z,Квартира студия на длительный срок,"Квартира студия на длительный срок, без животных и детей, в квартире плита электрическая, вытяжка, кондиционер, угловой диван, чайник, утюг, стиральна",474.9,1400.0,False,https://re.kufar.by/vi/1080051813,2.0,170,30.0,,,3,5,16.0,25.0,,,28,27.537235,53.863805,"Белградская ул, 11, Минск",пользователь
1079941956,2026-08-06T15:59:58Z,Сдается 1 комнатная квартира по улице Петра Мстиславца д.1,"Сдается 1 комнатная квартира по улице Петра Мстиславца д.1, Маяк Минска. 

В квартире импортная мебель, бытовая техника, посуда, интернет. Квартира на",491.86,1450.0,True,https://re.kufar.by/vi/1079941956,2.0,325,36.3,16.1,9.9,3,5,2.0,10.0,10,2011.0,24,27.654304,53.928535,"Петра Мстиславца ул, 1, Минск",ООО ''Фаттория Плюс''
1080050750,2026-08-06T15:49:00Z,С  16.09 сдам 1-к кв в Минск -Мире.ул.Аэродромная,"Сдам с 19 сентября 1-к квартиру от двух месяцев и более в Минск-Мире,32м.кв, ул. Аэродромная д.26А на 16 этаже  из 25 с дизайнерским ремонтом. До метр",610.58,1800.0,False,https://re.kufar.by/vi/1080050750,3.0,170,32.0,22.0,,3,10,16.0,25.0,2,2023.0,28,27.546299,53.871403,"Аэродромная ул, 26А, Минск",Оксана
1080049000,2026-08-06T15:24:11Z,Квартира,Квартира без ничего  Нет никакого ремонта Нет мебели и кухни  Есть подключенный  унитаз Можно рассмотреть  под нешумную  мастерскую  или студию,288.42,850.25,False,https://re.kufar.by/vi/1080049000,,170,30.0,30.0,,1,15,7.0,20.0,10,2024.0,28,27.550036,53.857815,"Леонида Щемелёва ул, Минск",Наташа
1080046985,2026-08-06T14:58:00Z,Аренда,"Уютная, светлая, аккуратная квартира сдается на длительный срок. Квартира расположена в элитном новом доме буквально рядом с Парком Челюскинцев. Окна",559.7,1650.0,False,https://re.kufar.by/vi/1080046985,,,32.0,,,3,5,,,10,2020.0,24,27.62217995869648,53.92475660157439,"Независимости пр, 88, Минск",Геннадий
1080045502,2026-08-06T14:44:04Z,Однокомнатная квартира на месяц/два/ полгода,"СДАЮ НА СРЕДНЕСРОК или   КРАТКОСРОК , на МЕСЯЦ ,ДВА, максимум длительность аренды  до мая 2027 года .

Просторная однокомнатная  полностью укомплектов",0.0,0.0,False,https://re.kufar.by/vi/1080045502,2.0,80,42.0,18.0,9.0,3,5,6.0,9.0,1,2002.0,30,27.461741937254484,53.89778640905412,"Тимошенко ул, 28, Минск",Инна
1080045330,2026-08-06T14:34:08Z,Сдам квартиру на длительный срок,"Аренда современной квартиры в ЖК Минск Мир
 Минск, ул. Белградская, 2, 9 этаж

Сдаётся уютная, светлая квартира с современным ремонтом в одном из самы",500.0,1474.0,False,https://re.kufar.by/vi/1080045330,,170,30.5,,,1,,9.0,,,,28,27.541817,53.87196,"Белградская ул, 2, Минск",Елена
1080044688,2026-08-06T14:24:20Z,Квартира в аренду на длительный срок,"СДАЕТСЯ С 10 СЕНТЯБРЯ! 
Квартира-студия со всеми удобствами и хорошим комфортным ремонтом, в 2 минутах Авиа Молл, метро Аэродромная и все удобства: ма",500.0,1474.0,False,https://re.kufar.by/vi/1080044688,2.0,170,40.0,36.0,,1,5,17.0,25.0,,2022.0,28,27.55292,53.866322,"Николы Теслы ул, 24, Минск",Марина
1077870313,2026-08-06T14:01:52Z,Современная квартира - ЖК Минск-Мир,"Сдается уютная 2-комнатная квартира по адресу ул. И.Лученка, 26 - ЖК «Минск-Мир». Площадь 48 м2.

Современный продуманный интерьер для комфортной жизн",737.79,2175.0,True,https://re.kufar.by/vi/1077870313,,170,47.8,41.6,,3,5,25.0,25.0,,2022.0,28,27.550027,53.862977,"Игоря Лученка ул, 26, Минск",Бюро Городской Недвижимости
1080042419,2026-08-06T13:54:38Z,Однокомнатная квартира (ТОЛЬКО ЗВОНИТЕ),"Сдается однокомнатная квартира. Заводской район.
Сдаем на долгий срок.
Не сдаем - с животными.
Предоплата за два месяца. 
До метро 5 минут пешком.
Маг",508.82,1500.0,False,https://re.kufar.by/vi/1080042419,,10,45.0,43.0,10.0,1,10,5.0,19.0,1,2025.0,26,27.679717,53.868063,"Магнитная ул, 34, Минск",пользователь
1072269644,2026-08-06T13:28:49Z,Сдаётся 3-комнатная квартира в долгосрочную аренду,"Сдаётся 3-комнатная квартира в долгосрочную аренду в самом сердце Минска!
Ищете жильё с душой и характером? Это, уже редкое, предложение для тех, кто",610.58,1800.0,False,https://re.kufar.by/vi/1072269644,3.0,200,63.0,37.4,9.3,3,1,2.0,12.0,3,1987.0,25,27.584783,53.896045,"Ивановская ул, 38, Минск",Антон
1080038996,2026-08-06T13:11:02Z,Сдается,"Сдается шикарная квартира в центре Минска — длительная аренда.
Просторная 3‑комнатная квартира (2 спальни) с видом на тихий зелёный бульвар. Полностью",1400.0,4127.2,False,https://re.kufar.by/vi/1080038996,6.0,,84.3,68.0,14.0,3,5,,,2,2017.0,22,27.527354,53.911874,"Грибоедова ул, 1, Минск",Галина
1054353688,2026-08-06T13:09:16Z,Сдам 4х комнатную на длит.срок,"Сдам 4х кв.на длит.срок,от6 мес.и более аккуратным людям.Квартира теплая,уютная,с мебелью и техникой.Рядом м.Каменная горка,школа,дет.сад,магазины.Ино",700.0,2063.6,False,https://re.kufar.by/vi/1054353688,3.0,130,86.0,51.0,7.5,3,10,3.0,10.0,1,1990.0,30,27.437405,53.913751,"Кунцевщина ул, 36, Минск",Елена
1080038382,2026-08-06T13:03:22Z,Сдается 2 комнатная квартира  по ул. Героев 120 Дивизии,"Сдается 2комнатная квартира по Ул. Героев 120 Дивизии на длительный срок с мебелью. 
Квартира находится недалеко от метро Уручье, в доме 2015 года пос",600.0,1768.8,False,https://re.kufar.by/vi/1080038382,,50,62.0,46.0,9.3,1,5,14.0,19.0,,2015.0,24,27.712011,53.946699,"Героев 120-й Дивизии ул, Минск",AN.А
1080034540,2026-08-06T12:58:18Z,Сдается в аренду трехкомнатная квартира ул.Есенина,"ВАЖНО: Интернет включен в стоимость.
Комфортная 3х комнатная квартира в современном районе Малиновка в непосредственной близости с парком им. Павлова,",700.0,2063.6,False,https://re.kufar.by/vi/1080034540,5.0,150,72.5,39.3,10.0,3,5,2.0,9.0,1,1997.0,29,27.449883,53.849355,"Сергея Есенина ул, 31к3, Минск",Татьяна
1080035007,2026-08-06T12:50:20Z,"Скрыганова 4Д, трёхкомнатная квартира","РАБОТАЕМ ПО ФАКТУ!
Сдаётся на длительный срок квартира - студия в ЖК Каскад! 
Две изолированные спальни + гостиная, совмещённая с кухней, высокий - 23",800.0,2358.4,True,https://re.kufar.by/vi/1080035007,,110,73.3,65.7,,3,,23.0,26.0,4,2014.0,30,27.520922,53.909344,"Скрыганова ул, 4Д, Минск",ООО Центр недвижимости ГАЛАКТИКА
1080035012,2026-08-06T12:50:20Z,"Аренда 2-комнатной квартиры, Червякова 23","Квартира сдается с 26 августа !От месяца до года! Сказочное место в центре Минска! Дом находится в шаговой доступности к озеру . Ехать никуда не надо,",820.0,2417.36,True,https://re.kufar.by/vi/1080035012,,,53.56,37.74,7.57,3,,7.0,12.0,3,1980.0,22,27.5493,53.9241,"Червякова ул, 23, Минск",ООО Центр недвижимости ГАЛАКТИКА
1080034619,2026-08-06T12:45:57Z,Сдается 2-ая квартира,"Сдается уютная светлая 2-ая квартира с общей площадью 60,8 кв.м, в 5 минут пешком от метро ""Грушевка"". Квартира находится на 1 верхнем этаже, большой",650.0,1916.2,False,https://re.kufar.by/vi/1080034619,,55,60.9,,,1,,2.0,,,2014.0,29,27.520796,53.888223,"Дзержинского пр, 11, Минск",Ольга
1080034571,2026-08-06T12:45:13Z,Аренда квартиры,Долгосрочная аренда квартиры,1200.0,3537.6,False,https://re.kufar.by/vi/1080034571,,170,70.0,,,3,10,19.0,21.0,1,2022.0,28,27.539382,53.868993,"Игоря Лученка ул, 5, Минск",Татьяна
1080028427,2026-08-06T11:58:53Z,Сдается светлая уютная 3-комнатная квартира,"БЕЗ КОМИССИИ ДЛЯ АРЕНДАТОРА! Сдаётся стильная, просторная и полностью оборудованная ""евротрешка"" в одном из самых престижных и красивых мест Минска. Э",1221.17,3600.0,True,https://re.kufar.by/vi/1080028427,,,91.4,51.4,13.6,3,5,13.0,16.0,10,2014.0,22,27.468559,53.939338,"Победителей пр, 125, Минск",ООО АурумЭстейт
1080027070,2026-08-06T11:43:52Z,"Квартира ул. Каменногорская, 110",Сдается 2-комнатная квартира на длительный срок. Вся мебель и техника в наличии. Качественный ремонт. Хорошие соседи. Оказываем помощь в поиске кварти,450.0,1326.6,True,https://re.kufar.by/vi/1080027070,,,54.0,30.0,9.0,1,,,,,,30,27.43136,53.930894,"Каменногорская ул, 110, Минск",ООО Альфа-риэлт
1080020501,2026-08-06T11:39:09Z,Снять квартиру,"Сдается квартира на длительный срок после 20.08
Заселение возможно до 2-х человек.

В квартире 2-х спальная кровать в одной комнате и диван раскладной",559.7,1650.0,False,https://re.kufar.by/vi/1080020501,,,45.0,,,,,5.0,5.0,,,25,27.603163,53.888542,"Щербакова ул, 27, Минск",Ольга
1080025689,2026-08-06T11:26:51Z,Сдается светла уютная 1-комнатная квартира,"Сдаётся уютная и светлая квартира на ул. Игнатовского, 4
Без комиссии для арендатора!

Предлагается в долгосрочную аренду полностью обустроенная кварт",424.02,1250.0,True,https://re.kufar.by/vi/1080025689,,65,42.8,18.1,9.5,1,,16.0,,1,2010.0,30,27.449703,53.921239,"Всеволода Игнатовского ул, 4, Минск",ООО АурумЭстейт
1080025381,2026-08-06T11:23:05Z,Аренда квартиры-студии,"Уютная, светлая квартира-студия с приятной энергетикой идеально подойдёт для комфортной жизни позитивным, целеустремлённым, ответственным людям.
Если",457.94,1350.0,False,https://re.kufar.by/vi/1080025381,2.0,105,36.1,23.2,,3,5,6.0,10.0,10,2014.0,30,27.418622,53.916461,"Казимировская ул, 27, Минск",Ирина
1080023956,2026-08-06T11:06:36Z,2К квартира 70 м2 с ремонтом в ЖК Парк Челюскинцев,"* Уютная просторная 2-комнатная квартира в ЖК ""Парк Челюскинцев""!
* Рядом ТЦ ""Dana Moll"".
* Прекрасный вид на парк!
* Метро Московская и Парк челюскин",800.0,2358.4,False,https://re.kufar.by/vi/1080023956,,,70.0,59.0,15.0,3,5,5.0,21.0,10,2020.0,24,27.625522,53.922851,"Макаёнка ул, 12Б, Минск",Дмитрий
1080023704,2026-08-06T11:03:01Z,Квартира,"Квартира Алферова 8, этаж 6 из 10",780.0,2299.44,False,https://re.kufar.by/vi/1080023704,3.0,170,42.0,35.0,10.0,1,10,6.0,10.0,3,2026.0,28,27.552623,53.864251,"Жореса Алфёрова ул, 8, Минск",Марина
1064494971,2026-08-06T10:53:33Z,"Снять 1-комнатную квартиру, г. Минск, ул. Карвата, 21","Заселение с 1 сентября, просмотр с 27 августа! Для граждан РБ! Сдам квартиру добропорядочной и аккуратной семье или одинокому человеку (без детей и жи",429.0,1264.69,False,https://re.kufar.by/vi/1064494971,3.0,255,26.0,13.0,9.0,1,5,4.0,5.0,,,25,27.674677,53.909853,"Карвата ул, 21, Минск",Дмитрий
1058026959,2026-08-06T09:59:12Z,Сдам в аренду 3-комн.квартиру. Центр. Собственник,"Ностальгический модернизм большой профессорской квартиры 130 м²  – в знаменитой сталинке в центре города.

Новый тренд на фоне стремления к высокотехн",1500.0,4422.0,False,https://re.kufar.by/vi/1058026959,,,130.0,78.0,18.0,2,10,3.0,6.0,3,1953.0,22,27.556441,53.898942,"Независимости пр, 18, Минск",Лина
1080017684,2026-08-06T09:57:34Z,"Сдается просторная квартира с отличным ремонтом по ул. Филимонова, 14","Сдается уютная, светлая и полностью готовая к комфортному проживанию квартира в престижном доме 2004 года постройки. Отличная планировка, качественный",700.0,2063.6,False,https://re.kufar.by/vi/1080017684,4.0,240,78.0,,,1,10,10.0,,10,2004.0,25,27.635349,53.910829,"Филимонова ул, 14, Минск",Мтс
1080017395,2026-08-06T09:54:26Z,"Снять 4-комнатную квартиру, г. Минск, ул. Киселева, 6/д","Предлагается в аренду 4-комнатная квартира в жилом комплексе «Депо»
Квартира расположена на 3 этаже нового жилого комплекса «Депо». Объект сдаётся впе",5088.2,15000.0,True,https://re.kufar.by/vi/1080017395,,,131.5,99.1,,3,5,3.0,6.0,,2024.0,22,27.575459,53.91058,"Киселёва ул, 6Д, Минск",ООО Результативная недвижимость
1080014312,2026-08-06T09:17:42Z,2к квартира в долгосрочную аренду,"Квартира в долгосрочную аренду минимум на 1 год.
Свежий ремонт. Тихий центр.
Высокие коммунальные.
Одна комната проходная.
В квартире есть все необход",576.66,1700.0,False,https://re.kufar.by/vi/1080014312,,200,43.0,,6.0,2,,1.0,5.0,,,25,27.578055,53.899976,"Первомайская ул, 22к3, Минск",Дарья
1077133133,2026-08-06T09:17:27Z,1-к квартира,Сдаётся на длительный срок уютная 1-комнатная квартира-студия с изолированной спальней . Квартира в пару шагов от метро Грушевка. Квартира расположена,600.0,1768.8,False,https://re.kufar.by/vi/1077133133,,55,40.2,29.0,10.0,1,5,13.0,20.0,2,2017.0,29,27.516116,53.886159,"Дзержинского пр, 19, Минск",Люда
1056075927,2026-08-06T09:13:44Z,"Квартира 1-комн(48кв.м),полн.комплектация, центр, метро Московская.","1-к квартира,собственник, центр, метро Московская, полная комплектация.
На телефонный звонок отвечу быстро, сообщение могу увидеть не сразу.",500.0,1474.0,False,https://re.kufar.by/vi/1056075927,3.0,240,48.0,28.0,12.0,3,5,9.0,14.0,10,2014.0,25,27.635096042589428,53.911132622991424,"Филимонова ул, 14, Минск",Сергей
1080013632,2026-08-06T09:09:05Z,Сдается уютная 2-х комн. квартира в мкр. Запад-3,"С 1 сентября сдается тёплая уютная 2-х комнатная квартира в 12 мин. ходьбы от метро Кунцевщина. Вся инфраструктура вокруг. Две изолированных комнаты,",440.98,1300.0,False,https://re.kufar.by/vi/1080013632,3.0,80,48.0,29.0,7.0,3,1,9.0,9.0,1,1983.0,30,27.447287,53.898337,"Одинцова ул, 23к1, Минск",Денис
1069968473,2026-08-06T08:49:18Z,"Аренда 4 кв. по ул.Сторожовская,д.6","Площадь квартиры 217 кв. м.
3 раздельные спальни + просторная гостиная комната с обеденной зоной.
Санузел в каждой из комнат + гостевой.
Две лоджии +",5000.0,14740.0,True,https://re.kufar.by/vi/1069968473,,260,217.0,170.0,,1,,2.0,7.0,3,,22,27.556835,53.910324,"Сторожовская ул, 6, Минск",Агентство недвижимости ''Юриэлт'' в Минске
1070250285,2026-08-06T08:49:01Z,"Аренда 4 кв. по ул.Пионерская,д.7","Четырехкомнатная квартира по адресу: ул. Пионерская, дом 7.

Общая площадь квартиры - 133.1 кв.м. Дом повышенной комфортности!

Квартира полностью уко",1800.0,5306.4,True,https://re.kufar.by/vi/1070250285,,195,133.1,89.3,13.8,3,,2.0,5.0,10,2008.0,22,27.487513,53.938892,"Пионерская ул, 7, Минск",Агентство недвижимости ''Юриэлт'' в Минске
1080009566,2026-08-06T08:20:01Z,Евротрешка на несколько месяцев,"С 13 сентября по 23 декабря 2026. В арендную стоимость включена коммуналка, интернет. Никаких скрытых платежей. Для некурящих, без животных.",1000.0,2948.0,False,https://re.kufar.by/vi/1080009566,6.0,170,57.0,36.0,7.0,4,5,23.0,25.0,2,2021.0,28,27.538071,53.862802,"Мира пр, 16, Минск",Ольга
1078642110,2026-08-06T08:15:33Z,Сдаю 2-х комнатную квартиру Маяк Минска,"2-комнатная квартира со свежим ремонтом. Общая площадь 56 м2. 6 этаж. Гостиная, совмещённая с кухней, спальня, гардеробная, постирочная, ванная комнат",1187.25,3500.0,False,https://re.kufar.by/vi/1078642110,2.0,325,56.4,42.4,,3,10,6.0,25.0,4,2017.0,24,27.654097,53.927655,"Петра Мстиславца ул, 3, Минск",Татьяна
1080004703,2026-08-06T07:54:39Z,"2комн.квартира сдаётся ул.Ангарская 18/1,м.Могилевская","Сдается двухкомнатная квартира в Заводском районе ул.Ангарская 18/1,м.Могилевская на длительный срок .В наличии мебель ,холодильник,стиральная машина",373.13,1100.0,True,https://re.kufar.by/vi/1080004703,,10,47.0,,,1,1,,,,,26,27.681639,53.867172,"Ангарская ул, 18к1, Минск",ООО Альфа-риэлт
1079846508,2026-08-06T07:51:58Z,Сдам 2-х комнатную квартиру Минск,Сдается с сентября по апрель включительно.,600.0,1768.8,False,https://re.kufar.by/vi/1079846508,2.0,,62.7,34.3,14.4,3,5,2.0,10.0,10,2014.0,22,27.473787,53.934907,"Мястровская ул, 5, Минск",Иван
1080004331,2026-08-06T07:50:20Z,1-комн. Квартира на длит срок. Стильный ремонт,"1 комнатная квартира. Стильный ремонт, вся встроенная техника и сантехника, посудомойка, стиралка. Кухня МДФ. Кровать 1600х2000мм. 5 минут от метро",640.0,1886.72,False,https://re.kufar.by/vi/1080004331,2.0,,39.0,,,1,5,1.0,24.0,,2020.0,29,27.508381,53.889115,"Розы Люксембург ул, 151, Минск",Any
1080003549,2026-08-06T07:39:22Z,Сдам квартиру в Английском квартале,"Сдам 1 комнатную просторную квартиру на длительное проживание квартиру в Английском квартале, с мебелью, бытовой техникой, закрытая территория, парков",550.0,1621.4,True,https://re.kufar.by/vi/1080003549,2.0,,45.0,35.0,10.0,1,5,3.0,3.0,3,2021.0,29,27.460798,53.852329,"Космонавтов ул, 22, Минск",ИП Дашко ЮР
1079999946,2026-08-06T07:19:51Z,"Сдается 3-х комнатная квартира, ул.Восточная 22/1","Квартира для интеллигентных людей, семейной пары или семьи из 3-х человек. Аккуратных и спокойных.

Без животных и вредных привычек.

Аренда возможна",450.0,1326.6,False,https://re.kufar.by/vi/1079999946,3.0,,62.1,44.0,6.5,3,1,3.0,5.0,3,1972.0,23,27.591466,53.928312,"Восточная ул, 22к1, Минск",Лариса Петровна
1079999715,2026-08-06T07:16:17Z,Аренда квартиры,"Сдается на срок от 1 года.
 Однокомнатная квартира в сталинке.
Очень уютная, теплая, дизайнерский ремонт.
Новая техника. Много мест хранения.окна во д",500.0,1474.0,False,https://re.kufar.by/vi/1079999715,,,32.0,20.0,5.0,2,10,2.0,3.0,3,1958.0,29,27.52188179018799,53.89349690879699,"Коржа ул, 7, Минск",Alina
1077752939,2026-08-06T06:59:55Z,Сдаётся студия,"Сдаётся на длительный срок
Чистая и ухоженная квартира 
Аккуратным и чистоплотным жильцам 
Тихая и комфортная КВ 
С очень хорошим видом на центр город",491.86,1450.0,False,https://re.kufar.by/vi/1077752939,2.0,170,27.0,20.0,,1,5,25.0,25.0,2,,28,27.532654,53.871706,"здание Фламенко, квартал Мировых Танцев, экспериментальный многофункциональный комплекс Минск-Мир, Минск",Виктория
1079995994,2026-08-06T06:26:38Z,"Снять 2-комнатную квартиру, г. Минск, ул. Осипенко, 8","Сдается двухкомнатная квартира в Центральном районе по адресу: ул. Осипенко 8 Квартира расположена на 1 этаже 5 этажного дома, укомплектована необходи",474.9,1400.0,True,https://re.kufar.by/vi/1079995994,,,39.9,23.1,6.3,3,,1.0,5.0,,,22,27.54868,53.925354,"Осипенко ул, 8, Минск","ООО ""Резалт Недвижимость"""
1077980845,2026-08-06T05:39:25Z,1-к Жуковского 5/1,"Светлая, чистая, тёплая. Свободна с сентября",550.0,1621.4,False,https://re.kufar.by/vi/1077980845,,,38.0,,,3,5,9.0,9.0,1,,28,27.552048,53.883543,"Жуковского ул, 5к1, Минск",Паша
1079971788,2026-08-06T05:37:22Z,Тимошенко 12. Аренда квартиры,Уютная и светлая трехкомнатная квартира площадью 79 м². Квартира полностью готова к проживанию и укомплектована всей необходимой мебелью и бытовой тех,650.0,1916.2,False,https://re.kufar.by/vi/1079971788,,80,79.0,,,4,5,3.0,9.0,2,,30,27.461768,53.904257,"Тимошенко ул, 12, Минск",Андрей
1079966035,2026-08-06T05:32:55Z,Аренда квартиры,"Иностранцам, студентам, с крупными собаками- нет! Официальный договор.",407.06,1200.0,False,https://re.kufar.by/vi/1079966035,,305,48.0,36.0,9.0,3,1,2.0,9.0,3,,26,27.645895,53.837859,"Ауэзова ул, 8к3, Минск",Max
1079965599,2026-08-06T05:32:20Z,квартира сдача в найм,"Сдается на длительный срок меблированная уютная 3-х комнатная квартира в Уручье, по ул. Городецкая, д.38, укомплектована всем необходимым для проживан",678.43,2000.0,False,https://re.kufar.by/vi/1079965599,4.0,280,71.0,48.0,10.0,1,1,3.0,5.0,3,1996.0,24,27.675315,53.945677,"Городецкая ул, 38, Минск",Виктор
1079965507,2026-08-06T05:31:41Z,Сдать в аренду,"Однокомнатная квартира,этаж 4",450.0,1326.6,False,https://re.kufar.by/vi/1079965507,,135,28.0,16.0,8.0,1,1,,,4,,28,27.51661042244851,53.85653094195508,"Казинца ул, 37, Минск",Наталья
1079964169,2026-08-06T05:27:58Z,Сдается квартира,"Сдается однокомнатная квартира с евроремонтом на длительный срок. Общая площадь – 33,5 м2; комната – 18 м2; кухня – 7,25 м2. Дом после капитального ре",474.9,1400.0,False,https://re.kufar.by/vi/1079964169,2.0,320,33.5,18.0,7.3,1,5,9.0,10.0,,,29,27.465738,53.864437,"Газеты Звязда пр, 22к1, Минск",Ксения
1079973048,2026-08-06T05:12:46Z,3 комнатная квартира в аренду,"3 комнатная квартира рядом с метро Восток. Дом после капитального ремонта. Рядом парк, торговый центр ""ДАНА МОЛЛ"". Предпочтение студентам из Китая.",712.35,2100.0,False,https://re.kufar.by/vi/1079973048,3.0,45,67.0,43.0,15.0,,5,6.0,16.0,,,24,27.650838213105736,53.935074863746564,"Независимости пр, 155к1, Минск",Олег
1079962599,2026-08-05T19:59:21Z,Сдается 1 комн.квартира Минск - Мир,"Компактная стильная квартира на Брилевской, 27(ЖК «Минск Мир», дом « Румба»). Собственник. Ищем порядочных жильцов из РБ!!!! на длительный срок. Кварт",505.0,1488.74,False,https://re.kufar.by/vi/1079962599,2.0,170,33.0,27.0,7.0,3,10,14.0,25.0,10,2024.0,28,27.527983,53.872937,"Брилевская ул, 27, Минск",лилия
1079961796,2026-08-05T19:44:27Z,2-комнатная квартира в центре Минска по ул. Ленина,"Сдается в аренду 2-комнатная квартира в центре Минска – в двух шагах от «нулевого километра»!
Квартира расположена по адресу: ул. Ленина, в уникальном",800.0,2358.4,False,https://re.kufar.by/vi/1079961796,4.0,,60.1,32.1,10.0,1,5,3.0,5.0,3,1955.0,27,27.566125,53.895381,"Ленина ул, Минск",Тереса
1079961271,2026-08-05T19:37:44Z,Квартира,Сдается двухкомнатная квартира с 10.08 на длительный срок по договору.,510.0,1503.48,False,https://re.kufar.by/vi/1079961271,2.0,15,54.0,,9.0,1,1,8.0,12.0,3,1999.0,28,27.548455,53.8778,"Воронянского ул, Минск",Наталия
1079958884,2026-08-05T18:49:48Z,Сдается 2-х комнатная квартира возле м. Кам.горка,"Сдаётся уютная 2-х комнатная квартира, рядом с метро ""Каменная горка"", от собственника. Чистая и аккуратная квартира. Окна выходят во двор. Две изолир",474.9,1400.0,False,https://re.kufar.by/vi/1079958884,2.0,80,47.0,,,1,1,5.0,9.0,1,1987.0,30,27.435788,53.897122,"Лобанка ул, 13к1, Минск",Светлана
1079956773,2026-08-05T18:22:42Z,Снять 1-комнатную квартиру.,"Сдам уютную квартиру на длительный срок по договору аренды.
Сдача с 13.08.2026( четверг).",600.0,1768.8,False,https://re.kufar.by/vi/1079956773,2.0,,52.7,46.3,14.4,3,5,3.0,20.0,2,2019.0,29,27.520544,53.889539,"Дзержинского пр, 20, Минск",Юлия
1079954507,2026-08-05T17:49:35Z,Уютная двухкомнатная квартира в аренду,"Сдается уютная двухкомнатная квартира в спокойном озелененном районе города. В пешей доступности находятся  магазины, поликлиники, аптеки, детские сад",550.0,1621.4,False,https://re.kufar.by/vi/1079954507,4.0,320,60.0,57.0,9.5,3,5,18.0,19.0,1,2006.0,29,27.469493,53.86491,"Голубева ул, 21, Минск",Александра
1079952800,2026-08-05T17:25:05Z,Сдается квартира (евротрешка) на длительный срок,"Сдается квартира (евротрешка) на длительный срок, с заключением договора. 8 - ой этаж 14-ти этажного дома; высокоскоростной Интернет, Wi-Fi; чисто, ко",850.0,2505.8,False,https://re.kufar.by/vi/1079952800,3.0,55,64.0,41.0,16.0,1,10,8.0,14.0,5,2016.0,29,27.514517,53.883627,"2-я  Щорса ул, 7, Минск",Ирина
1076453375,2026-08-05T17:20:11Z,Квартира пентхаус с 3 уровнями в центре Минска,"Квартира пентхаус с 3 уровнями в центре Минска. Планировка включает: 3 этаж – прихожая, 2 этаж – зал, кухня, ванная, туалет, лоджия и 1 этаж – спальня",950.0,2800.6,False,https://re.kufar.by/vi/1076453375,6.0,,74.2,39.8,,3,5,10.0,14.0,,1998.0,27,27.567212,53.873011,"Денисовская ул, 9, Минск",Александр
1079948074,2026-08-05T16:51:35Z,"Сдаётся 2х комнатная квартира, Парниковая, 3/3","Сдаётся 2х комнатная квартира по улице Парниковой 3 , Кор. 3 . На длительный срок от 6 месяцев и более, ТОЛЬКО ГРАЖДАНАМ РБ, временную регистрацию ино",525.63,1549.56,False,https://re.kufar.by/vi/1079948074,2.0,,52.0,,9.0,3,1,2.0,9.0,1,2000.0,24,27.632304,53.923275,"Парниковая ул, 3к3, Минск",Жанна
1079947957,2026-08-05T16:49:32Z,"Аренда 3-комнатной квартиры, Денисовская 47","На длительный срок сдается просторная и уютная 3 комнатная квартира, в которой есть все необходимое для проживания по адресу ул.Денисовская , 47
2 отд",600.0,1768.8,True,https://re.kufar.by/vi/1079947957,,,92.1,52.0,14.2,4,,15.0,16.0,,2003.0,27,27.578747,53.873745,"Денисовская ул, 47, Минск",ООО Центр недвижимости ГАЛАКТИКА
1079947867,2026-08-05T16:48:25Z,Двухкомнатная квартира в кирпичном новом доме,"Сдаётся уютная двухкомнатная квартира в хорошем состоянии. Дом кирпичный.

Планировка включает изолированную спальню, просторную гостиную, кухню, кори",740.0,2181.52,False,https://re.kufar.by/vi/1079947867,,,54.0,29.0,12.0,3,5,9.0,9.0,3,2007.0,30,27.476725,53.907641,"Притыцкого ул, 39, Минск",Оксана
1079947397,2026-08-05T16:41:28Z,Сдам студию в Минск-мир на длительный срок,"Сдам студию в Минск-мире на длительный срок, всё новое, только по договору аренды, стоимость без учёта коммунальных платежей",542.74,1600.0,False,https://re.kufar.by/vi/1079947397,2.0,170,30.0,,,1,10,25.0,25.0,1,2025.0,28,27.55535590344937,53.85915860228069,"Леонида Щемелёва ул, 28, Минск",Nikolai
1079943438,2026-08-05T16:19:37Z,Сдам квартиру на длительный срок,"Сдается просторная , чистая квартира на длительный срок от собственника, необходимая мебель и бытовая техника",500.0,1474.0,False,https://re.kufar.by/vi/1079943438,2.0,145,69.0,,11.4,3,1,1.0,10.0,1,2014.0,27,27.588556,53.837364,"Прушинских ул, 9, Минск",Лариса
1078144591,2026-08-05T16:09:38Z,Уютная квартира в центре Минска,"Сдается однокомнатная квартира в 5 минутах от м. Грушевка. Квартира в живописном районе города, за окном небольшой сквер, рядом 2 парка, пруд, магазин",530.0,1562.44,False,https://re.kufar.by/vi/1078144591,,,32.0,32.0,6.0,1,5,3.0,5.0,3,,29,27.523275,53.898501,"Волоха ул, 6, Минск",Дима
1079938477,2026-08-05T15:16:37Z,Аренда большой Новой 3-4-х комнат.квартиры в Минске,"В центре Минска сдается в длительную аренду большая, 95 м.кв., светлая 3-комнатная квартира(евро четырешка) с большими жилыми комнатами(22, 15 и 15 ме",1000.0,2948.0,False,https://re.kufar.by/vi/1079938477,8.0,220,95.0,54.0,16.0,3,5,,25.0,2,2014.0,23,27.585322,53.939121,"Максима Богдановича ул, 140, Минск",Светлана
1079937375,2026-08-05T15:02:15Z,Квартира,"Долгосрочная аренда (от года) 

Сдается квартира с панорамными окнами в ЖК ""Минск Мир"" (Южная Европа, дом Валенсия) 
2 жилые комнаты: кухня-гостиная и",576.66,1700.0,False,https://re.kufar.by/vi/1079937375,4.0,170,38.3,32.9,,3,10,10.0,25.0,4,2023.0,28,27.541781,53.871222,"Белградская ул, 4, Минск",Милана
1079936409,2026-08-05T14:51:14Z,Сдам 1-ком.квартиру на длительный срок,"Сдам на длительный срок квартиру. Работающим, без животных и маленьких детей. Студентам не беспокоить. Кухня сделана под заказ, рассчитана на высокий",420.0,1238.16,False,https://re.kufar.by/vi/1079936409,2.0,100,32.8,16.9,7.0,3,10,8.0,9.0,1,1975.0,24,27.635134,53.95256,"Карбышева ул, 11, Минск",Екатерина
1079935369,2026-08-05T14:38:35Z,"2к квартира, Лученка 13, м.Аэродромная","Сдается с 10 сентября паре или одному человеку, без детей, без животных , не студентам на длительный срок. в квартире прописан человек. Метро аэродром",650.0,1916.2,False,https://re.kufar.by/vi/1079935369,,170,45.0,40.0,,3,5,17.0,24.0,,2021.0,28,27.543371,53.867278,"Игоря Лученка ул, 13, Минск",Виктория
1077060159,2026-08-05T14:27:15Z,Стильная студия в Клубном Доме на Червякова,"Квартира- студия в ""Клубном доме на Червякова"". Огороженная территория с парковкой, дизайнерская входная группа из мрамора, лифт Shindler, консьерж, в",915.88,2700.0,False,https://re.kufar.by/vi/1077060159,1.0,,50.0,34.9,,2,10,6.0,6.0,2,2012.0,22,27.561831,53.902284,Минск,Валерий
1079934241,2026-08-05T14:24:50Z,Аренда квартиры в центре,"Отличная квартира для комфортного проживаня, элитный жк, метро 5мин, с видом на Парк Челюскинцев.есть трог.",690.0,2034.12,False,https://re.kufar.by/vi/1079934241,2.0,,38.0,30.0,8.0,3,10,6.0,25.0,10,2023.0,24,27.624237,53.922984,"Макаёнка ул, 12Ж, Минск",Игорь
1079931704,2026-08-05T14:02:32Z,Сдаётся квартира на длительный срок,"Сдаётся на длительный срок парам без детей,без животных.Есть всё необходимое для комфортного проживания : мебель,холодильник,стиральная машина,СВЧ,эле",520.0,1532.96,False,https://re.kufar.by/vi/1079931704,1.0,135,48.0,29.0,7.0,3,1,3.0,9.0,1,,28,27.533588,53.845195,"Лейтенанта Кижеватова ул, 78, Минск",Анжелика
1079926553,2026-08-05T12:58:24Z,Квартиры,"На длительный срок сдам свою 2-комнатную квартиру по ул. Богдановича 58 Б, в современном  клубном жилом комплексе «Престижино», тихий центр.  Территор",1600.0,4716.8,False,https://re.kufar.by/vi/1079926553,,120,60.0,,,3,10,3.0,8.0,,2015.0,23,27.569063,53.919595,"Максима Богдановича ул, 58Б, Минск",Елена
1076393337,2026-08-05T12:53:27Z,СДАМ 1-комн.квартиру,"СДАМ квартиру в историческом центре города. Отличное транспортное сообщение, в шаговой доступности станция метро, в 5- ти минутах ходьбы легендарный К",550.0,1621.4,False,https://re.kufar.by/vi/1076393337,3.0,120,35.0,20.0,8.0,1,5,5.0,9.0,3,1998.0,23,27.56908,53.922178,"Максима Богдановича ул, 62, Минск",Наталья
1079923565,2026-08-05T12:50:45Z,"Аренда 1-комнатной квартиры, пер. Калинина 7","Сдается уютная однокомнатная квартира в тихом зеленом центре по адресу: пер. Калинина,7. Недалеко станция метро ""Парк Челюскинцев"". Квартира укомплект",450.0,1326.6,True,https://re.kufar.by/vi/1079923565,,,29.8,19.41,5.41,1,,4.0,5.0,4,1965.0,24,27.605905,53.930506,"переулок Калинина, 7, Минск",ООО Центр недвижимости ГАЛАКТИКА
1078948215,2026-08-05T12:46:00Z,Большая 2-комнатная квартира возле Минск-Арена,"Аккуратная 2-комн. квартира возле Минск-Арена по пр. Победителей, 119.
Отсутствие платежей агентству недвижимости и других скрытых платежей.

- Выполн",750.0,2211.0,True,https://re.kufar.by/vi/1078948215,4.0,,62.0,30.0,12.0,3,,7.0,10.0,10,2016.0,22,27.473886,53.937785,"Победителей пр, 119, Минск",ООО ''БизнесХаус''
1079921839,2026-08-05T12:33:33Z,Двухкомнатная квартира ст. метро Каменная Горка,"Сдается двухкомнатная квартира на длительный срок, 5 минут ходьбы до ст. метро Каменная горка. Без животных и курения. Аренда + коммунальные. Заселени",700.0,2063.6,False,https://re.kufar.by/vi/1079921839,4.0,105,68.2,31.1,13.0,4,1,10.0,19.0,2,2010.0,30,27.43454,53.911678,"Кунцевщина ул, 19, Минск",Валерий
1079920646,2026-08-05T12:31:06Z,Сдаю 2х ком.кв. на Немиге Романовская слобода 20,Квартира  на Немиге свободна и можно заселиться сегодня и сейчас. БЕЗ залога не заселяю.Звоните вышлю видео квартиры,645.0,1901.46,False,https://re.kufar.by/vi/1079920646,3.0,,49.0,39.0,,,10,,4.0,3,,22,27.544646,53.904623,"Романовская Слобода ул, 20, Минск",пожалуйста только лучше  звоните
1079918297,2026-08-05T12:19:00Z,Минск МИР Белградская 2,"Дизайнерская квартира с хорошим ремонтом, не против небольших домашних животных. Предоплата за один месяц плюс залог равный месячной оплате.",700.0,2063.6,False,https://re.kufar.by/vi/1079918297,2.0,170,34.0,25.0,,1,10,21.0,25.0,10,2023.0,28,27.541817,53.87196,"Белградская ул, 2, Минск",Антон
1079913382,2026-08-05T11:24:37Z,Квартира 1 комнатная в аренду,"Сдается светлая 1-комнатная квартира от собственника.
Просторная комната 18 кв. м, кухня 9 кв. м с выходом на застекленный балкон.
Выполнен аккуратный",420.0,1238.16,False,https://re.kufar.by/vi/1079913382,,265,45.0,,9.0,3,,5.0,19.0,1,2017.0,30,27.435187,53.879928,"Шаранговича ул, 59к2, Минск",st
1079912049,2026-08-05T11:11:08Z,"1-комнатная квартира Белградская, 2","С 1 сентября сдается студия 26 м² на 24 этаже в ЖК «Минск-Мир» (ул. Белградская, 2).

· Отличный ремонт
· Панорамный вид на город.
· Официально по дог",480.0,1415.04,False,https://re.kufar.by/vi/1079912049,,170,27.0,27.0,,3,5,24.0,25.0,2,2023.0,28,27.541817,53.87196,"Белградская ул, 2, Минск",Татьяна
1077482176,2026-08-05T11:09:06Z,1-комнатная квартира на длительный срок с 16/08,"Сдается уютная,светлая 1 комнатная квартира на длительный срок,рядом с метро.
Духовой шкаф есть!
,В шаговой доступности много магазинов,торговый центр",520.0,1532.96,False,https://re.kufar.by/vi/1077482176,2.0,80,39.2,,,1,5,13.0,16.0,,,30,27.436983,53.90613,"Притыцкого ул, 97, Минск",Ирина
1079909291,2026-08-05T10:42:37Z,Сдам двухкомнатную квартиру в минске (сухарево),"Сдаю двухкомнатную квартиру в микрорайоне сухарево , дом новый сдан только в 2025 году",490.0,1444.52,False,https://re.kufar.by/vi/1079909291,2.0,,65.0,50.0,10.0,1,1,4.0,10.0,1,2025.0,29,27.43312,53.875501,"Маршала Лосика ул, 50, Минск",Сергей
1077208863,2026-08-05T10:36:24Z,"2-комнатная квартира ул.Гедройца, д.10","Сдаётся двухкомнатная квартира у метро Малиновка (ул.Гедройца, д.10)
До метро Малиновка 5 минут пешим шагом.
Дом расположен во дворе - всегда тихо и с",670.62,1977.0,True,https://re.kufar.by/vi/1077208863,,30,61.3,31.0,9.5,3,5,4.0,16.0,1,2008.0,29,27.478881,53.85124,"Ежи Гедройца ул, 10, Минск",ООО МИР НЕДВИЖИМОСТИ ПРО
1077005779,2026-08-05T10:29:04Z,Сдается квартира в Центре Минска на длительный срок,"Уютная чистая квартира у центре Минска.
Отлично подойдет для одной девушки или пары.
Сдается на длительный срок от 1 года.",450.0,1326.6,False,https://re.kufar.by/vi/1077005779,,,32.0,,,1,10,2.0,4.0,,,22,27.52933,53.918047,"Тарханова ул, 11, Минск",Янина
1079906940,2026-08-05T10:14:38Z,Квартира 130 м2,"Сдам в аренду квартиру, на длительный срок, отдельный вход, окна выход на всё 4 стороны, длинный балкон, 8 метров, выходит на парк, рядом речка, покуп",1000.0,2948.0,False,https://re.kufar.by/vi/1079906940,,135,130.0,100.0,10.0,1,15,2.0,2.0,4,2026.0,28,27.527794,53.854804,"4-й Брестский переулок, 26/1, Минск",Андрей
1079906828,2026-08-05T10:13:13Z,Сдам двухкомнатную квартиру,"Сдам двухкомнатную квартиру на ул. Тарханова,вся встроенная мебель и техника новые ,первое заселение . Ст Немига, ст Фрунзенская в 7 ( семи ) минутах",800.0,2358.4,False,https://re.kufar.by/vi/1079906828,4.0,,50.0,30.0,6.0,2,10,1.0,3.0,3,,22,27.529159,53.918174,"Тарханова ул, Минск",Ольга
1079905582,2026-08-05T09:58:04Z,1 комнатная квартира (ТОЛЬКО ЗВОНИТЬ),"Сдается однокомнатная квартира. Заводской район.
Сдаем на долгий срок.
Не сдаем - с животными.
Предоплата за два месяца. 
До метро 5 минут пешком.
Маг",508.82,1500.0,False,https://re.kufar.by/vi/1079905582,,10,45.0,43.0,10.0,1,10,5.0,19.0,1,2025.0,26,27.679717,53.868063,"Магнитная ул, 34, Минск",пользователь
1079905187,2026-08-05T09:56:12Z,Аренда квартиры Минск,"Сдается квартира в долгосрочную аренду! Это идеальное место как для проживания, так и для других целей. Просторное и светлое помещение находится в удо",610.58,1800.0,False,https://re.kufar.by/vi/1079905187,,,72.0,45.0,,1,5,2.0,10.0,,2024.0,22,27.48092,53.940059,"Тихая ул, 54, Минск",Юрий
1079184866,2026-08-05T09:46:45Z,Сдаётся 2-х комнатная квартира,"Сдается просторная 2-комнатная квартира - сталинка в Центре Минска.
Идеальное предложение для тех, кто ищет комфортное жилье в столице.
Квартира наход",750.0,2211.0,False,https://re.kufar.by/vi/1079184866,2.0,,56.0,,,,5,,,,,25,27.579519,53.909365,"Козлова ул, 2, Минск",Полина
1079904027,2026-08-05T09:41:35Z,Аренда 2-комнатной квартиры в центре напротив опер,"Представьте: вы выходите из дома и уже гуляете по Осмоловке или идете на премьеру в театр. На Пашкевич, 9 открывается уникальная возможность жить в са",750.0,2211.0,False,https://re.kufar.by/vi/1079904027,,,62.0,31.0,11.0,1,5,3.0,5.0,3,1956.0,22,27.563062,53.911068,"Алоизы Пашкевич ул, 9, Минск",Женя
1075806551,2026-08-05T09:38:38Z,2-комнатная квартира с комфортом премиум-класса на ул. Алибегова 8/1,"Сдается просторная и светлая 2-комнатная квартира площадью 61,7 м² в кирпичном доме (2008 г., улучшенный проект). Квартира сдается на длительный срок",700.0,2063.6,False,https://re.kufar.by/vi/1075806551,4.0,320,64.9,31.0,12.9,3,10,6.0,7.0,4,2008.0,29,27.482716,53.873526,"Алибегова ул, 8к1, Минск",Татьяна
1079896283,2026-08-05T09:37:26Z,Сдам по договору новую квартиру-студию,"Сдам с 01 СЕНТЯБРЯ новую квартиру-студию по договору на длительный срок гражданам РБ (не студенты) без детей.
+коммуналка, залог(возвратный).
район ""М",500.0,1474.0,False,https://re.kufar.by/vi/1079896283,4.0,170,30.0,,,1,5,12.0,25.0,,2024.0,28,27.528611,53.872491,"Брилевская ул, 25, Минск",Наталья
1079898237,2026-08-05T08:58:36Z,Сдам 1 комнатную квартиру на длительный срок,Только на длительный срок,400.0,1179.2,False,https://re.kufar.by/vi/1079898237,1.0,120,35.0,,,1,5,,,,,23,27.573617,53.920725,"Веры Хоружей ул, 10к2, Минск",Ирина
1079898930,2026-08-05T08:41:24Z,Трех комнатная квартира Мирошниченко,"Сдается 3-к. квартира по ул. Мирошниченко (Зеленый Луг) на длительный срок гражданам РБ. Собственник.
Хороший ремонт, прекрасный вид из окон в тихий д",600.0,1768.8,False,https://re.kufar.by/vi/1079898930,2.0,100,62.51,40.39,8.45,3,1,9.0,9.0,1,1981.0,23,27.608876,53.958425,"Мирошниченко ул, 4, Минск",Татьяна
1079898685,2026-08-05T08:38:32Z,Сдается 1 ком. Братская 14. Коммунальные включены в цену.,Сдается на длительный срок квартира со всей мебелью и бытовой техникой в Минск Мире. Коммунальные услуги оплачивает хозяйка! Центр города. Рядом с мет,400.0,1179.2,True,https://re.kufar.by/vi/1079898685,,170,36.0,,,3,1,,,,,28,27.551096,53.86843,"Братская ул, 14, Минск",ООО Альфа-риэлт
1079898640,2026-08-05T08:38:09Z,Найм жилого помещения,"Чистая аккуратная квартира косметический ремонт шаговая доступность метро магазины инфраструктура, договор,сдаётся на длительный срок только резидента",440.98,1300.0,False,https://re.kufar.by/vi/1079898640,2.0,,37.7,36.3,7.0,3,1,11.0,12.0,3,1990.0,26,27.664931,53.863848,"Мичурина ул, 25, Минск",Сергей
1079897145,2026-08-05T08:36:44Z,Долгосрочная аренда,"-ДОЛГОСРОЧНАЯ АРЕНДА 
-ГРАЖДАНИНАМ РБ
-БЕЗ ДОМАШНИХ ЖИВОТНЫХ 
-КУРИТЬ В КВАРТИРЕ ЗАПРЕЩЕНО 
-ДОГОВОР И КОММУНАЛЬНЫЕ дополнительно оплачиваются 
-ЗАЛОГ",508.82,1500.0,False,https://re.kufar.by/vi/1079897145,,220,44.2,,,1,5,2.0,15.0,3,2014.0,23,27.593137,53.937393,"Леонида Беды ул, 33, Минск",Наталья
1075743013,2026-08-05T08:28:03Z,"Снять 2-комнатную квартиру в центре Минска, Пулихова","Сдается 2-комнатная квартира, которая идеально подойдет для 1 человека или пары, которые ценят комфорт и тишину.
Локация:
Самая тихая и зеленая часть",610.58,1800.0,True,https://re.kufar.by/vi/1075743013,,200,51.8,32.5,11.3,4,1,2.0,9.0,3,1972.0,25,27.57942,53.897764,"Пулихова ул, 19, Минск",ООО Партнер для всех
1079896398,2026-08-05T08:14:21Z,Квартира,"На длительный срок по договору сдается уютная 2 комнатная квартира в спокойном районе .Первое заселение!
Хорошее состояние квартиры,имеется мебель и в",550.0,1621.4,False,https://re.kufar.by/vi/1079896398,2.0,,45.0,,,,10,1.0,5.0,,,30,27.5159,53.911418,"Скрыганова ул, 13, Минск",Алексей
1079882226,2026-08-05T06:53:19Z,Арендую квартиру Уручье/Боровая,"Помогаю другу найти жилье, СРОЧНО.
Обязательно с регистрацией. 
Уручье/Боровая 
Чистоплотный, ответственный, работающий, не студент. Сейчас живет на н",450.0,1326.6,False,https://re.kufar.by/vi/1079882226,,280,40.0,,,,5,,,,,24,27.686086,53.94175,"микрорайон Уручье, Минск",Анастасия
1067162772,2026-08-05T06:35:37Z,Сдам с 22 сентября 2-х ком кв. ул.Лученка 24,"Сдам с 22 сентября 2-х комнатную квартиру от двух месяцев и более в Минск-Мире.40м.кв, ул. И.Лученка д.24на 23 этаже с современным ремонтом. До метро",700.0,2063.6,False,https://re.kufar.by/vi/1067162772,3.0,170,40.0,,,3,10,23.0,25.0,2,2023.0,28,27.549147,53.863402,"Игоря Лученка ул, 24, Минск",Оксана
1079880287,2026-08-05T06:23:27Z,Сдаётся квартира,"Сдаётся квартира (с сентября) в центре Минска, в самом экологически чистом районе столицы. В 10 минутах от жд вокзала. С видом на реку Свислочь. В неп",542.74,1600.0,False,https://re.kufar.by/vi/1079880287,4.0,,56.0,45.0,,3,5,11.0,12.0,3,1995.0,27,27.567589,53.87703,"Маяковского ул, 24, Минск",Александр
1053589960,2026-08-05T06:19:58Z,Квартира для организаций от 15 суток в Соколе,"Сдаётся 2-комнатная квартира ( от 15 суток), стоимость из расчета от 140 руб/сутки за квартиру.
Квартира сдается в аренду только для ОРГАНИЗАЦИЙ.
Вмес",0.0,0.0,True,https://re.kufar.by/vi/1053589960,5.0,245,52.0,,,,,5.0,5.0,,1988.0,28,27.904511,53.876626,"Барамзиной ул, 10, Минск",ООО Компания АрендаПро
1053588543,2026-08-05T06:19:57Z,Квартира для организаций от 15 суток в Соколе,"Сдаётся 1-комнатная квартира ( от 15 суток), стоимость из расчета от 100 руб/сутки за квартиру.
Квартира сдается в аренду только для ОРГАНИЗАЦИЙ.
Вмес",0.0,0.0,True,https://re.kufar.by/vi/1053588543,3.0,245,47.0,,,,,8.0,9.0,,,28,27.905787,53.879201,"Гризодубовой ул, 7, Минск",ООО Компания АрендаПро
1053588808,2026-08-05T06:19:57Z,Квартира для организаций от 15 суток в Соколе,"Сдаётся 1-комнатная квартира ( от 15 суток), стоимость из расчета от 100 руб/сутки за квартиру.
Квартира сдается в аренду только для ОРГАНИЗАЦИЙ.
Вмес",0.0,0.0,True,https://re.kufar.by/vi/1053588808,3.0,245,41.0,,,,,7.0,9.0,,,28,27.905589,53.880241,"Гризодубовой ул, 9, Минск",ООО Компания АрендаПро
1079613314,2026-08-05T06:11:03Z,Сдам квартиру-студию,"Квартира полностью готова для проживания,сдаём по договору для чистоплотный пары, до апреля, вся техника новая до метро Аэродромная 5 минут",508.82,1500.0,False,https://re.kufar.by/vi/1079613314,2.0,170,31.0,20.0,9.0,3,5,9.0,25.0,2,2023.0,28,27.547431,53.863189,"Братская ул, 13, Минск",Ольга
1079879326,2026-08-05T06:06:10Z,Аренда квартиры долгосрочная,"Сдается квартира полностью укомплектована всем, с современным  ремонтом ,в комфортном ЖК «Мирный» ,в 10 минутах  от метро «Малиновка» на длительный ср",678.43,2000.0,False,https://re.kufar.by/vi/1079879326,3.0,,62.0,33.0,,1,5,5.0,,1,,29,27.446308,53.855335,"Сергея Есенина ул, 58, Минск",Дмитрий
1079858706,2026-08-05T05:55:28Z,2-х комнатная квартира,"Сдается двухкомнатная квартира с мебелью на длительный срок гражданам РБ по договору, налог оплачиваем сами 
Предоплата за месяц + залог в размере мес",450.0,1326.6,False,https://re.kufar.by/vi/1079858706,,135,51.0,30.0,8.0,3,1,5.0,5.0,,,28,27.512783,53.854018,"Казинца ул, Минск",Алёна
1079856233,2026-08-05T05:55:06Z,Сдается 2х комн. квартира,"Квартира сдается на длительный срок (от года) порядочным, аккуратным и ответственным гражданам РБ исключительно с целью проживания (без субаренды).
До",390.09,1150.0,False,https://re.kufar.by/vi/1079856233,,185,60.0,31.0,9.5,3,15,10.0,19.0,1,2022.0,24,27.720852019841942,53.939118049949975,"Основателей ул, Минск",Илья
1079878610,2026-08-05T05:51:48Z,Сдам 2х. Комнатную квартиру в новостройке.,"Квартира находится в новостройке 3 минуты до метро ""Грушевская"". На длительный срок. Есть всё для комфортного проживания. Две отдельные комнаты по 18",700.0,2063.6,False,https://re.kufar.by/vi/1079878610,4.0,,65.0,40.0,10.0,3,5,6.0,20.0,10,2024.0,29,27.515676,53.887756,"Дзержинского пр, 26, Минск",Алексей
1079844192,2026-08-05T05:51:47Z,Арендую квартиру,"Здравствуйте! Мы с подругой (обе из Бреста) ищем квартиру для долгосрочной аренды. Официально работаем по контракту, поэтому финансовые вопросы стабил",400.0,1179.2,False,https://re.kufar.by/vi/1079844192,2.0,170,30.0,,,1,1,,,,,28,27.530534,53.869147,"Михаила Савицкого ул, 3, Минск",Анна
1079842420,2026-08-04T20:04:44Z,Арендую Квартиру,"Здравствуйте! Мы с подругой ищем квартиру для долгосрочной аренды. (Обе с Бреста)
Официально работаем по контракту, поэтому финансовые вопросы для нас",400.0,1179.2,False,https://re.kufar.by/vi/1079842420,2.0,170,30.0,,,1,1,,,,,28,27.530534,53.869147,"Михаила Савицкого ул, 3, Минск",София
1079841676,2026-08-04T20:04:18Z,Сдам квартиру,"Сдается аккуратной семейной паре на длительный срок от прямого собственника уютная 1-комнатная квартира в Уручье, строго без животных.    
Адрес: г. М",351.09,1035.0,False,https://re.kufar.by/vi/1079841676,3.0,280,34.4,16.6,9.3,1,1,7.0,9.0,1,1979.0,24,27.677965,53.951378,"Гинтовта ул, Минск",Ирина
1079839839,2026-08-04T19:23:01Z,Трехкомнатная квартира в аренду на длительный срок,"Сдается в долгосрочную аренду трехкомнатная квартира по улице Сурганова, 59. Для граждан Беларуси",559.7,1650.0,False,https://re.kufar.by/vi/1079839839,4.0,,54.0,35.0,6.2,1,1,2.0,5.0,,,23,27.57823048926829,53.92825593255074,"Сурганова ул, 59, Минск",Виталий
1066514761,2026-08-04T18:37:52Z,Квартира для строителей,"Сдаётся  уютная двухкомнатная квартира. 
ул.Славинского,25 (рядом ст.м.Восток)

(НЕ АГЕНТСТВО!)

Идеальное размещение персонала, рабочих,строителей.
К",678.43,2000.0,False,https://re.kufar.by/vi/1066514761,7.0,45,45.0,,,4,1,3.0,5.0,3,1993.0,24,27.637694,53.938564,"Славинского ул, 25, Минск",Павел
1079836567,2026-08-04T18:24:30Z,Квартира,"Идеальная «европолуторашка» для ценителя эстетики и простора — это жилье площадью 50 м² с объединенной кухней-гостиной, отдельной изолированной спальн",600.0,1768.8,False,https://re.kufar.by/vi/1079836567,2.0,110,50.0,30.0,30.0,1,5,9.0,,2,2016.0,30,27.520931,53.909349,"Скрыганова ул, 4Д, Минск",Виктория
1079812868,2026-08-04T18:12:11Z,Квартира сдаётся 2 комнатная,"Новая квартира,  находится в собственности. 
Сдаётся на длительный срок семье. Без мебели. Только плита имеется 
Предоплата месяц 
Новый дом, красивый",600.0,1768.8,False,https://re.kufar.by/vi/1079812868,,,65.0,,,1,1,3.0,11.0,,2025.0,30,27.444098,53.874089,"Маршала Лосика ул, Минск",Желтый
1079835396,2026-08-04T18:06:16Z,3к квартира на аэродромной у Минск мира,"Свободна

Очень уютная и необычная 3к квартира в
Минске.

Рядом с метро и магазинами. З этаж, спокойный двор с парковками.

В квартире все рабочее. Сп",550.0,1621.4,False,https://re.kufar.by/vi/1079835396,3.0,15,60.0,,,1,,3.0,5.0,1,,28,27.536903,53.873208,"Аэродромная ул, 3, Минск",Алина
1079835154,2026-08-04T18:04:00Z,помогу с подбором квартиры в аренду,"Могу оказать помощь в подборе жилого помещения по вашим критериям, не агентство, найду, подберу, сделаю конкретный список квартир под Вас, согласую ос",0.0,0.0,False,https://re.kufar.by/vi/1079835154,,,50.0,,,,,,,,,22,27.574424494127438,53.908686804869305,"Киселёва ул, Минск",.k.f.
1079831769,2026-08-04T17:50:55Z,"Победителей 135Б, двухкомнатная квартира","! Работаем по факту !

Сдаётся 2-ух комнатная квартира в уникальном жилом комплексе «D3», по адресу пр-т Победителей, 135Б. В квартире выполнен стильн",1200.0,3537.6,True,https://re.kufar.by/vi/1079831769,,,66.2,61.0,,4,,15.0,26.0,4,2018.0,22,27.461247,53.94326,"Победителей пр, 135Б, Минск",ООО Центр недвижимости ГАЛАКТИКА
1079831763,2026-08-04T17:50:52Z,"Аренда 2-комнатной квартиры, Победителей 125","Квартиру можем показывать с 15 августа, свободна будет с 20 августа.

2-х комнатная квартира с дизайнерским ремонтом, которая находится на 10-м этаже",700.0,2063.6,True,https://re.kufar.by/vi/1079831763,,,57.9,31.1,,3,,10.0,16.0,4,2014.0,22,27.468559,53.939339,"Победителей пр, 125, Минск",ООО Центр недвижимости ГАЛАКТИКА
1079825773,2026-08-04T17:43:40Z,"Сдам квартиру в аренду.  Звонить по второму номеру, Лариса с 10 до 19..","Сдам квартиру семейной паре на длительный срок.

Звонить по второму номеру -Лариса.  с 10 до 19
заезд и просмотр после 17.08.",407.06,1200.0,False,https://re.kufar.by/vi/1079825773,2.0,160,32.8,16.7,7.4,1,5,3.0,9.0,1,,30,27.503072,53.925014,"Пушкина пр, 89, Минск",Никита
1079822211,2026-08-04T17:39:28Z,Сдам двухкомнатную квартиру,"Сдам новую квартиру , без мебели 
На ДОЛГИЙ срок!!! 
Только работающим, платежеспособным 
БЕЗ ЖИВОТНЫХ",491.86,1450.0,False,https://re.kufar.by/vi/1079822211,,,63.0,,,1,1,,,,,29,27.435465,53.875188,"Академика Карского ул, 33, Минск",Юлиана Ковалевка
1079822132,2026-08-04T17:39:21Z,Сдача 1 -комнатной квартиры ( Веснянка),"1‑к квартира, Веснянка, Орловская 86‑2 — 8 этаж, окна во двор, тихая сторона.Рядом парковые зоны и удобные прогулочные дорожки для пробежек и прогулок",474.9,1400.0,False,https://re.kufar.by/vi/1079822132,2.0,40,38.0,18.0,7.0,1,1,8.0,9.0,1,1986.0,22,27.508902,53.929712,"Орловская ул, 86к2, Минск",Лидия
1079806560,2026-08-04T17:22:16Z,Аренда квартиры,"Сдается евродвушка. Современная, светлая,уютная квартира, практически никто не жил, первая сдача от собственника. Состоит из прихожей с двумя большими",576.66,1700.0,False,https://re.kufar.by/vi/1079806560,4.0,80,44.5,27.5,,3,5,9.0,19.0,1,2020.0,30,27.458192,53.896029,"2-й переулок Тимошенко, 7, Минск",Ирина
1079806061,2026-08-04T17:21:45Z,Сдам в аренду 1 комнатную квартиру,"Сдам уютную, светлую и теплую квартиру. Все необходимое есть. Прекрасное транспортное сообщение и отличная инфраструктура, Окна выходят в парк:",508.82,1500.0,False,https://re.kufar.by/vi/1079806061,2.0,230,45.0,20.0,10.0,,5,,,1,2003.0,27,27.601168,53.862918,"Плеханова ул, 48, Минск",Ирина
1074648721,2026-08-04T16:36:24Z,Аренда новой стильной студии с дизайнерским ремонтом,Сдается НОВАЯ СТИЛЬНАЯ студия с ДИЗАЙНЕРСКИМ РЕМОНТОМ.Первое заселение.До метро 8 мин пешком .Отличное месторасположение.Есть вся необходимая техника,1200.0,3537.6,False,https://re.kufar.by/vi/1074648721,,170,32.0,32.0,,3,10,4.0,19.0,10,2025.0,28,27.55651068630695,53.863177911946956,"Леонида Щемелёва ул, 14, Минск",Ирина
1079781357,2026-08-04T16:31:57Z,аренда квартир,"Уютная студия ждет своих жильцов. 10 минут ходьбы от станции метро Каменная горка, машино-место на охраняемой стоянке. Заселение возможно с 15.08.2026",501.84,1479.43,False,https://re.kufar.by/vi/1079781357,,125,35.3,,,3,10,,16.0,5,2021.0,30,27.433875,53.896002,"Лобанка ул, 64, Минск",Ольга
1078870315,2026-08-04T16:18:28Z,Квартиру в Аренду,"Сдам квартиру на длительный срок в аренду , новая , полностью меблированная квартира, кондиционер , холодильник , посудомойка и тд . Квартира абсолютн",1221.17,3600.0,False,https://re.kufar.by/vi/1078870315,,,58.0,58.0,,,10,2.0,9.0,,,22,27.525782,53.914886,"Панфилова ул, 5, Минск",Артем
1079776188,2026-08-04T15:52:47Z,Техкомнатная квартира в аренду по адресу Танка 4,"Квартира сдаётся с 9ого сентября, т.к. в доме идет замена труб водоснабжения и канализации. 
Застрахована как квартира так и ответственность жильцов.",1100.0,3242.8,False,https://re.kufar.by/vi/1079776188,5.0,90,68.0,,,4,1,3.0,9.0,3,,22,27.540527226743343,53.90664200260541,"Максима Танка ул, 4, Минск",Степан
1079775668,2026-08-04T15:45:42Z,Сдается квартира,"Сдается на длительный срок гражданам РБ по договору найма с платой за месяц залогом за последний месяц проживания, оплатой коммунальных услуг и интерн",424.02,1250.0,False,https://re.kufar.by/vi/1079775668,2.0,265,44.0,18.1,9.3,1,1,9.0,19.0,1,2004.0,30,27.441502,53.886589,"Чайлытко ул, 13, Минск",Наталья
1079771436,2026-08-04T14:51:48Z,Сдать квартиру,"Долгосрочная аренда. Три раздельные комнаты. Бытовая техника. Раздельный санузел. Ванна.
Квартира теплая,окна -деревянный стеклопакет.
Телевизор, стир",559.7,1650.0,False,https://re.kufar.by/vi/1079771436,4.0,150,67.0,43.0,9.0,3,,2.0,12.0,,1996.0,29,27.451662,53.846226,"Слободская ул, 119, Минск",Елена
1079769077,2026-08-04T14:25:35Z,"Снять 1-комнатную квартиру, г. Минск, ул. Наполеона Орды, 39","Квартира актуальна для просмотров и заселения после 15 августа!

Сдаётся однокомнатная квартира в Московском районе по адресу: ул. Наполеона Орды 39!",407.06,1200.0,True,https://re.kufar.by/vi/1079769077,,30,42.2,20.1,10.1,3,1,1.0,9.0,,,29,27.487298,53.848011,"Наполеона Орды ул, 39, Минск","ООО ""Резалт Недвижимость"""
1079767771,2026-08-04T14:09:53Z,Сдаю квартиру,"Сдаю собственную уютнаю, полностью укомплектованную 1-комнатную квартиру на длительный срок по адресу: ул. В. Хоружей, 26 (15 минут пешком до ст. м. «",470.0,1385.56,False,https://re.kufar.by/vi/1079767771,,,40.0,,,,,,,,,23,27.565406,53.923514,"Веры Хоружей ул, 26, Минск",Анна
1079767510,2026-08-04T14:06:36Z,Квартира,Сдаётся квартира на длительный срок.,700.0,2063.6,False,https://re.kufar.by/vi/1079767510,,15,49.7,37.5,,1,10,9.0,15.0,,,28,27.548455,53.8778,"Воронянского ул, Минск",Алексей
1079763843,2026-08-04T13:54:57Z,"Аренда 4-комнатной квартиры,  Победителей 125","Предлагается в аренду просторная 4-х комнатная квартира в микрорайоне ""Лебяжий"". 103 кв. метра. Кухня 11.4 кв. метра. Просторная кухня-гостиная и 3 из",1200.0,3537.6,True,https://re.kufar.by/vi/1079763843,,,102.9,65.8,,3,,9.0,12.0,2,2014.0,22,27.46961,53.939415,"Победителей пр, 125, Минск",ООО Центр недвижимости ГАЛАКТИКА
1079763838,2026-08-04T13:54:52Z,"Аренда 4-комнатной квартиры, Независимости 88","Сдается светлая, просторная квартира, идеально подходящая для семьи с детьми, но без питомцев. Площадь 108 м²

3 отдельные спальни;
большая гостиная,",1200.0,3537.6,True,https://re.kufar.by/vi/1079763838,,,96.8,89.4,,3,,4.0,15.0,2,2020.0,24,27.623234,53.925141,"Независимости пр, 88, Минск",ООО Центр недвижимости ГАЛАКТИКА
1079763311,2026-08-04T13:53:41Z,"Снять 1-комнатную квартиру, г. Минск, ул. Некрасова, 19","Сдается уютная квартира в Советском районе. В квартире есть все для комфортного проживания: мебель, посудомоечная машина, плита, духовой шкаф, СВЧ-печ",407.06,1200.0,True,https://re.kufar.by/vi/1079763311,,,32.6,17.3,8.0,3,1,5.0,9.0,,,23,27.586337,53.932553,"Некрасова ул, 19, Минск","ООО ""Резалт Недвижимость"""
1079731425,2026-08-04T13:22:34Z,Аренда,Сдам двухкомнатную квартиру по ул Городецкая на длительный срок,508.82,1500.0,False,https://re.kufar.by/vi/1079731425,,280,50.0,,,,,,,,,24,27.677164311414856,53.94594230786648,"Городецкая ул, Минск",Леонид
1079712612,2026-08-04T12:34:06Z,Сдается 2-х комнатная квартира,"Сдается 2-х комнатная квартира на долгий срок. 2 балкона, 2 комнаты. С мебелью. В обе комнаты есть ковры(после химчистки).Посуда. Новая кухня. Квартир",600.0,1768.8,False,https://re.kufar.by/vi/1079712612,2.0,290,57.0,,10.0,1,5,4.0,10.0,3,2004.0,30,27.481553073752337,53.90109454210244,"Бельского ул, Минск",Марина
1079709239,2026-08-04T12:18:53Z,Трёхкомнатная квартира в центре на Червякова,"В аренду 3-х комнатная квартира в Центральном районе города!

Дом 2017 г.п., товарищество собственников. Во дворе оборудованная детская площадка, веде",831.07,2450.0,True,https://re.kufar.by/vi/1079709239,3.0,,70.3,53.2,,3,,4.0,20.0,,2017.0,22,27.549461,53.930019,"Червякова ул, 62, Минск",ООО БРИЛЛИАНТОВЫЙ ЛЕВ
1079301880,2026-08-04T12:17:43Z,Сдается комфортная совр 3-х ком кв возле метро,Сдаётся комфортная 3-х комнатная кв.в тихом центре Минска. От собственника. Уютная чистая квартира . 2 мин ходьбы до метро . Ст.метро Институт Культур,993.89,2930.0,False,https://re.kufar.by/vi/1079301880,5.0,,68.0,58.0,9.0,1,10,5.0,9.0,10,1993.0,28,27.541044,53.882173,"Могилёвская ул, 4к3, Минск",Jasmine
1058789665,2026-08-04T11:57:55Z,"3-комнатная квартира по ул. Пионерская, 32","Эксклюзивная 3-комнатная квартира премиум-класса с мебелью близи водохранилища ""Дрозды"" в престижном жилом комплексе ""Клубного типа"", г.Минск, улица П",2500.0,7370.0,True,https://re.kufar.by/vi/1058789665,,195,125.3,67.9,18.0,3,10,4.0,5.0,10,2018.0,22,27.483372,53.939402,"Пионерская ул, 32, Минск",Агентство недвижимости ''Час-Пик''
1079707000,2026-08-04T11:55:08Z,Просторная квартира с отличным ремонтом в ЖК Маяк,"Заселение после 6 сентября!

СДАЕТСЯ  просторная уютная 2-комнатная квартира с отличным ремонтом (70 кв.м) в престижном ЖК «Маяк Минска» по адресу: ул",844.64,2490.0,True,https://re.kufar.by/vi/1079707000,2.0,325,70.0,51.0,12.0,3,5,9.0,20.0,10,2017.0,24,27.65195,53.931573,"Петра Мстиславца ул, 18, Минск",Бюро Городской Недвижимости
1078698222,2026-08-04T10:39:03Z,"Снять 3-комнатную квартиру, г. Минск, ул. Игоря Лученка, 16","Сдается уютная и просторная квартира с дизайнерским ремонтом и абсолютно всей мебелью и техникой для комфортной жизни в лучшем квартале Минск-Мира!

П",1177.07,3470.0,True,https://re.kufar.by/vi/1078698222,,170,55.2,43.9,,3,10,10.0,16.0,4,2025.0,28,27.541323,53.866821,"Игоря Лученка ул, 16, Минск",ООО Результативная недвижимость
1079699828,2026-08-04T10:35:27Z,"Снять 3-комнатную квартиру, г. Минск, ул. Нововиленская, 29","Арендатор не оплачивает комиссию!
Сдаётся в аренду на длительный срок современная 3-комнатная квартира в уникальном жилом комплексе клубного типа Лева",983.72,2900.0,True,https://re.kufar.by/vi/1079699828,,,65.0,50.0,,3,5,9.0,9.0,10,2020.0,22,27.534343,53.933444,"Нововиленская ул, 29, Минск",Твой Маентак
1079693125,2026-08-04T09:59:43Z,Квартира,"Звоните , на сообщения нет возможности ответить. 
 
Без животных, НЕ студентам. Квартира сдаётся с сентября. 
Мебель, встроенные шкафы, бытовая техник",610.58,1800.0,False,https://re.kufar.by/vi/1079693125,,55,47.7,31.4,,1,5,7.0,15.0,,2023.0,29,27.50875,53.88359,"Дзержинского пр, 21, Минск",Владимир
1074647631,2026-08-04T09:50:59Z,Квартира долгосрочно аренда Минск Мир,"Сдается в долгосрочную аренду дизайнерская квартира в Минск Мире | с 05.06.26 !!!

10-12 минут спокойным шагом до метро, рядом остановки и хорошая инф",630.0,1857.24,False,https://re.kufar.by/vi/1074647631,1.0,170,31.0,,,3,5,8.0,,2,2024.0,28,27.555345,53.860768,"Игоря Лученка ул, 32, Минск",Мария
1077260548,2026-08-04T09:32:23Z,Квартира,"Сдается трехкомнатная квартира. На этаже всего 5 квартир! Отличные соседи! Понорамный вид из окна на обе стороны города, вы будете впечатлены! Детский",1400.0,4127.2,False,https://re.kufar.by/vi/1077260548,,170,80.0,55.0,25.0,3,10,,,2,2023.0,28,27.539607,53.872459,"Аэродромная ул, 20, Минск",Екатерина
1079688135,2026-08-04T09:29:30Z,"Аренда 2-комнатной квартиры, Николы Теслы 20","СДАЕТСЯ НОВАЯ ЕВРОДВУШКА 44 М² У МЕТРО ""АЭРОДРОМНАЯ""

 Идеальная локация:
- 1 минута пешком до метро
- Напротив ТЦ ""Авиа Молл"" (Green, магазины, кафе)",750.0,2211.0,True,https://re.kufar.by/vi/1079688135,,170,40.0,36.2,,1,,11.0,15.0,2,,28,27.545921,53.868229,"Николы Теслы ул, 20, Минск",ООО Центр недвижимости ГАЛАКТИКА
1079688127,2026-08-04T09:29:27Z,"Аренда 3-комнатной квартиры, Сурганова 5А","Сдаётся элитная 3-комнатная квартира в центре Минска!

Ищете идеальное жильё с потрясающими видами? Эта квартира — ваш выбор! Расположенная в одной из",1199.0,3534.65,True,https://re.kufar.by/vi/1079688127,,5,76.1,41.1,14.1,3,,10.0,19.0,4,2012.0,24,27.602597,53.917686,"Сурганова ул, 5А, Минск",ООО Центр недвижимости ГАЛАКТИКА
1079673159,2026-08-04T09:05:38Z,"Сдам 1-комнатную квартиру, г. Минск ул, Левина 9","Однокомнатная квартира. Современный ремонт. Квартира сдается на длительный срок. Минск-Мир (ЖК Лас Вегас). Большие окна, два балкона. Квартира оборудо",500.0,1474.0,False,https://re.kufar.by/vi/1079673159,,170,32.0,29.0,,4,10,16.0,25.0,,,28,27.532097,53.866572,"Леонида Левина ул, 9, Минск",Павел
1079197424,2026-08-04T08:41:22Z,Двухкомнатная квартира после ремонта,"Сдается светлая, уютная квартира после полного обновления. 

Здесь все новое: от стяжки пола до розеток. Никаких ""бабушкиных"" диванов и старой сантехн",542.74,1600.0,True,https://re.kufar.by/vi/1079197424,,290,44.8,30.9,6.0,1,1,4.0,5.0,1,1967.0,30,27.507726,53.904331,"Одоевского ул, 23, Минск",Бюро Городской Недвижимости
1065365730,2026-08-04T08:29:50Z,Сдаем трехкомнатную квартиру с ремонтом,"Сдаётся 3-х комнатная квартира-студия с прекрасным видом на Свислочь. Современная планировка, квартира оборудована всем необходимым для комфортного пр",750.0,2211.0,False,https://re.kufar.by/vi/1065365730,3.0,220,95.0,60.0,14.0,3,10,9.0,15.0,10,2009.0,27,27.568865,53.882587,"Маяковского ул, 15, Минск",Leonid
1079643192,2026-08-04T08:09:22Z,1-комн.квартира сдается бульвар Шевченко 6,"Сдается 1комн.квартира в Центральном районе бульвар Шевченко 6,на длительный срок. Квартира с мебелью .Холодильник,стиральная машина . Официально по д",373.13,1100.0,True,https://re.kufar.by/vi/1079643192,,,31.0,,,,1,,,,,22,27.557034,53.924309,"Шевченко бул, 6, Минск",ООО Альфа-риэлт
1079630383,2026-08-04T07:41:16Z,Сдам 1-ую квартиру,Сдам однокомнатную квартиру студию на длительный срок (без животных),661.47,1950.0,False,https://re.kufar.by/vi/1079630383,,,42.4,,,,5,14.0,19.0,2,2019.0,24,27.625773,53.923742,"Макаёнка ул, 12В, Минск",Вероника
1079629606,2026-08-04T07:34:39Z,2к квартира Северный Берег,"Сдается новая квартира на длительный срок в прекрасном районе Северного берега, I квартал рядом с Lake Side, 5 этаж из 7, окна на южную сторону. Кварт",661.47,1950.0,False,https://re.kufar.by/vi/1079629606,3.0,,47.0,,,1,10,5.0,7.0,2,2025.0,23,27.568344,53.965158,"Виталия Цвирко ул, 102, Минск",Продавец
1079629519,2026-08-04T07:33:28Z,2 комнатная квартира по ул. Берута 22,"в аренду 2 комнатная квартира по ул. Берута 22. Метро пушкинская 10минут. Все есть для проживания. Можно кота. Звоните. 
Выбор квартир и комнат по гор",450.0,1326.6,True,https://re.kufar.by/vi/1079629519,,290,46.2,30.7,5.8,,1,,,,,30,27.504483,53.899833,"Болеслава Берута ул, 22к2, Минск",ООО Альфа-риэлт
1079629423,2026-08-04T07:33:12Z,Cдам квартиру 4 комнаты Уручье,"Сдаётся уютная четырехкомнатная квартира от собственника на 1 этаже 9-ти этажного панельного дома. Квартира сдаётся без мебели. 
Только граждане РБ.
В",700.0,2063.6,False,https://re.kufar.by/vi/1079629423,,280,90.0,82.0,7.1,4,5,1.0,9.0,1,1987.0,24,27.689077,53.942608,"Руссиянова ул, 12, Минск",Юрий
1068931466,2026-08-04T07:28:47Z,"Аренда 2-комнатной квартиры, Друйская 61","РАБОТАЕМ ПО ФАКТУ 
Сдается 2-х комнатная квартира по ул. Друйская 61 общ.пл.  70,9 кв.м. Клубный дом «Вилла Рива»  находится в необычном уютном дворе,",900.0,2653.2,True,https://re.kufar.by/vi/1068931466,,,70.9,51.3,,3,,1.0,3.0,4,2016.0,23,27.586113,53.96703,"Друйская ул, 61, Минск",ООО Центр недвижимости ГАЛАКТИКА
1079625837,2026-08-04T07:15:26Z,Сдам 3- комнатную квартиру в Лошице,"Уютная 3-комнатная квартира в хорошем районе.
Ремонт выполнен, мебель есть.
Рядом всё необходимое: остановка, магазины, Лошицкий парк.
Прекрасные сосе",678.43,2000.0,False,https://re.kufar.by/vi/1079625837,,145,65.0,,,1,1,8.0,9.0,1,2004.0,27,27.573312,53.837348,"Игуменский тракт, 36, Минск",европочта
1079624776,2026-08-04T07:02:33Z,Сдам квартиру,Сдам квартиру на длительный срок без животных. все новое никто не жил. Рассмотрю варианты с детьми от 6 лет. Все вопросы по телефону. Фото по запросу,700.0,2063.6,False,https://re.kufar.by/vi/1079624776,,,72.0,,,1,5,17.0,19.0,2,2017.0,29,27.441924,53.873574,"Маршала Лосика ул, 31, Минск",Андрей
1055936774,2026-08-04T06:52:11Z,Сдам квартиру в г. Минск для командированных,"Предлагаем квартиру для КОМАНДИРОВОЧНЫХ. Работаем с ЮРЛИЦАМИ
Отчетные документы, наличный и безналичный расчет.
От 1 до 6 человек
Долгосрочная аренда",0.0,0.0,True,https://re.kufar.by/vi/1055936774,4.0,255,64.0,,,3,5,2.0,9.0,,,25,27.675198,53.915263,"Высокая ул, 11В, Минск",ООО ШаКоХаус
1079613931,2026-08-04T06:10:55Z,Студия(1 комнатная квартира),"Сдам студию с заключением договора
Залог за месяц
БЕЗ детей и животных",480.0,1415.04,False,https://re.kufar.by/vi/1079613931,2.0,170,33.3,27.0,,3,,5.0,25.0,,,28,27.534896773701828,53.86371977181736,"Белградская ул, 16, Минск",Евгения
1079594266,2026-08-04T06:02:16Z,Сдам новую квартиру в Леваде в аренду,"Свежий ремонт, тишина двора и всё включено — идеальная «двушка» на Леваде ждёт Вас. 
Адрес и локация г. Минск, район Левада, ул. Нововиленская, 41 Авт",850.0,2505.8,False,https://re.kufar.by/vi/1079594266,4.0,,50.5,,,3,10,6.0,9.0,2,,22,27.534235,53.935289,"Нововиленская ул, 41, Минск",Максим
1079599379,2026-08-04T05:26:58Z,Сдается 2- ком.кв-ра по ул Богдановича 25,"Сдается 2- комнатная квартира по ул Богдановича 25.
Центр города. Отличное расположение.

Сталинка. Хорошее состояние.
Стеклопакеты, метдверь, кафель,",800.0,2358.4,False,https://re.kufar.by/vi/1079599379,2.0,260,60.0,40.0,10.0,1,1,3.0,3.0,3,1956.0,22,27.558193,53.910039,"Максима Богдановича ул, 25, Минск",Надежда
1079592001,2026-08-04T05:21:01Z,Сдам 2-х комнатную квартиру на длительный срок,"Сдам квартиру на длительный срок. Квартира поле ремонта: два спальных места, два шкафа, телевизор, стиральная машина, варочная панель, духовой шкаф, с",573.27,1690.0,False,https://re.kufar.by/vi/1079592001,2.0,,44.0,30.0,6.0,1,5,3.0,5.0,3,1971.0,23,27.578441,53.928445,"Сурганова ул, 59, Минск",Юрий
1079590593,2026-08-03T20:02:00Z,"3 комн, 68,4 м², этаж 13 из 17","Светлая и уютная 3-комнатная квартира в новом доме (2022 г.) с современным ремонтом. Полностью готова к проживанию: мебель, вся необходимая бытовая те",725.0,2137.3,False,https://re.kufar.by/vi/1079590593,2.0,55,68.4,63.6,,1,5,13.0,17.0,,2022.0,29,27.5258,53.885623,"Грушевская ул, 21, Минск",Илья
1074168531,2026-08-03T17:44:17Z,Сдается 2 комнатная квартира ЖК Левада с парковкой,"Сдается на длительный срок 2-х комн. квартира с Парковкой! Первое заселение! Квартира светлая с новой мебелью и техникой. Гостиная совмещена с кухней,",820.0,2417.36,False,https://re.kufar.by/vi/1074168531,4.0,,59.0,41.0,,3,5,7.0,9.0,,2024.0,22,27.52792,53.936683,"Нововиленская ул, 61, Минск",Ольга
1079577733,2026-08-03T16:59:55Z,Квартира на длительный срок,"Сдам 3-х комнатную квартиру от собственника на длительный срок. Зелёный район, в пешей доступности Цнянское водохранилище. Только гражданам РБ и РФ. В",508.82,1500.0,False,https://re.kufar.by/vi/1079577733,,,64.0,39.0,7.1,3,1,4.0,9.0,3,1985.0,23,27.603405,53.941681,"Восточная ул, 66, Минск",Zhora
1079574611,2026-08-03T16:49:47Z,"Аренда 3-комнатной квартиры, Ратомская 7","Большая квартира в ЖК ""Лебяжий"". Въезд во двор через шлагбаум. Детская площадка, футбольное поле, кафе, рестораны, спортзал, бассейн, сауна — все в ра",1200.0,3537.6,True,https://re.kufar.by/vi/1079574611,,210,115.8,112.9,,3,,13.0,25.0,2,2017.0,22,27.459588,53.942235,"Ратомская ул, 7, Минск",ООО Центр недвижимости ГАЛАКТИКА
1079574609,2026-08-03T16:49:46Z,"Аренда 2-комнатной квартиры, Богдановича 144","Сдается стильная , очень уютная евродвушка в новом доме . Полностью укомплектована и готова для заселения. Звоните!",800.0,2358.4,True,https://re.kufar.by/vi/1079574609,,220,41.2,30.2,,3,,17.0,26.0,2,2022.0,23,27.586336,53.939514,"Максима Богдановича ул, 144, Минск",ООО Центр недвижимости ГАЛАКТИКА
1079574610,2026-08-03T16:49:46Z,"Аренда 3-комнатной квартиры, Лобанка 4","Большая, светлая квартира в хорошем доме. Удобные системы хранения, 2 санузла. Просторная и уютная.",1080.0,3183.84,True,https://re.kufar.by/vi/1079574610,,125,96.0,84.3,,4,,6.0,18.0,2,2009.0,30,27.431961,53.905201,"Лобанка ул, 4, Минск",ООО Центр недвижимости ГАЛАКТИКА
1079557736,2026-08-03T14:58:18Z,Квартиру,Сдаеться квартира однокомнатная предоплата за год все вопросы по тел   сергей,250.0,737.0,False,https://re.kufar.by/vi/1079557736,3.0,145,45.0,18.0,9.0,1,,6.0,16.0,1,,27,27.563951,53.845057,"Владислава Сырокомли ул, 32, Минск",СЕРГЕЙ
1079558104,2026-08-03T14:08:49Z,Сдается 3-комнатная квартира по ул. Выготского,"Сдается просторная 3-комнатная квартира на 2 этаже по улице Выготского.

Квартира без мебели, что станет отличным вариантом для тех, кто хочет обустро",500.0,1474.0,False,https://re.kufar.by/vi/1079558104,,180,85.0,65.0,12.0,3,1,2.0,10.0,,,22,27.551411,53.958706,"Выготского ул, 45, Минск",Руслан
1079531633,2026-08-03T13:34:40Z,Сдам квартиру,"Сдается на длительный срок двухкомнатная квартира только гражданам РБ!!!!! Порядочной платежеспособной семье без вредных привычек, можно с детьми (1-2",500.0,1474.0,False,https://re.kufar.by/vi/1079531633,,,57.0,,9.0,3,1,5.0,16.0,,2019.0,30,27.455471,53.874471,"Юрия Семеняко ул, Минск",Елена
1079555150,2026-08-03T13:26:06Z,Двухкомнатная квартира с подземным паркингом,"Очень комфортная, просторная двухкомнатная квартира в шаговой доступности от метро «Ковальская слобода». Хороший ремонт, качественная мебель, техника",900.0,2653.2,False,https://re.kufar.by/vi/1079555150,2.0,15,76.6,40.4,15.4,3,10,12.0,20.0,,2014.0,28,27.54509864585032,53.87662520916125,"Радищева ул, 3к1, Минск",Марина
1079551190,2026-08-03T12:40:41Z,Сдам 2к квартиру на длительный срок,"Сдается квартира на 13-м этаже. Евродвушка. 
1 комната 19 кв. м.
2 совмещена с кухней - 24 кв. м. 
Просторная панорамная лоджия - 10 кв. м. 

Итальянс",678.43,2000.0,False,https://re.kufar.by/vi/1079551190,2.0,220,61.0,43.0,5.0,3,,13.0,26.0,,,23,27.584361,53.937833,"Максима Богдановича ул, 132, Минск",Надежда
1077021793,2026-08-03T12:24:50Z,Сдам трехуровневую трехкомнатную квартиру,Трехуровневая трёхкомнатная квартира с оригинальной планировкой в кирпичном доме. 1-й уровень: большая гардеробная. 2-й уровень: две спальные комнаты.,800.0,2358.4,False,https://re.kufar.by/vi/1077021793,3.0,,74.0,,,3,5,3.0,14.0,3,,27,27.567212,53.873011,"Денисовская ул, 9, Минск",Пользователь
1068931457,2026-08-03T12:22:21Z,"Аренда 3-комнатной квартиры, Немига 42","Работаем по факту 

Сдаётся отличная квартира в центре Минска по  ул. Немига 42, общ.пл. 81 кв.м.. Квартира в идеальном состоянии.  Имеется вся необхо",1000.0,2948.0,True,https://re.kufar.by/vi/1068931457,,,80.7,49.1,11.3,3,,4.0,10.0,2,2006.0,29,27.542006,53.899509,"Немига ул, 42, Минск",ООО Центр недвижимости ГАЛАКТИКА
1079541990,2026-08-03T11:25:46Z,"Снять 1-комнатную квартиру, г. Минск, ул. Притыцкого, 106","Сдаётся стильная 1-комнатная квартира у входа в метро Каменная горка по улице Притыцкого, 106.

Предлагается в аренду светлая и уютная квартира с совр",508.82,1500.0,True,https://re.kufar.by/vi/1079541990,,130,33.2,17.0,7.3,1,,3.0,10.0,,,30,27.441654,53.907456,"Притыцкого ул, 106, Минск","ООО ""Резалт Недвижимость"""
1079541073,2026-08-03T11:15:42Z,Сдается большая квартира,Квартира в аренду от собственника. Дом с лифтом и гаражом расположен в районе малоэтажной застройки рядом с парком. В квартире есть все для комфортног,1450.0,4274.6,False,https://re.kufar.by/vi/1079541073,3.0,165,140.0,85.0,14.0,3,5,4.0,4.0,4,2010.0,30,27.467598,53.900003,"Утульная ул, 1, Минск",Александр
1055011259,2026-08-03T10:36:36Z,Квартира,"Евродвушка -квартира, 47 м.кв
Есть балкон и лоджия
Дизайнерский ремонт
Санузел совмещеный
Холодильник , стиральная машина , электро плита, духовой шка",508.82,1500.0,False,https://re.kufar.by/vi/1055011259,2.0,220,47.0,30.0,,3,10,8.0,,2,2013.0,23,27.593389,53.938538,"Белинского ул, 54, Минск",Александр
1079537431,2026-08-03T10:36:36Z,Сдам на длит срок новую видовую 1 комн кв МинскМир,"С 13.08 дается однокомнатная квартира в ЖК МинскМир, новостройка, мебель, техника, холодильник, гражданам Беларуси, без детей и животных",440.98,1300.0,False,https://re.kufar.by/vi/1079537431,2.0,170,32.0,29.0,,3,5,15.0,25.0,1,2024.0,28,27.555974,53.860242,"Леонида Щемелёва ул, 18, Минск",Натали
1079536866,2026-08-03T10:30:29Z,4-х комнатная квартира 3-йПутепроводный пер. Д. 6,"Долгосрочная аренда по договору , залог имущества. Возможно по договорённости место в гараже. Аренда плюс коммунальные. 
Без животных.
Уютный дом на 6",1000.0,2948.0,False,https://re.kufar.by/vi/1079536866,3.0,160,130.0,70.0,12.0,1,5,1.0,3.0,3,,30,27.497727201736986,53.92334800262501,"3-й Путепроводный переулок, 6, Минск",innychka
1079536470,2026-08-03T10:26:16Z,Уютная и светлая квартира,"Просторная и уютная квартира около метро Пушкинская,свежий ремонт,есть всё для комфортного проживания.Коммунальные входят в стоимость.СДАЁТСЯ НА 3 МЕС",600.0,1768.8,False,https://re.kufar.by/vi/1079536470,1.0,205,40.0,20.0,,3,5,6.0,9.0,1,1978.0,30,27.495526,53.904692,"Пушкина пр, 33, Минск",Леонид
1077221358,2026-08-03T10:25:48Z,"3-комнатная квартира пр.Дзержинского, д.9","Сдается дизайнерская 3-комнатная квартира в районе с развитой инфраструктурой
Г. Минск, пр-т Дзержинского, д. 9
Общая площадь по СНБ - 86.4 м2, общая",936.23,2760.0,True,https://re.kufar.by/vi/1077221358,,55,86.4,50.1,,,5,12.0,16.0,4,2012.0,29,27.523554,53.889582,"Дзержинского пр, 9, Минск",ООО МИР НЕДВИЖИМОСТИ ПРО
1079531814,2026-08-03T09:33:40Z,2комн.квартира в Чижовке ул.Ташкентская 6/2,"Сдается 2-ух.комнатная квартира на длительный срок в Чижовке ул.Ташкентская 6/2 .
Комнаты раздельные ,есть мебель 
Холодильник,стиральная машина Предп",373.13,1100.0,True,https://re.kufar.by/vi/1079531814,,305,51.0,,,1,,,,,,26,27.632466,53.836812,"Ташкентская ул, 6к2, Минск",ООО Альфа-риэлт
1078017721,2026-08-03T09:31:17Z,ТРЕХКОМНАТНАЯ КВАРТИРА С РЕМОНТОМ ОТ СОБСТВЕННИКА ДОГОВОР,"Внимательно читаем объявление перед звонком!
Квартира сдается в аренду собственником по договору, просьба не звонить агентам и риэлторам, в их помощи",600.0,1768.8,False,https://re.kufar.by/vi/1078017721,3.0,305,80.0,50.0,11.0,3,1,16.0,19.0,1,2016.0,26,27.646389,53.840085,"Голодеда ул, 5Б, Минск",Егор
1074835815,2026-08-03T09:30:56Z,Трёхкомнатная квартира в ЖК Vogue,"С 1 сентября 2026 года !!!
Квартира в новом элитном ЖК Vogue.
Просторная ,есть все необходимое,3 комнаты-94 метра.2 изолированные комнаты и гостиная с",900.0,2653.2,False,https://re.kufar.by/vi/1074835815,6.0,,94.0,70.0,20.0,3,1,5.0,16.0,2,2018.0,24,27.62556137452631,53.922678061221895,"Макаёнка ул, 12Б, Минск",Ася
1079525949,2026-08-03T08:28:20Z,Аренда квартиры,"Сдаться светлая и аккуратная квартира ,в шаговой доступности метро (Петровщина),дом после кап ремонта, утеплен ,рядом с домом  Евроопт, аптека, 12 гим",700.0,2063.6,False,https://re.kufar.by/vi/1079525949,,320,53.8,29.3,7.2,3,5,5.0,9.0,1,,29,27.472871,53.865329,"Голубева ул, Минск",Сергей
1078019075,2026-08-03T08:12:33Z,"Сдаётся просторная 3-комнатная квартира, ул. Авангардная, 54","Главное о квартире:

Общая площадь - 78,9 м2
Третий этаж
Все комнаты изолированные
Паркетные полы, двери из массива сосны, новые радиаторы отопления
Д",593.62,1750.0,True,https://re.kufar.by/vi/1078019075,,240,79.1,47.7,12.1,4,5,3.0,5.0,3,2001.0,25,27.630121,53.910718,"Авангардная ул, 54, Минск",ОДО Старый Стиль
1077800396,2026-08-03T08:10:11Z,"Светлая, уютная 2-х комнатная квартира от собственника в самом центре Минска","Светлая,чистая, уютная 2-х комнатная квартира от собственника в самом центре Минска. Современная, качественная отделка, техника и мебель. Квартира пол",650.0,1916.2,False,https://re.kufar.by/vi/1077800396,4.0,,48.1,28.1,8.1,3,5,8.0,12.0,3,1989.0,28,27.542733,53.88964,"Льва Толстого ул, 4, Минск",Наталия
1079521425,2026-08-03T08:01:03Z,"2-комн.квартира ул.Есенина 113,метро Малиновка","Сдается двухкомнатная квартира в Малиновке Ул.Есенина 113,комнаты раздельные 
Квартира полностью соответствует фото,вся мебель и техника в наличии 
Сд",373.13,1100.0,True,https://re.kufar.by/vi/1079521425,,150,51.0,,,1,1,,,,,29,27.436336,53.864442,"Сергея Есенина ул, 113, Минск",ООО Альфа-риэлт
1079521259,2026-08-03T07:58:30Z,1-к. квартира в Сухарево,"С 19 августа будет готова к заселению, просторная однокомнатная квартира.
Исключительно на длительный срок.
Обязательно гражданам РБ, приоритет парам,",400.0,1179.2,False,https://re.kufar.by/vi/1079521259,2.0,,47.2,22.6,10.0,3,1,5.0,9.0,1,2008.0,30,27.416006567685628,53.89357986263644,"Пимена Панченко ул, 78, Минск",Мария
1076136344,2026-08-03T07:55:29Z,"2-комн.квартира ул.Восточная 50,Советский район","Квартира сдается 2-ух.комнатная на длительный срок ( от года ) 
Ул.Восточная 50,Советский район 
Квартира укомплектована мебелью ,бытовой техникой.
Сд",407.06,1200.0,True,https://re.kufar.by/vi/1076136344,,,50.0,,,1,1,,,,,23,27.598491,53.935941,"Восточная ул, 50, Минск",ООО Альфа-риэлт
1077093782,2026-08-03T07:40:49Z,"Квартира в аренду от 15 дней , give in rend 15 days","Квартира в самом лучшем месте столицы , с самым лучшим видом , дорогой ремонт и мебель , только сделан ремонт , всё новое , hello I best speak English",950.0,2800.6,False,https://re.kufar.by/vi/1077093782,2.0,260,55.0,38.0,11.0,1,10,6.0,,3,2001.0,22,27.556333,53.912272,"Сторожовская ул, 8, Минск",Елена
1079475228,2026-08-03T07:26:02Z,Аренда квартиры,"Квартира с дизайнерским ремонтом. Удобный выезд на кольцевую, есть платная охраняемая стоянка. Большое водохранилище, пляж жара",550.0,1621.4,False,https://re.kufar.by/vi/1079475228,,305,42.0,25.0,6.0,1,10,,,1,,26,27.617491,53.835117,"Уборевича ул, 160, Минск",Алекс Том
1079516119,2026-08-03T07:23:45Z,Отличная квартира в Минск Мир.Возле Авиа Мол и метро Аэродромная.Дом Марина.,"Большая 1-ая квартира со всей необходимой техникой.Гардероб.Посудомойка.2 спальных места.в Минск Мир.Возле Авиа Мол и метро Аэродромная.Дом Марина.
Кв",515.0,1518.22,False,https://re.kufar.by/vi/1079516119,2.0,170,45.0,,,1,5,10.0,,10,2017.0,28,27.553513,53.87093,"Братская ул, 2, Минск",Александр
1079462329,2026-08-03T07:14:29Z,Квартира на длительный срок,"С ОКТЯБРЯ на длительный срок!!

Сдаётся уютная квартира-студия на 10 этаже с красивым видом на проспект. 
Отличный вариант для комфортного проживания",500.0,1474.0,False,https://re.kufar.by/vi/1079462329,,320,40.0,,,3,5,10.0,23.0,10,2020.0,29,27.486561,53.866359,"Дзержинского пр, 92, Минск",Александра
1079515382,2026-08-03T07:11:21Z,Сдается 3комн квартира с мебелью и техникой,"Сдается чистая и уютная Зкомн квартира с техникой и мебелью. Ранее никогда не сдавалась. Новые ортопедические матрасы.
Полы с подогревом, ванна с гидр",712.35,2100.0,False,https://re.kufar.by/vi/1079515382,6.0,,79.2,46.7,10.2,3,5,8.0,10.0,,,28,27.558849,53.870017,"Германовская ул, 17, Минск",Дмитрий
1078052622,2026-08-03T06:33:00Z,Сдается 2-х комнатн. квартира премиального уровня,"Сдается на длительный срок 2-х комнатная квартира премиального уровня с дизайнерской планировкой для комфортной для жизни, работы и отдыха. Полный ком",1350.0,3979.8,False,https://re.kufar.by/vi/1078052622,,325,62.0,47.0,,3,10,10.0,12.0,,,24,27.650162,53.931429,"Петра Мстиславца ул, 12, Минск",Елена
1079454289,2026-08-02T18:25:48Z,Аренда Квартиры,"Сдается на длительный срок. Всем оборудована (духовой шкаф, микроволновая печь, стиральная машина и др, плохо работает телевизор). Сдается исключитель",474.9,1400.0,False,https://re.kufar.by/vi/1079454289,2.0,265,47.0,38.0,7.0,1,1,4.0,9.0,1,,30,27.442023,53.880082,"Янковского ул, 9, Минск",Денис
1079450001,2026-08-02T17:29:44Z,Сдача  1-комн. квартиры в аренду Серебрянка на 1 год.,"1 комнатная очень уютная квартира 45 кв.м. в Серебрянке на длительный срок. ЖК Телевизор Philips 107 см (42""), Новая угловая Кухня Милан, Новый Холоди",457.94,1350.0,False,https://re.kufar.by/vi/1079450001,2.0,230,45.0,19.0,9.1,3,5,2.0,12.0,10,2005.0,27,27.600504,53.848924,"Якубова ул, 2к1, Минск",Вадим Витальевич
1079439330,2026-08-02T16:51:07Z,долгосрочная аренда возле метро Грушевка,"Сдается в долгосрочную аренду замечательная квартира:
- в одной минуте от станции метро Грушевка;
-на 3-м этаже, что позволяет обходиться даже без лиф",508.82,1500.0,False,https://re.kufar.by/vi/1079439330,2.0,,42.0,18.0,12.0,3,5,3.0,23.0,10,2022.0,29,27.515029,53.887682,"Дзержинского пр, 26, Минск",нина
1079442578,2026-08-02T16:32:48Z,Сдаётся стильная 2-комнатная квартира с дизайнерск,"В долгосрочную аренду сдаётся современная просторная 2-комнатная квартира (70 м²) на проспекте Дзержинского.
Квартира выполнена по дизайнерскому проек",640.0,1886.72,False,https://re.kufar.by/vi/1079442578,5.0,30,69.0,50.0,13.0,3,10,16.0,18.0,10,2016.0,29,27.478944,53.854422,"Чюрлёниса ул, 6, Минск",Юрий
1079440021,2026-08-02T16:25:49Z,Квартира для съема.,Отличное состояние. Студентам и командированным не беспокоить. Сдается с 01.09.2026. Залог 1000 руб. Предоплата 2 месяца.,508.82,1500.0,False,https://re.kufar.by/vi/1079440021,3.0,65,37.0,29.0,10.0,1,1,1.0,9.0,1,2013.0,30,27.448437,53.919595,"Алеся Гаруна ул, 1, Минск",Сергей
1078699769,2026-08-02T16:16:18Z,Квартира в аренду на долгий срок,"На длительный срок, развитая инфраструктура, всё для комфортного проживания. Предоплата и залог.",450.0,1326.6,False,https://re.kufar.by/vi/1078699769,,80,42.0,19.0,9.0,1,,3.0,9.0,2,2007.0,30,27.446589101982823,53.90569772401833,"Притыцкого ул, 89, Минск",Олег
1079439465,2026-08-02T16:13:41Z,"ПЕРВАЯ СДАЧА: Квартира с душой и безупречным стилем на пр-те Дзержинского, 23","От собственника. Без комиссии. Только для ценителей качества и гармонии. Только гражданам РБ, без регистрации.
Сдается не просто квартира, а личное пр",780.19,2300.0,False,https://re.kufar.by/vi/1079439465,2.0,55,84.0,45.0,18.0,3,10,4.0,13.0,,2015.0,29,27.507797,53.882454,"Дзержинского пр, 23, Минск",Ольга
1079437600,2026-08-02T15:51:40Z,2-х комнатная квартира,"Квартира сдается на длительный срок , с 1 -го сентября , метро «Кунцевщина» в пешей доступности ,сделан косметический ремонт, договор, коммунальные оп",508.82,1500.0,False,https://re.kufar.by/vi/1079437600,,130,57.6,31.2,9.3,3,1,11.0,19.0,1,2006.0,30,27.449515,53.913884,"Лещинского ул, 39, Минск",Андрей
1079434896,2026-08-02T15:19:33Z,Аренда квартиры.,Зал 20 м.кухня 10м..,0.0,0.0,False,https://re.kufar.by/vi/1079434896,,150,40.0,,,3,1,12.0,12.0,1,,29,27.434315,53.856047,"Рафиева ул, 109, Минск",Виталий
1075740099,2026-08-02T14:38:54Z,Долгосрочная аренда  квартиры,"Квартира сдается порядочным, чистоплотным и интеллигентным людям. Без детей и животных.",900.0,2653.2,False,https://re.kufar.by/vi/1075740099,,,84.6,79.6,29.3,1,5,14.0,24.0,10,2014.0,29,27.520796,53.888223,"Дзержинского пр, 11, Минск",Ольга
1079427649,2026-08-02T13:55:54Z,Долгосрочная аренда квартиры,"Сдается на длительный срок (от 1 года) уютная, светлая и теплая 2-хкомнатная квартира в центре города на проспекте Победителей д.53/1. Дом 1985 года п",525.78,1550.0,False,https://re.kufar.by/vi/1079427649,,,50.1,28.7,7.5,3,1,8.0,12.0,3,1985.0,22,27.52977,53.91942,"Победителей пр, 53к1, Минск",Владимир
1079426691,2026-08-02T13:45:46Z,Квартира,"Прекрасная квартира сдается на длительный срок. Метро , магазины, все в шаговой доступности. Без животных, Без регистрации. Оплата коммуналки +договор",600.0,1768.8,False,https://re.kufar.by/vi/1079426691,,170,40.0,38.0,,3,,17.0,25.0,,,28,27.543371,53.867278,"Игоря Лученка ул, 13, Минск",Анна
1079425706,2026-08-02T13:34:52Z,"Аренда 3-к квартиры 73,3 м2","С 01.09.2026 г сдается на длительный срок просторная трёхкомнатная квартира общей площадью 73,3 кв.м. с хорошим ремонтом в микрорайоне Лошица 2. Окна",712.35,2100.0,False,https://re.kufar.by/vi/1079425706,3.0,145,77.8,40.7,10.4,4,5,7.0,9.0,4,2002.0,27,27.584208,53.835409,"Прушинских ул, 24, Минск",Наталия
1079424934,2026-08-02T13:27:15Z,Однокомнатная квартира,"Сдаётся чистая ухоженная квартира на длительный срок, только звонить",610.58,1800.0,False,https://re.kufar.by/vi/1079424934,1.0,,45.0,,9.0,1,5,11.0,19.0,,2014.0,27,27.56311451658133,53.86030196685386,"Балтийская ул, 8, Минск",пользователь
1065499424,2026-08-02T12:16:55Z,Сдаётся 4к квартира у метро Ковальская Слобода с дизайнерским ремонтом,"ВОЗМОЖНА РЕГИСТРАЦИЯ ИНОСТРАННЫХ ГРАЖДАН. Сдается великолепная, просторная квартира 90.7 кв.м. в тихом центре рядом со станцией метро Ковальская Слобо",1140.0,3360.72,False,https://re.kufar.by/vi/1065499424,5.0,,90.7,60.7,9.3,3,5,2.0,10.0,1,2000.0,28,27.550845,53.878288,"Жуковского ул, 29, Минск",Alla
1079412754,2026-08-02T12:07:54Z,Аренда квартиры,"Квартира в новостройке с хорошим ремонтом возле метро. Вся инфраструктура в шаговой доступности, школа, сад, магазины, кафе.
 Вход в метро возле дома.",542.74,1600.0,False,https://re.kufar.by/vi/1079412754,2.0,30,42.0,36.0,,3,5,6.0,14.0,10,,29,27.475934,53.848154,"Дзержинского пр, 123, Минск",Александр
216017094,2026-08-02T11:26:18Z,СДАЮ квартиру на время сессии с 13 июля,"Квартира свободна с 10 сентября.
Компаниям не сдаю.
Сдаю квартиру заочникам,  командировочным,на время сессии, повышение квалификации, гостям столицы.",502.04,1480.0,False,https://re.kufar.by/vi/216017094,2.0,170,30.0,,,3,5,4.0,22.0,2,2021.0,28,27.551806,53.868722,"Братская ул, 12, Минск",Светлана
1077022316,2026-08-02T10:32:51Z,"Квартира 3 к , и своей стоянкой","Hello ! I m good speak English and if u from another country , very best , help u with registration and another all !!!…….just call me I m all explain",750.0,2211.0,False,https://re.kufar.by/vi/1077022316,3.0,,65.0,45.0,15.0,1,5,,,3,2005.0,26,27.621255,53.863906,"Васнецова ул, 34к5, Минск",Елена
1079403332,2026-08-02T10:30:19Z,Сдам 3-комнатную квартиру,"Сдается 3-х комнатная квартира на длительный срок в Лошице. Сдается впервые, длительное время никто не проживал. Готова к проживанию. Рядом школа, дет",550.0,1621.4,False,https://re.kufar.by/vi/1079403332,5.0,145,76.9,47.4,12.0,3,1,7.0,9.0,1,2006.0,27,27.568155,53.841339,"Иосифа Гошкевича ул, 4, Минск",елена
1079399200,2026-08-02T09:44:34Z,Квартира двухкомнатная,"Добрый день, сдам новую после капитального ремонта квартиру. Первое заселение, вся мебель новая. Пожалуйста, звоните по номеру телефона. Василий",0.0,0.0,False,https://re.kufar.by/vi/1079399200,,100,52.0,,,1,5,8.0,9.0,1,1978.0,24,27.628536799751114,53.95693567751217,"Тикоцкого ул, 10, Минск",Василий
1079397000,2026-08-02T09:19:02Z,Сдам 1-комнатную квартиру,"Сдаётся 1-комнатная квартира на 2-ом этаже 19-этажного дома. Площадь 45,3 м².
10 минут пешком до станции метро Грушевка.
По договору на год с дальнейш",600.0,1768.8,False,https://re.kufar.by/vi/1079397000,,55,45.3,18.0,9.5,3,1,2.0,19.0,1,2013.0,29,27.521847,53.883304,"Разинская ул, 62, Минск",Виктория
1079396951,2026-08-02T09:18:25Z,Сдача квартиры,"Сдаётся новая уютная квартира-студия на 20 этаже с прекрасным видом. Одному человеку женского пола, порядочной и платежеспособной девушке на длительны",542.74,1600.0,False,https://re.kufar.by/vi/1079396951,2.0,170,30.0,27.0,,1,10,20.0,21.0,,2023.0,28,27.534927,53.869136,"Леонида Левина ул, 1, Минск",Наталия
1079394241,2026-08-02T08:45:31Z,Аренда 2-комнатной квартиры у метро ''Московская'',"Сдаю на длительный срок светлую и уютную 2-комнатную квартиру в обжитом, спокойном районе Минска, буквально в паре минут от станции метро ""Московская""",746.27,2200.0,False,https://re.kufar.by/vi/1079394241,,,42.0,30.0,6.0,1,1,4.0,4.0,1,1962.0,24,27.618578,53.934101,"Волгоградская ул, 25, Минск",Ольга
1079390865,2026-08-02T08:05:19Z,2-комнатная квартира,"В 2х комнатной квартире с обычным ремонтом сдаётся комната семейной паре по договору на длительный срок. 2я комната, хозяйская, закрыта, никто не живё",369.74,1090.0,False,https://re.kufar.by/vi/1079390865,,,45.0,,,2,1,1.0,5.0,,,26,27.631747,53.87084,"Филатова ул, Минск",Михаил
1079383790,2026-08-02T07:22:12Z,Квартира,Можно как однокомнатную. Аккуратная квартира с красивым видом из окна. Есть все для комфортного проживания. Рядом ТЦ Замок.,550.0,1621.4,False,https://re.kufar.by/vi/1079383790,2.0,40,50.0,30.0,7.0,3,1,6.0,15.0,3,2000.0,22,27.510133,53.929908,"Победителей пр, 73к1, Минск",Татьяна
1079357308,2026-08-02T05:44:26Z,Однокомнатная квартира в ЖК Левада,Однокомнатная квартира в ЖК Левада. Без мебели. Строительная отделка.,500.0,1474.0,False,https://re.kufar.by/vi/1079357308,2.0,,43.0,20.0,9.0,1,15,2.0,,10,2020.0,22,27.534235,53.935289,"Нововиленская ул, 41, Минск",Вероника
1079349221,2026-08-02T05:39:41Z,квартира в аренду,Отличная оборудованная всем необходимым квартира с очень красивым видом на озеро.,1085.48,3200.0,False,https://re.kufar.by/vi/1079349221,,,63.2,57.0,,3,5,4.0,15.0,2,2015.0,22,27.464031,53.942036,"Победителей пр, 133, Минск",Инна
1079346200,2026-08-01T19:58:33Z,Сдается квартира рядом с метро,"Квартира со всей необходимой мебелью и техникой. Метро в шаговой доступности - 7-10 минут. Рядом ТЦ Green City, парк Уго Чавеса, поликлиника в соседне",491.86,1450.0,False,https://re.kufar.by/vi/1079346200,,130,35.0,17.0,,1,5,7.0,9.0,,,30,27.438192730163447,53.91449594299285,"микрорайон Кунцевщина, Минск",Александр
1048383219,2026-08-01T18:15:30Z,"Квартира, 2 комн., 50 м², этаж 7 из 16","Квартира сдается на длительный срок, без домашних животных. 
Оборудована мебелью и бытовой техникой. Ремонт новый. 
Отличное расположение дома- в шаго",970.0,2859.56,False,https://re.kufar.by/vi/1048383219,2.0,90,50.0,13.0,,1,5,7.0,16.0,,2012.0,22,27.539912,53.911556,"Победителей пр, 27, Минск",Анна
1079336550,2026-08-01T16:59:11Z,Сдается квартира Парк Челюскинцев,"Сдается на длительный срок ,уютная квартира с свежим ремонтом,5минт ходьбы до метро развитая инфраструктура ,дом после капитального ремонта 2026г",450.0,1326.6,False,https://re.kufar.by/vi/1079336550,2.0,,33.0,19.0,6.0,2,1,1.0,5.0,1,1964.0,24,27.613579542638636,53.929132061934574,"Кедышко ул, 3, Минск",Андрей
1079333665,2026-08-01T16:50:48Z,"Аренда 3-комнатной квартиры, Плеханова 38","Уютная трехкомнатная квартира для комфортной жизни на Плеханова, 38

Сдаётся на длительный срок в светлую и просторную квартиру. Здесь всё продумано д",700.0,2063.6,True,https://re.kufar.by/vi/1079333665,,230,61.87,46.32,6.21,1,,1.0,5.0,1,1972.0,27,27.609793,53.866154,"Плеханова ул, 38, Минск",ООО Центр недвижимости ГАЛАКТИКА
1079333520,2026-08-01T16:48:49Z,Сдам квартиру,"Предлагаем квартиру на ул. Казинца, д. 37 — отличный вариант для комфортного проживания. Локация радует развитой инфраструктурой: рядом есть магазины,",450.0,1326.6,False,https://re.kufar.by/vi/1079333520,2.0,135,30.0,,,2,1,,,,,28,27.516574,53.856519,"Казинца ул, 37, Минск",Катя
1079330659,2026-08-01T16:24:45Z,Аренда 2к квартира,"Сдаётся 2к квартира по адресу г. Минск,  ул. Космонавтов 18. Московский район.  

Квартира сдаётся со всем необходимым для комфортного проживания (сти",661.47,1950.0,False,https://re.kufar.by/vi/1079330659,3.0,,60.0,35.0,13.0,3,10,7.0,9.0,1,2013.0,29,27.465271,53.853455,"Космонавтов ул, 18, Минск",Элина
1079327520,2026-08-01T15:53:49Z,1х комнатная квартира в центре на долгий срок ЮЛ ФЛ,"Уютная однокомнатная квартира готовая к проживанию. В центре Коммунальная по экономически обоснованному тарифу, налоги возмещаются сверх арендной плат",400.0,1179.2,False,https://re.kufar.by/vi/1079327520,2.0,,30.0,17.0,6.0,1,,2.0,5.0,1,1962.0,30,27.513403,53.908729,"Кальварийская ул, 48, Минск",Андрей
1079325647,2026-08-01T15:25:38Z,"сдается ''евродвушка'' Белградская,6","Сдается хорошая, уютная квартира на долгосрочный период.

 ""Евро двушка""

При заселении залог за имущество в размере ежемесячного платежа (возвращаетс",510.0,1503.48,True,https://re.kufar.by/vi/1079325647,2.0,170,38.0,27.0,,1,5,8.0,25.0,2,,28,27.541206,53.869693,"Белградская ул, 6, Минск",ООО Альфа-риэлт
1079320356,2026-08-01T14:13:04Z,Квартира двухкомнатная,"Светлая чистая двухкомнатная квартира. Сдается только на длительный срок. Новый ремонт, несколько шкафов, большой угловой диван, телевизор, кровать с",600.0,1768.8,False,https://re.kufar.by/vi/1079320356,,135,50.0,30.0,7.2,1,5,4.0,9.0,1,1977.0,28,27.527819499757133,53.845045544389194,"переулок Корженевского, 6, Минск",Наталья
1073352726,2026-08-01T13:06:29Z,Квартира в аренду в таунхаусе. Собственник.,"Квартира в таунхаусе (одна на этаже).
1-ый высокий этаж. Своя огороженная территория.
3 комнаты, 2 санузла, лоджия. Индивидуальное отопление, теплые п",780.19,2300.0,False,https://re.kufar.by/vi/1073352726,,,100.0,,,3,1,,,,2010.0,22,27.562496,53.940557,"Гая ул, 86, Минск",Виктор
1078036880,2026-08-01T11:54:57Z,Сдам квартиру,"Сдам квартиру на длительный срок
Вся информация по телефону",407.06,1200.0,False,https://re.kufar.by/vi/1078036880,,100,32.4,,,1,1,4.0,5.0,1,,24,27.619539,53.950186,"Калиновского ул, 5, Минск",Анастасия
1077737584,2026-08-01T10:42:13Z,Аренда длительно,"В этом же доме находятся: Гастроном, кафе, два ресторана , ресторан Лидо, парикмахерская, бильярд, йога, сауна, бассейн, фитнес, тренажёрный зал и это",848.03,2500.0,False,https://re.kufar.by/vi/1077737584,2.0,,53.0,32.0,8.0,2,10,1.0,,3,1962.0,23,27.588114688465,53.91832467664701,"Независимости пр, 53, Минск",юрий
1079296264,2026-08-01T10:33:29Z,"Сдам 2к квартиру, Алибегова","Отличная квартира, большая, возле зеленой зоны с экотропами. В квартире есть все необходимое для жизни. Рядом школы, детские сады, магазины, рынок пол",600.0,1768.8,False,https://re.kufar.by/vi/1079296264,4.0,320,60.4,33.2,12.6,1,5,7.0,7.0,3,2007.0,29,27.482034,53.873787,"Алибегова ул, 8к2, Минск",Владимир
1033589170,2026-08-01T09:31:20Z,"Однокомнатная квартира от 1 месяца, недели","Сдам от одного месяца. В квартире есть все необходимое для проживания: мебель, посудом машина, посуда, стиральная машина, бойлер, кровать, ортопед.мат",692.2,2040.6,False,https://re.kufar.by/vi/1033589170,2.0,,47.0,,,1,5,8.0,16.0,,2008.0,30,27.420364,53.890755,"Скрипникова ул, 11, Минск",Андрей
1078477878,2026-08-01T08:52:58Z,Сдам 3-х комнатную квартиру. Первая сдача,Предлагаю к аренде квартиру с абсолютно новым ремонтом (вы первые жильцы). Просторная евротрешка (кухня-гостиная + спальня + детская) для комфортной ж,850.0,2505.8,False,https://re.kufar.by/vi/1078477878,5.0,170,60.0,46.0,,1,5,6.0,21.0,2,2025.0,28,27.554115,53.86372,"Жореса Алфёрова ул, 5, Минск",Ульяна
1079286790,2026-08-01T08:37:41Z,Квартира в аренду Минск Мир,"Сдаётся стильная 2-комнатная квартира.
Квартира предоставляется с мебелью : диван, просторная кровать, 2 шкаф купе.
Установлен кондиционер, который со",670.0,1975.16,False,https://re.kufar.by/vi/1079286790,2.0,170,40.0,23.0,12.0,3,5,5.0,15.0,2,2021.0,28,27.543802,53.87033,"Николы Теслы ул, 29, Минск",Серафим
1076941348,2026-08-01T07:14:52Z,Квартира евродвушка,"Квартира новая, красивая, продуманная, видовая, первая сдача. Две отдельные большие изолированные комнаты. Есть все что нужно : интернет, телевизор, м",678.43,2000.0,False,https://re.kufar.by/vi/1076941348,4.0,170,42.0,38.5,18.0,1,5,16.0,24.0,2,2022.0,28,27.550067717562193,53.8709344384944,"Мира пр, 1, Минск",Ирина
1079276471,2026-08-01T07:12:48Z,Аренда квартиры,"Сдается уютная,теплая,светлая квартира, только граждане РБ,с сентября.",400.0,1179.2,False,https://re.kufar.by/vi/1079276471,2.0,,35.4,17.1,7.1,1,1,2.0,9.0,1,1990.0,28,27.551605349789927,53.88563988636083,"Могилёвская ул, Минск",Елена Ивановна
1079275809,2026-08-01T07:01:19Z,Квартира,"Сдается от месяца до полугода! 
Свободно с 1 октября!",1000.0,2948.0,False,https://re.kufar.by/vi/1079275809,,325,50.0,40.0,5.0,1,5,17.0,20.0,2,2010.0,24,27.651188465180155,53.93145729913804,"Петра Мстиславца ул, 18, Минск",Вячеслав
1077255060,2026-08-01T06:45:22Z,Просторная квартира 52 кв. метра.,Просторная квартира со всеми удобствами в отличном месте.,550.0,1621.4,False,https://re.kufar.by/vi/1077255060,2.0,145,52.0,37.0,15.0,1,5,10.0,10.0,,2024.0,27,27.571923385751433,53.8437732839732,"Игуменский тракт, 15, Минск",Міхаіл
1079272545,2026-08-01T06:45:16Z,Квартира,"Уютная светлая квартира в прекрасной локации, свежий косметический ремонт,рядом метро ,торговые центры ,парк ,лес озеро,на длительный срок. Субаренда",600.0,1768.8,False,https://re.kufar.by/vi/1079272545,2.0,325,40.0,,,2,1,6.0,10.0,10,2012.0,24,27.65311693540107,53.92883223070869,"Петра Мстиславца ул, 5, Минск",сергей
1079272689,2026-08-01T06:07:46Z,Сдам на длительный срок 2 комнатную квартиру,"Сдается уютная 2 комнатная квартира в тихом центре в двух шагах от метро, полностью готова к проживанию, свежий ремонт, прописана хозяйка.
Сдается по",610.58,1800.0,False,https://re.kufar.by/vi/1079272689,3.0,,51.0,32.0,8.0,3,5,6.0,9.0,3,1980.0,29,27.51271249205842,53.8902863521632,"Розы Люксембург ул, 116, Минск",Светлана
1079242169,2026-07-31T20:34:04Z,Сдаётся квартира,"БЕЗ ЖИВОТНЫХ!!!

Комфортная двухкомнатная квартира в хорошем состоянии расположена в центре города, рядом метро Фрунзенская Просторная ванная комната",720.0,2122.56,False,https://re.kufar.by/vi/1079242169,4.0,,52.0,30.0,8.0,2,,1.0,5.0,3,,29,27.542706,53.904151,"Романовская Слобода ул, 11, Минск",Михаил
1079242702,2026-07-31T20:34:03Z,Долгосрочная аренда квартиры,"Квартира новая, вопрос по мебели и обустройству решается по договоренности. Кухня уже заказана, будет смонтирована к сентябрю.
Ожидаем семейных, желат",508.82,1500.0,False,https://re.kufar.by/vi/1079242702,,160,59.2,35.7,9.2,3,15,,,,2026.0,30,27.46837,53.922501,"Степана Злобина ул, Минск",Владимир
1079241220,2026-07-31T20:33:15Z,Сдается 2х комнатная квартира,"Сдается 2-х комнатная квартира по ул.Одинцова, 19, (ст.м.Кунцевщина) на длительный срок(от 1го года) гражданам РБ.",0.0,0.0,False,https://re.kufar.by/vi/1079241220,4.0,80,48.0,,7.0,3,1,4.0,9.0,1,,30,27.450206,53.898448,"Одинцова ул, 19, Минск",Ольга
1079236426,2026-07-31T17:58:47Z,Сдается 3-комнатная квартира,"Сдается уютная, светлая и комфортабельная 
3-комнатная.
Квартира укомплектована всей необходимой мебелью и бытовой техникой:
большой угловой диван;
шк",639.42,1885.0,False,https://re.kufar.by/vi/1079236426,3.0,320,63.0,47.0,7.9,2,10,8.0,9.0,1,1984.0,29,27.483651,53.868839,"Газеты Правда пр, 14, Минск",Елена
1079223897,2026-07-31T15:58:57Z,Квартира,"Сдам однокомнатную квартиру, расположенную рядом с метро «Восток» , девушкам студенткам или молодым специалисткам. Квартира с хорошим ремонтом, в ней",350.0,1031.8,False,https://re.kufar.by/vi/1079223897,,45,33.0,17.0,7.0,3,,4.0,,,,24,27.648725,53.93716,"Независимости пр, 151к1, Минск",Виктория
1079221916,2026-07-31T15:31:50Z,Аренда  просторной  квартиры-студии на Гурского 41.,"На длительную  аренду сдается просторная мебелированная квартира-студия по адресу  Гурского 41 
4/15 этажного дома.
 Кухня оборудована техникой ( имее",480.0,1415.04,True,https://re.kufar.by/vi/1079221916,,,32.3,21.7,,3,,4.0,15.0,5,2016.0,29,27.494951,53.877792,"Гурского ул, 41, Минск",ООО ''Риэлтерский центр Столицы''
1079219240,2026-07-31T14:55:22Z,"Снять 3-комнатную квартиру, г. Минск, ул. Игоря Лученка, 32","Первое заселение! Просторная и светлая 3-комнатная квартира, свежий ремонт и сантехника.

Идеальный вариант для семьи, которая ценит простор, порядок",746.27,2200.0,True,https://re.kufar.by/vi/1079219240,,170,60.2,54.3,,1,5,4.0,25.0,,,28,27.555345,53.860768,"Игоря Лученка ул, 32, Минск","ООО ""Резалт Недвижимость"""
1077262803,2026-07-31T14:32:57Z,Аренда 2-к квартиры ул. Макаенка д.12 Б,"Сдаётся 2-комнатная квартира по  адресу: ул. Макаенка д.12 Б. 

В квартире сделан качественный дорогостоящий ремонт. Все продумано до мелочей, полност",780.19,2300.0,True,https://re.kufar.by/vi/1077262803,,,42.8,37.8,,,,15.0,25.0,,,24,27.625523,53.922852,"Макаёнка ул, 12Б, Минск",ООО Абсолют Недвижимость
1070775838,2026-07-31T14:32:56Z,Аренда 4-к квартиры ул. Белорусская д.15,"Сдаётся 4-комнатная квартира по адресу ул. Белорусская д.15. 

В квартире сделан качественный ремонт, есть вся необходимая мебель и техника для комфор",1085.48,3200.0,True,https://re.kufar.by/vi/1070775838,,,160.9,98.1,22.09,,,4.0,16.0,4,,27,27.563152,53.890999,"Белорусская ул, 15, Минск",ООО Абсолют Недвижимость
1071176359,2026-07-31T14:32:56Z,"Аренда 3-к квартиры ул. Кальварийская, 16","Прекрасная трехкомнатная квартира в самом сердце Минска! 

Откройте для себя уют и комфорт в стильной жилплощади, расположенной в центре города, с вел",1872.46,5520.0,True,https://re.kufar.by/vi/1071176359,,,95.6,60.5,12.9,,,13.0,30.0,10,,30,27.532545,53.906757,"Кальварийская ул, 16, Минск",ООО Абсолют Недвижимость
1072039574,2026-07-31T14:32:56Z,Аренда 2-к квартиры ул. Грибоедова д. 1.,"Сдаётся 2-комнатная дизайнерская квартира по адресу: ул. Грибоедова д.1.

В квартире выполнен качественный ремонт из дорогостоящих материалов, квартир",881.95,2600.0,True,https://re.kufar.by/vi/1072039574,,,68.2,60.1,,,,9.0,24.0,4,,22,27.527353,53.911873,"Грибоедова ул, 1, Минск",ООО Абсолют Недвижимость
1076140974,2026-07-31T14:32:56Z,Аренда 2-к квартиры  ул. Кирилла Туровского д.4. ЖК Маяк Минска,"Сдаётся 2-комнатная квартира в ЖК "" Маяк Минска"" по адресу: ул. Кирилла Туровского д.4. 

В квартире сделан хороший ремонт, есть все необходимое для к",671.64,1980.0,True,https://re.kufar.by/vi/1076140974,,325,42.4,38.59,,,,18.0,20.0,,,24,27.654053,53.931541,"Кирилла Туровского ул, 4, Минск",ООО Абсолют Недвижимость
1053051340,2026-07-31T14:32:55Z,Аренда 3-к квартиры ул. Притыцкого д.83,"Сдаётся просторная 3-комнатная квартира по адресу: ул. Притыцкого д.83. 

В квартире сделан качественный дизайнерский ремонт, все продумано до мелочей",1000.0,2948.0,True,https://re.kufar.by/vi/1053051340,,80,114.0,63.5,,3,,10.0,12.0,5,,30,27.450134,53.905617,"Притыцкого ул, 83, Минск",ООО Абсолют Недвижимость
1077391710,2026-07-31T14:12:27Z,Долгосрочная аренда квартиры С 1 ОКТЯБРЯ 2026,"ДОСТУПНА ДЛЯ АРЕНДЫ С 1 ОКТЯБРЯ 2026.

Продуманная квартира 60 м² с дизайнерским ремонтом и идеальной локацией.

Отличное предложение для тех, кто цен",850.0,2505.8,False,https://re.kufar.by/vi/1077391710,2.0,320,60.0,40.0,20.0,3,10,12.0,23.0,10,2021.0,29,27.48754,53.867166,"Дзержинского пр, 90, Минск",Елизавета
1079213239,2026-07-31T13:42:24Z,"Снять 1-комнатную квартиру, г. Минск, ул. Скрыганова, 4/Б","Сдается просторная 1-комнатная квартира в престижном  ЖК «Каскад». Первое заселение!
В квартире есть все необходимое для комфортного проживания. Есть",593.62,1750.0,True,https://re.kufar.by/vi/1079213239,,110,49.8,23.5,13.1,3,1,7.0,10.0,,,30,27.519736,53.910113,"Скрыганова ул, 4Б, Минск","ООО ""Резалт Недвижимость"""
1079211838,2026-07-31T13:25:08Z,Сдам квартиру,"Сдам квартиру на длительный период по договору, до метро 10-15 минут",480.0,1415.04,False,https://re.kufar.by/vi/1079211838,2.0,,38.0,18.0,10.0,1,1,4.0,9.0,1,2005.0,29,27.480326413560825,53.873517314933295,"Алибегова ул, 18, Минск",Николай Михайлович
1079206187,2026-07-31T12:50:31Z,Аренда двухкомнатной квартиры,"Сдаю на долгий срок квартиру желательно военнослужащим , по договору , возможно два договора на каждую комнату . Квартира будет свободна с 15 сентября",620.0,1827.76,False,https://re.kufar.by/vi/1079206187,4.0,50,50.0,,,1,1,,,,,24,27.710951,53.943827,"Садовая ул, Минск",Оксана
1069517339,2026-07-31T12:25:22Z,квартира 2 комнаты аренда М.Танка.,Сдаю квартиру на продолжительный срок от года. Квартира двух комнатная с хорошим ремонтом. В ста метрах от метро Фрунзенская. Вокруг дома развития инф,659.0,1942.73,False,https://re.kufar.by/vi/1069517339,2.0,90,573.0,22.0,9.0,3,5,8.0,8.0,3,,22,27.54060241316568,53.906640354000494,"Максима Танка ул, 4, Минск",Татьяна
1078174426,2026-07-31T12:04:07Z,2-х комнатная квартира (метро Восток),Метро ВОСТОК.  В долгосрочную аренду сдаётся чистая уютная двухкомнатная квартира рядом со станцией метро Восток (~300 м пешком). Всё оборудовано для,580.0,1709.84,False,https://re.kufar.by/vi/1078174426,2.0,45,38.0,24.0,6.0,1,5,2.0,5.0,1,1969.0,24,27.65410874603062,53.936821488948155,"Калиновского ул, 76, Минск",Олеся
1079199241,2026-07-31T11:52:22Z,Квартира в аренду Минск-мир,"Первое заселение! Сдается приятная квартира-студия в Минск-мире на длительный срок, отличная локация ТЦ Авиа Молл, метро Аэродромная, остановки общест",600.0,1768.8,False,https://re.kufar.by/vi/1079199241,2.0,170,30.0,24.0,,1,10,3.0,25.0,2,2022.0,28,27.55292,53.866322,"Николы Теслы ул, 24, Минск",davas
1079195116,2026-07-31T11:01:27Z,Молодая пара ищет квартиру (оба работаем),До 1300 в хорошем срстрянии,450.0,1326.6,False,https://re.kufar.by/vi/1079195116,,,400.0,,,,,,,,,24,27.598976513667626,53.92196320776444,"Независимости пр, Минск",Ангелина
1079189258,2026-07-31T09:44:39Z,2-х к квартира у метро,"Уютная 2-х к сталинка в престижном микрорайоне столицы с мебелью и бытовой техникой!
Квартира очень тёплая, аккуратная, с отличной шумоизоляцией, комн",800.0,2358.4,False,https://re.kufar.by/vi/1079189258,2.0,,60.0,50.0,9.0,1,5,6.0,6.0,3,,22,27.571793,53.910527,"Киселёва ул, 7, Минск",Ирина
1079188179,2026-07-31T09:30:40Z,Однокомнатная квартира в длительную аренду,"В длительную аренду по договору сдается однокомнатная квартира с хорошим ремонтом, с мебелью и всем необходимым для комфортного проживания.
Дом распол",450.0,1326.6,False,https://re.kufar.by/vi/1079188179,2.0,,35.0,,,1,5,2.0,5.0,,,24,27.611122,53.93593,"Волгоградская ул, 49А, Минск",Наталья
1069314211,2026-07-31T09:22:04Z,Элитная трехкомнатная квартира в ЖК «Олимпик Парк»,"Элитная трехкомнатная квартира в ЖК «Олимпик Парк».
 
В долгосрочную аренду роскошная трехкомнатная квартира площадью 90 кв.м, в самом престижном и эк",1475.58,4350.0,True,https://re.kufar.by/vi/1069314211,3.0,140,90.0,65.0,,3,10,4.0,7.0,10,2018.0,22,27.452255,53.938819,"Ратомская ул, 32, Минск",Ассистанс Хэлс Риэлт
1079184549,2026-07-31T08:45:07Z,Сдам 1ую квартиру по ул.Филатова,"Сдается 1ая квартира по ул.Филатова. Чистая, аккуратная. Студентов и одиноких мужчин просьба не беспокоить.",339.21,1000.0,False,https://re.kufar.by/vi/1079184549,,,31.0,,,1,,2.0,5.0,,,26,27.631747,53.87084,"Филатова ул, Минск",Тамара
1079184301,2026-07-31T08:43:47Z,"Снять 1-комнатную квартиру, г. Минск, ул. Шугаева, 17/б","Сдаётся большая, светлая и уютная квартира по адресу: ул. Шугаева 17Б! Квартира расположена на 15 этаже 19 этажного дома, укомплектована всей необходи",474.9,1400.0,True,https://re.kufar.by/vi/1079184301,,280,42.4,17.9,9.2,3,,15.0,19.0,,,24,27.683697,53.938172,"Шугаева ул, 17Б, Минск","ООО ""Резалт Недвижимость"""
1055179160,2026-07-31T08:39:34Z,Сдаётся стильная 3-комнатная квартира в Минске,"Сдаётся современная, светлая и уютная 3-комнатная квартира с продуманной планировкой и качественным наполнением.

Планировка и оснащение:
• Мастер-спа",700.0,2063.6,False,https://re.kufar.by/vi/1055179160,5.0,170,60.0,,,3,5,9.0,16.0,2,2017.0,28,27.555094,53.871275,"Аэродромная ул, 32, Минск",Татьяна
1072321468,2026-07-31T08:26:02Z,"Минск, улица Червякова, 5","Дом расположен вблизи Комсомольского озера, Парка Победы, в Центральном районе,

Это уникальное место, где центр города сочетается со спокойствием и з",1819.88,5365.0,True,https://re.kufar.by/vi/1072321468,,,116.5,78.4,14.0,4,,5.0,7.0,3,2006.0,22,27.550692,53.921828,"Червякова ул, 5, Минск","ООО ""Группа компаний Эксклюзив"""
1057843333,2026-07-31T07:42:21Z,"3 комнатная квартира по ул. Золотая Горка, 20","На длительный срок сдается стильная с дизайнерским ремонтом квартира.
Кирпичный дом расположен в тихом историческом центре города с развитой инфрастру",803.93,2370.0,True,https://re.kufar.by/vi/1057843333,3.0,,81.6,61.8,9.3,3,,4.0,9.0,3,1968.0,23,27.588655,53.914351,"Золотая Горка ул, 20, Минск",ООО Центр риэлтерских услуг Академическое
1079172305,2026-07-31T07:15:38Z,Сдаю 2-х комнатную квартиру,"Двухкомнатная квартира со всеми удобствами.С мебелью,техникой и всем необходимым для комфортного проживания.Дизайнерский ремонт,лоджия жилая.Паре без",610.58,1800.0,False,https://re.kufar.by/vi/1079172305,3.0,,48.0,36.0,,3,10,5.0,12.0,3,1995.0,27,27.58549180079826,53.89060664099331,"Ленинский район, Минск",Татьяна
1049248902,2026-07-31T07:13:34Z,2х комнатная квартира Аквамарин на Филимонова,"Тихая, светлая, уютная 2х комнатная просторная квартира в элитном комплексе АКВАМАРИН. Рядом лес и речка, закрытая территория. Вид на библиотеку. Быто",850.0,2505.8,False,https://re.kufar.by/vi/1049248902,4.0,240,70.0,,,,,3.0,9.0,10,2015.0,25,27.637128,53.918355,"Филимонова ул, 22, Минск",Елена
1076174153,2026-07-31T05:23:26Z,Сдам квартиру с дизайнерским ремонтом на долго,"Сдам двухкомнатную квартиру с дизайнерским ремонтом по ул. Волгоградская 49. Делали для себя. Посудомойка, и всё остальное прилагается. Бонус: ежеднев",550.0,1621.4,False,https://re.kufar.by/vi/1076174153,2.0,,50.0,45.0,10.0,1,10,5.0,5.0,4,1980.0,24,27.611535,53.93646,"Волгоградская ул, 49, Минск",Сергей
1079149663,2026-07-31T05:17:39Z,Сдам в аренду квартиру,Сдам уютную квартиру на длительный срок по договору аренды. Квартира находится в 2-х минутах ходьбы от станции метро Грушевка. Есть всё необходимое дл,650.0,1916.2,False,https://re.kufar.by/vi/1079149663,2.0,,49.0,42.8,,3,5,3.0,21.0,2,2025.0,29,27.512612,53.886525,"Дзержинского пр, 30, Минск",Наталья
1034654163,2026-07-30T21:36:24Z,"Квартира, 1 комн., 32 м², этаж 5 из 5","Прекрасная однокомнатная квартира,сделанная с любовью от хозяина без комиссии.расположена в престижном первомайском районе на перекрестке улиц Волгогр",519.15,1530.45,False,https://re.kufar.by/vi/1034654163,2.0,,32.0,,,1,10,5.0,5.0,,1964.0,24,27.605552,53.936471,"Якуба Коласа ул, 50к2, Минск",Екатерина
1079135099,2026-07-30T20:04:41Z,Квартира,"Уютная двухкомнатная квартира в благоустроенном районе города. Удобное место расположения рядом метро Михалова, Петровщина., магазин, школа, детский с",474.9,1400.0,False,https://re.kufar.by/vi/1079135099,2.0,320,46.0,25.0,7.0,1,1,4.0,9.0,1,1984.0,29,27.471802,53.870718,"Алибегова ул, 13к3, Минск",Татьяна
1072602187,2026-07-30T20:03:32Z,"Аренда 2-комнатной квартиры, Победителей 133","Сдается двухкомнатная квартира в Минске, по улице Победителей 133. Дом располагается в экологически чистом, престижном районе Лебяжий. Рядом МКАД. Пре",870.0,2564.76,True,https://re.kufar.by/vi/1072602187,,,56.4,50.7,,3,,14.0,14.0,4,2015.0,22,27.464,53.942,"Победителей пр, 133, Минск",ООО Центр недвижимости ГАЛАКТИКА
1079134171,2026-07-30T19:38:52Z,"Квартира вблизи центра у канала, с 30 августа","3-комнатная квартира вблизи центра Минска

С 30 августа 2026 сдаётся трёхкомнатная квартира вблизи центра Минска.

Квартира большая, тёплая и готова к",550.0,1621.4,False,https://re.kufar.by/vi/1079134171,5.0,,65.0,50.0,15.0,1,1,4.0,5.0,3,1989.0,25,27.605292,53.901987,"переулок Козлова, 48, Минск",Sergey Nameritov
1079127318,2026-07-30T17:55:30Z,сдам квартиру в центре,"Центр! Редкая возможность снять уютную, чистую однушку прямо в центре столицы! Инфраструктура закрывает все потребности на 100%. Бюджет:  + коммунальн",435.0,1282.38,True,https://re.kufar.by/vi/1079127318,2.0,,37.0,16.9,7.0,1,1,4.0,9.0,1,1984.0,23,27.59232,53.908411,"Платонова ул, 21, Минск",Ольга
1079126724,2026-07-30T17:49:24Z,"Долгосрочная аренда квартиры, ул.  Заславская 12","Сдается 2-х комнатная квартира в центре Минска с ремонтом, в шаговой доступности метро. Рядом с домом развитая инфраструктура. Квартира готова к прожи",650.0,1916.2,False,https://re.kufar.by/vi/1079126724,,90,49.0,30.0,71.0,1,,4.0,9.0,1,,22,27.538699,53.910956,"Заславская ул, 12, Минск",Татьяна
1079124214,2026-07-30T17:16:59Z,двухкомнатная квартира на дана молл,"Сдается с 18.08 великолепная двухкомнатная квартира с евроремонтом в Дана Молл рядом с метро ""Восток"" на длительный срок, по договору. Небольшие комму",649.0,1913.25,False,https://re.kufar.by/vi/1079124214,2.0,325,68.0,35.0,10.0,3,5,11.0,15.0,10,2015.0,24,27.655157,53.931652,"Кирилла Туровского ул, 12, Минск",евгений
1079116845,2026-07-30T16:42:27Z,аренда кватиры,"в аренду 1 комнатную квартиру с хорошей энергетикой на продолжительный срок по договору, без детей и животных, имеется вся необходимая бытовая техника",480.0,1415.04,False,https://re.kufar.by/vi/1079116845,,145,47.3,18.9,12.0,1,5,15.0,16.0,2,2008.0,27,27.56502,53.845307,"Павла Шпилевского ул, 57, Минск",сергей
1079117979,2026-07-30T16:38:43Z,"Снять 3-комнатную квартиру, г. Минск, просп. Правда газеты, 16","Сдаётся просторная трёхкомнатная квартира премиум-класса с дизайнерским ремонтом, всего 5 минут пешком от метро Петровщина, пог адресу: проспект газет",848.03,2500.0,True,https://re.kufar.by/vi/1079117979,,320,74.4,42.0,12.3,1,5,2.0,18.0,,,29,27.483013,53.868032,"Газеты Правда пр, 16, Минск","ООО ""Резалт Недвижимость"""
1079115540,2026-07-30T16:24:02Z,Квартира,"Сдам квартиру (евродвушка, первый этаж) в Каменной горке по ул.Нёманская на длительный срок. Квартира полностью готова для проживания. Имеется собстве",580.0,1709.84,False,https://re.kufar.by/vi/1079115540,2.0,105,61.0,57.0,12.0,1,5,1.0,9.0,1,2009.0,30,27.429653,53.911142,"Нёманская ул, 18, Минск",Cветлана
1071434720,2026-07-30T16:18:02Z,Аренда бизнес-апартаменты Минск-мир,"Многофункциональные бизнес-апартаменты для жизни и бизнеса, где можно зарегистрироваться по месту жительства (оформить «постоянную прописку») и/или оф",450.0,1326.6,False,https://re.kufar.by/vi/1071434720,,170,41.4,33.8,,3,20,11.0,16.0,2,2026.0,28,27.539741,53.860662,"Жореса Алфёрова ул, 22, Минск",Полина
1071644666,2026-07-30T16:08:03Z,"Аренда 2-комнатной квартиры, Аэродромная 26А","Сдается светлая евро-двушка в ЖК «Минск Мир» 

 О квартире:
Уютная и современная планировка
Полностью укомплектована мебелью и техникой для комфортног",570.0,1680.36,True,https://re.kufar.by/vi/1071644666,,170,38.4,29.9,,3,,23.0,25.0,4,2022.0,28,27.546299,53.871403,"Аэродромная ул, 26А, Минск",ООО Центр недвижимости ГАЛАКТИКА
1065272673,2026-07-30T15:45:45Z,"Аренда 2-комнатной квартиры, Мястровская 28","Сдается двухкомнатная квартира в Минске, по улице Мястровская 28. Дом располагается в экологически чистом, престижном районе Лебяжий. Рядом МКАД. Прек",950.0,2800.6,True,https://re.kufar.by/vi/1065272673,,,68.0,62.9,,3,,18.0,25.0,4,2017.0,22,27.463816,53.94051,"Мястровская ул, 28, Минск",ООО Центр недвижимости ГАЛАКТИКА
1079093745,2026-07-30T14:30:23Z,Квартира,"Квартира сдается с 26 августа от месяца и более..
Уютная, комфортная квартира после кап.ремонта.
В квартире есть все и все новое.
Дом находится в 2 ми",820.0,2417.36,False,https://re.kufar.by/vi/1079093745,4.0,,58.0,40.0,9.0,3,5,7.0,12.0,3,1980.0,22,27.54965,53.924235,"Червякова ул, 23, Минск",Вера
1079105362,2026-07-30T14:22:54Z,Сдаю квартиру,"Просторная, уютная квартира для сдачи, только гражданам РБ. В квартире имеется мебель для проживания, стиральная машина, холодильник, место для хранен",457.94,1350.0,False,https://re.kufar.by/vi/1079105362,2.0,265,52.8,,,1,,11.0,12.0,,,30,27.426689,53.881749,"Шаранговича ул, 76, Минск",Ксю
1079104013,2026-07-30T14:12:33Z,Сдам однокомнатную квартиру,"Сдается однокомнатная квартира в микрорайоне Сухарево. До метро Каменная горка и Петровщина- 10 минут на автобусе, троллейбусе. Школа, детский сад во",450.0,1326.6,False,https://re.kufar.by/vi/1079104013,2.0,265,37.0,17.0,8.8,3,1,2.0,9.0,1,2002.0,30,27.441035,53.882428,"Шаранговича ул, Минск",Людмила Васильева
1075637050,2026-07-30T14:03:47Z,Аренда премиум 2 комнатная квартира ЖК Лазурит Лебяжий,"Новая большая видовая 2-комнатная премиум класса в ЖК Лазурит (Мрн Лебяжий)

Квартира строилась для себя - полностью укомплектована всей новой мебелью",900.0,2653.2,False,https://re.kufar.by/vi/1075637050,4.0,,60.0,40.0,10.0,3,10,13.0,30.0,,2021.0,22,27.477346493483854,53.93709892695332,"Победителей пр, 115, Минск",Пользователь
1055930736,2026-07-30T13:19:41Z,"Трехкомнатная квартира с уникальной планировкой по ул. Жуковского, д. 2","Трехкомнатная квартира с уникальной планировкой. 
Квартира, о которой мечтает семья. Рядом центр города, у дома есть всё самое необходимое, а самое гл",885.35,2610.0,True,https://re.kufar.by/vi/1055930736,5.0,,103.3,58.2,13.5,1,10,8.0,16.0,4,2009.0,28,27.549919,53.884875,"Жуковского ул, 2, Минск",ООО Центр риэлтерских услуг Квартиры Столицы
1079098465,2026-07-30T13:10:55Z,двухкомнатная квартира в минск мире,"Первое заселение! Шикарная, свежая, чистая, аккуратная двухкомнатная квартира со смежной кухней и залом (евродвушка) в минск мире в новом доме на длит",550.0,1621.4,False,https://re.kufar.by/vi/1079098465,2.0,170,40.0,26.0,7.0,3,5,3.0,25.0,10,2026.0,28,27.554519,53.858612,"Леонида Щемелёва ул, 30, Минск",евгений
1050110444,2026-07-30T13:01:41Z,Апартаменты с камином на набережной на Цвирко,"Апартаменты с камином (долгосрочная аренда) 5 спальных мест, евродвушка ,ванная комната, отдельная большая гардеробная комната,балкон с прекрасной зон",950.0,2800.6,False,https://re.kufar.by/vi/1050110444,5.0,,48.0,46.0,20.0,4,10,5.0,6.0,2,2024.0,23,27.567625,53.962149,"Виталия Цвирко ул, 76, Минск",Мария
1079093473,2026-07-30T12:46:49Z,Сдам новую квартиру на длительный срок,"Сдается впервые! Новая квартира-студия Минск-Мир ул. Теслы 30 ( Дом Монтевидео). Полностью готова к комфортной жизни. 
Заселение по официальному догов",678.43,2000.0,False,https://re.kufar.by/vi/1079093473,2.0,170,38.0,35.0,,1,5,24.0,25.0,2,2022.0,28,27.556351,53.865244,"Николы Теслы ул, 30, Минск",Alesya
1079087333,2026-07-30T12:02:30Z,Уютная 3 комнатная квартира в Дроздах,"Сдается уютная трехкомнатная квартира премиум-класса с дизайнерским ремонтом, панорамными окнами и двумя спальнями Главные изюминки - огромная джакузи",1800.0,5306.4,False,https://re.kufar.by/vi/1079087333,,195,118.0,77.0,15.0,4,10,4.0,5.0,3,2010.0,22,27.491098,53.93832,"Пионерская ул, 3, Минск",Диана
1079087211,2026-07-30T12:01:11Z,Сдам 2-комнатную квартиру.Минск Мир.С 1.09.2026.,Сдам 2-комнатную квартиру с дизайнерским ремонтом.,650.0,1916.2,False,https://re.kufar.by/vi/1079087211,4.0,170,48.0,42.0,12.0,3,10,13.0,25.0,10,2024.0,28,27.534927,53.869136,"Леонида Левина ул, 1, Минск",Татьяна
1074083335,2026-07-30T11:51:10Z,Шикарная евродвушка с высокими потолками с видом на Минск - Арену и город,"Сдается евррдвушка с шикарным ремонтом и высокими потолками 3м на длительный срок. Заезд во двор под шлагбаум, 2 лифта, ухоженная дворовая территория.",1000.0,2948.0,False,https://re.kufar.by/vi/1074083335,5.0,,48.0,35.0,5.0,3,10,19.0,19.0,2,2019.0,22,27.477839,53.934605,"Нарочанская ул, 4, Минск",Ксения
1078358900,2026-07-30T11:30:11Z,Сдам  1-комнатную квартиру 46 м2 метро Спортивная,Готова к заселению. Аккуратная 1-комнатная квартира. В шаговой доступности метро Спортивная. Только гражданам РБ. Одному либо паре. Большой закрывающи,508.82,1500.0,False,https://re.kufar.by/vi/1078358900,,,46.0,18.5,12.8,3,,5.0,9.0,2,2012.0,30,27.47758200132685,53.90125061605723,"Одоевского ул, 115А, Минск",Алла
1070695480,2026-07-30T11:10:16Z,"Минск, Красная, 3","3-х комнатная квартира на ул. Красная, 3. 2-й этаж 5-ти этажного кирпичного дома, сталинка. Площадь 79 м². Отличный ремонт, готова к заселению. Дом ра",983.72,2900.0,True,https://re.kufar.by/vi/1070695480,,,79.0,33.6,9.6,,,2.0,5.0,3,1953.0,22,27.569305,53.91128,"Красная ул, 3, Минск","ООО ""Группа компаний Эксклюзив"""
1071250507,2026-07-30T11:09:33Z,"Минск, Гвардейская, 10","3-х комнатная квартира на ул. Гвардейская, 10, 7-й этаж 9-ти этажного кирпичного дома. В квартире сделан новый ремонт, мебель в гостиной и спальнях но",1082.09,3190.0,True,https://re.kufar.by/vi/1071250507,,,78.0,46.4,10.4,4,,5.0,9.0,3,1998.0,22,27.531863,53.913863,"Гвардейская ул, 10, Минск","ООО ""Группа компаний Эксклюзив"""
1070695215,2026-07-30T11:09:16Z,"Минск, Алибегова, 12","Просторная и светлая 3-х комнатная квартира в доме рядом парком и метро ул. Алибегова, 12

Предлагается в аренду уютная, впервые сдаваемая трёхкомнатн",939.62,2770.0,True,https://re.kufar.by/vi/1070695215,,320,100.9,68.3,9.1,3,,2.0,15.0,,2007.0,29,27.48392,53.872985,"Алибегова ул, 12, Минск","ООО ""Группа компаний Эксклюзив"""
1069992054,2026-07-30T10:54:18Z,Сдам двухкомнатную квартиру Притыцкого 105 (ФЕВРАЛЬ 2027),"Сдается двухкомнатная квартира от собственника в Минске С ФЕВРАЛЯ 2027, Каменная Горка, улица Притыцкого, 105. Площадь 60,4 кв. м, жилая 34 кв. м, кух",750.0,2211.0,False,https://re.kufar.by/vi/1069992054,3.0,125,60.4,34.0,10.0,4,10,5.0,15.0,10,2013.0,30,27.430893,53.905923,"Притыцкого ул, 105, Минск",Пользователь
1079079232,2026-07-30T10:37:20Z,Аренда центр Минска,"Аренда на долгосрок 1300У.е, + коммунальные платежи, оплата первый и последний месяц, далее по желанию, без животных, центр город все в шаговой доступ",1300.0,3832.4,False,https://re.kufar.by/vi/1079079232,4.0,,55.0,38.0,10.0,2,10,4.0,5.0,3,,22,27.559783,53.901329,"Независимости пр, 23, Минск",Sergey
1079074954,2026-07-30T09:55:21Z,Сдам квартиру,"2х комнатная квартира в центре.
Комаровский рынок в 10 минутах ходьбы.
Очень развитая инфраструктура.Много магазинов и торговых центров.Поликлиника по",505.0,1488.74,False,https://re.kufar.by/vi/1079074954,,,51.1,29.0,9.0,3,1,3.0,9.0,1,1991.0,23,27.561984,53.920645,"Старовиленская ул, 97, Минск",Алла
1079061632,2026-07-30T07:46:27Z,Сдам,Сдам квартиру на долгий срок. Прописан 1 человек.,1000.0,2948.0,False,https://re.kufar.by/vi/1079061632,3.0,55,78.0,,13.9,3,1,4.0,,,2016.0,29,27.520558506162555,53.88431436298754,"Грушевская ул, 71, Минск",Наталия
1079057243,2026-07-30T07:19:20Z,Однокомнатная квартира,"Квартира готова к сдаче с 11 августа. В стоимость входят коммунальные платежи, кроме электричества и воды. На длительный срок (от года и дальше) Миним",380.71,1122.33,False,https://re.kufar.by/vi/1079057243,2.0,10,35.0,26.0,6.0,3,1,6.0,9.0,1,1986.0,26,27.686347,53.884694,"Нестерова ул, 60, Минск",Олег
1079056571,2026-07-30T07:07:12Z,Квартира в центре города,"Трёхкомнатная квартира в самом центре города,школа,сад,поликлиника,магазины,парк,комсомольское озеро. Все комнаты раздельные,неплохой ремонт,вся мебел",807.56,2380.7,False,https://re.kufar.by/vi/1079056571,7.0,,70.0,50.0,10.0,3,1,6.0,10.0,3,2000.0,22,27.54732813593731,53.93071184991451,"Червякова ул, 59, Минск",Татьяна
1079053932,2026-07-30T06:32:03Z,2 комн 66кв 3этаж,Сдается хорошая квартира в хорошем районе. До метро 4 минут идти. Сдается только для граждан РБ или РФ. Иностранцем просьба не беспокоить.,750.0,2211.0,False,https://re.kufar.by/vi/1079053932,6.0,170,66.0,40.0,14.0,1,5,3.0,13.0,4,2019.0,28,27.553513,53.87093,"Братская ул, 2, Минск",Алексей
1067933868,2026-07-30T06:31:05Z,Квартира для организаций от 15 суток в г. Минске,"Сдаётся 2-комнатная квартира (от 15 суток), стоимость из расчета от 140 руб/сутки за квартиру.
Квартира сдается в аренду только для ОРГАНИЗАЦИЙ.
Вмест",0.0,0.0,True,https://re.kufar.by/vi/1067933868,5.0,,62.0,,,,,8.0,9.0,,,28,27.543649,53.84485,"Асаналиева ул, Минск",ООО Компания АрендаПро
1079028664,2026-07-30T06:12:18Z,Квартира,"Квартира сдаётся на длительный срок , в хорошем состоянии 
Просмотр квартиры с Сентября",749.88,2210.65,False,https://re.kufar.by/vi/1079028664,3.0,,60.0,48.0,9.0,2,5,2.0,5.0,3,,29,27.544736,53.903483,"Романовская Слобода ул, Минск",Алла
1072476931,2026-07-30T06:08:45Z,Новая просторная студия,"Сдается новая шикарная квартира с премиальным дизайнерским ремонтом оборудованная всей техникой, посудой, текстилем и другими вещами для вашей комфорт",800.0,2358.4,False,https://re.kufar.by/vi/1072476931,1.0,,46.0,,,1,10,9.0,10.0,2,2023.0,22,27.56405,53.939799,"Лили Карастояновой ул, 43А, Минск",Вероника
1044018001,2026-07-30T01:16:27Z,"Квартира, 1 комн., 51.7 м², этаж 14 из 17","Объявление от собственника.
Пять остановок до метро «Академия наук» или до метро «Восток». 
Не хожу, не беспокою Вас, квартиросъёмщиков.
Реальная обща",550.0,1621.4,False,https://re.kufar.by/vi/1044018001,,240,51.7,18.7,10.9,3,5,14.0,17.0,10,2002.0,25,27.634136,53.910134,"Филимонова ул, 12, Минск",Николай
1079018965,2026-07-29T20:03:03Z,Сдаётся комфортная 2-комнатная квартира Щорса 3,"Сдаётся комфортная 2-комнатная квартира

Предлагается в аренду уютная двухкомнатная квартира с продуманной планировкой и всем необходимым для комфортн",650.0,1916.2,False,https://re.kufar.by/vi/1079018965,4.0,55,62.0,30.0,12.1,3,,6.0,7.0,2,,29,27.51882,53.8816,"Щорса ул, 3, Минск",Иван
1079018814,2026-07-29T19:50:13Z,Однокомнатная квартира,Однокомнатная квартира в новостройке около метро,644.5,1900.0,False,https://re.kufar.by/vi/1079018814,2.0,170,29.0,22.0,,1,5,12.0,13.0,10,2025.0,28,27.541574,53.863487,"Михаила Савицкого ул, Минск",игорь
1079015274,2026-07-29T18:56:05Z,Сдам квартиру с дорогим ремонтом на долго,"Квартира с дизайнерским ремонтом и дорогой мебелью, техникой, посудомоечной машиной, высокоскоростным интернетом и дорогим TV. Свежий ремонт, все сдел",600.0,1768.8,False,https://re.kufar.by/vi/1079015274,2.0,,50.0,45.0,10.0,1,10,5.0,5.0,4,1990.0,24,27.611535,53.93646,"Волгоградская ул, 49, Минск",Влад
1079014498,2026-07-29T18:45:07Z,Сдаётся 1-ная квартира от собственника,"Сдаётся 1-я квартира от собственника. Минимальный срок аренды - 12 месяцев. В квартире есть всё необходимое для жизни: стиральная машина, пылесос, хол",500.0,1474.0,False,https://re.kufar.by/vi/1079014498,2.0,15,33.0,18.0,6.9,3,5,4.0,9.0,1,,28,27.55636,53.876212,"Воронянского ул, 52, Минск",Виктор
1078168859,2026-07-29T18:15:37Z,Элитная 3-комнатная квартира в ЖК «Vogue» в 1 мин от парка Челюскинцев,"Сдам роскошную трехкомнатную квартиру в престижном жилом комплексе премиум-класса «Vogue». Идеальное расположение в центре Минска для тех, кто ценит к",1051.56,3100.0,False,https://re.kufar.by/vi/1078168859,4.0,,74.4,66.9,,3,10,1.0,25.0,,2017.0,24,27.62536,53.921679,"Макаёнка ул, 12А, Минск",Иван
1079011032,2026-07-29T18:03:53Z,Сдам  2ух комнатную квартиру Ленинский район,Квартира сдаётся после квартирантов .. идет замена плитки кухня ванная туалет. Беспорядок и пылища... Требуется капитальная уборка...,0.0,0.0,False,https://re.kufar.by/vi/1079011032,1.0,230,48.0,24.0,6.0,1,1,5.0,,3,,27,27.606172,53.85363,"Рокоссовского пр, 140, Минск",Юрий Васильевич
1057612948,2026-07-29T14:10:22Z,Недвижимость,"Новая стильная двухкомнатная квартира в современном доме. Дом 2010 г. постройки. Общая площадь 65,8 кв.м. Просторная кухня 13,1 м.кв. Ремонт выполнен",750.0,2211.0,False,https://re.kufar.by/vi/1057612948,4.0,220,67.0,,13.5,3,5,8.0,26.0,,2010.0,23,27.584882,53.938501,"Максима Богдановича ул, 136, Минск",Алеся
1078985673,2026-07-29T14:06:33Z,Сдаю в аренду,"Квартира находится в тихом месте со старой застройкой в районе улицы Долгобродской, 6-ой больницы. Рядом зелёная зона, канал , хорошее место для прогу",650.0,1916.2,False,https://re.kufar.by/vi/1078985673,2.0,240,53.0,47.0,7.9,2,5,2.0,3.0,3,1958.0,25,27.614329,53.901509,"Уральская ул, Минск",Елена
1078979817,2026-07-29T13:07:32Z,Квартира,"Сдам 2-комнатную квартиру без посредников на длительный срок по договору паре, можно с детьми, но без животных. Иностранных граждан к заселению не рас",350.0,1031.8,False,https://re.kufar.by/vi/1078979817,,,42.5,26.3,5.9,1,,5.0,5.0,3,1963.0,27,27.588493660901317,53.886726441440246,"Рабочий переулок, 5, Минск",Кристина
1078962770,2026-07-29T11:05:20Z,Квартира в аренду,"Сдается стильная студия с  ремонтом в Минск Мире на долгосрочный период от 1-го года,ПЕРВОЕ заселение,все новое.
холодильник,посудомоечная машина,микр",500.0,1474.0,False,https://re.kufar.by/vi/1078962770,1.0,170,30.0,25.0,,1,5,12.0,13.0,10,2025.0,28,27.539041,53.86534,"Михаила Савицкого ул, 23, Минск",Виталий
1078959693,2026-07-29T10:32:43Z,"квартира для длительного проживания: пр-т Независимости 80, у метро Академия наук и Парк челюскинцев","Работаем по факту! 

Полностью укомплектована всем необходимым для длительного проживания: мебель, техника, посуда, бытовые мелочи 

Комнат: 3 фактиче",600.0,1768.8,True,https://re.kufar.by/vi/1078959693,2.0,,55.4,36.3,6.2,3,5,2.0,9.0,3,1963.0,24,27.607672,53.922109,"Независимости пр, 80, Минск",ООО КАРТА ГОРОДА
1021846568,2026-07-29T10:12:33Z,Сдаётся в аренду элитная 3-квартира в ЖК ''У Троицкого'',"-Сдаётся в аренду элитная 3-квартира в ЖК «У Троицкого»!!!!
-Самая топовая локация г. Минска. Троицкое предместье, театр Оперы и Балета, улица Зыбицка",2500.0,7370.0,True,https://re.kufar.by/vi/1021846568,,260,143.0,,,3,,15.0,23.0,,2012.0,22,27.556836,53.910325,"Сторожовская ул, 6, Минск",ВСП недвижимость-Инвест
1078951488,2026-07-29T10:12:03Z,Просторная 2-комнатная квартира в Минске с видом на Стеллу и Парк Победы,"Сдается просторная и светлая 2-комнатная квартира для долгосрочной аренды по адресу: ул. Гвардейская, 12 с панорамным видом на Стеллу и Парк Победы. 1",983.72,2900.0,False,https://re.kufar.by/vi/1078951488,4.0,,82.0,52.0,12.0,1,5,14.0,19.0,1,2012.0,22,27.533103,53.913948,"Гвардейская ул, 12, Минск",Дарья
1078952819,2026-07-29T09:14:39Z,Квартира долгосрочная аренда,"Сдается атмосферная трехкомнатная квартира в тихом центре Минска, около площади Якуба Колоса с видом на бульвар Мулявина на первом этаже дома после ка",848.03,2500.0,False,https://re.kufar.by/vi/1078952819,4.0,,64.0,,,2,5,1.0,5.0,3,,23,27.585524960814556,53.9133427477194,"Мулявина бул, 8, Минск",Людмила
1078950716,2026-07-29T08:54:24Z,Cтильная и абсолютно новая евро-3,"Сдаётся стильная и абсолютно новая евро-3 квартира площадью 56,7 м² в современном жилом комплексе. Квартира после дизайнерского ремонта.

Интерьер и п",900.0,2653.2,False,https://re.kufar.by/vi/1078950716,3.0,170,56.7,,,3,10,11.0,25.0,,2025.0,28,27.555857,53.859711,"Леонида Щемелёва ул, 26, Минск",Павел
1033632740,2026-07-29T08:33:56Z,Уникальная квартира в сердце Минска на ул. Карла Маркса,"Сдаётся уникальная квартира в сердце Минска — ул. Карла Маркса

Площадь 92 м², потолки 3 метра. Квартира расположена в знаковом доме на улице Карла Ма",1400.0,4127.2,False,https://re.kufar.by/vi/1033632740,,,92.0,,,1,10,4.0,4.0,,1950.0,27,27.555543,53.897212,"Карла Маркса ул, 21, Минск",Алексей
1078948845,2026-07-29T08:29:37Z,"1комн.квартира ул.Уборевича 4,Чижовка","Сдается квартира в Чижовке ул.Уборевича 4,на длительный срок .Квартира с мебелью.Аккуратная ,чистая .Есть холодильник ( новый ),стиральная машина .В д",350.0,1031.8,True,https://re.kufar.by/vi/1078948845,,305,33.0,,,1,1,,,,,26,27.638233,53.847506,"Уборевича ул, 4, Минск",ООО Альфа-риэлт
1078936999,2026-07-29T07:19:36Z,сдаётся 2-комнатная квартира,сдается уютная 2-комнатная квартира на длительный срок по договору. Район с очень развитой инфраструктурой. До метро 5 минут пешком,700.0,2063.6,False,https://re.kufar.by/vi/1078936999,,280,46.0,29.0,7.0,3,,4.0,9.0,1,,24,27.685475,53.940684,"Руссиянова ул, 3к1, Минск",Елена
1077572031,2026-07-29T07:06:22Z,"Квартира в аренду Сурганова, 7а","Сдаётся на длительный срок 2-комнатная квартира
 - просторная 76,2м2 (21,3+17,3), кухня 13,5м2,  балкон 5.9м2
 - этаж 13/19 этажного дома повышенной к",712.35,2100.0,True,https://re.kufar.by/vi/1077572031,4.0,5,76.2,38.6,13.5,1,5,13.0,19.0,10,2014.0,24,27.602094,53.918206,"Сурганова ул, 7А, Минск",Агентство недвижимости ''Час-Пик''
1078716949,2026-07-29T05:57:41Z,Сдам  3 комнатную квартиру в центре с охраняемой парковкой на длительный срок.,Сдам на длительный срок 3 комнатную квартиру в центре с 2 санузлами и охраняемой парковкой. Квартира расположена в элитном ЖК «Каскад» со всей инфраст,1085.48,3200.0,False,https://re.kufar.by/vi/1078716949,10.0,110,101.0,64.0,14.0,3,10,8.0,25.0,2,2012.0,30,27.520068,53.909339,"Скрыганова ул, 4Д, Минск",Александр
1075639029,2026-07-28T19:40:12Z,Сдам квартиру на длительный срок,Стильная 2-х комнатная квартира с евро ремонтом у метро Описание: Сдается в аренду светлая и просторная квартира в современном доме  Идеальный вариант,600.0,1768.8,False,https://re.kufar.by/vi/1075639029,2.0,55,70.0,60.0,12.0,1,5,12.0,15.0,,,29,27.520796,53.888223,"Дзержинского пр, 11, Минск",Klepikov Igor
1078882617,2026-07-28T18:41:48Z,Для мужчин,"Жилье для строительной бригады либо рабочих мужчин 
Все необходимое для жилья есть 
Все остальные вопросы по телефону
А под селением к другим 
Стоимос",94.98,280.0,False,https://re.kufar.by/vi/1078882617,4.0,70,80.0,64.0,11.0,2,,1.0,1.0,,1990.0,25,27.65177,53.894909,"Солтыса ул, Минск",Ольга
1078885404,2026-07-28T18:03:07Z,"2-комнатная квартира, г. Минск, ул. Обойная, 4/2","Сдаётся квартира на улице Обойная 4-2. Дом расположен в тихом месте, закрытая придомовая территория со шлагбаумом. Все комнаты изолированы, имеется ло",750.0,2211.0,False,https://re.kufar.by/vi/1078885404,,90,51.0,29.0,,3,5,6.0,9.0,,1991.0,22,27.545985,53.908432,"Обойная ул, 4к2, Минск",Елена
1078869499,2026-07-28T16:05:05Z,Аренда,Сдаётся трех комнатная квартира,0.0,0.0,False,https://re.kufar.by/vi/1078869499,,,100.0,,,4,5,13.0,,,,22,27.534486,53.91548,"Победителей пр, 43/2, Минск",Марина
1078867385,2026-07-28T15:42:09Z,Сдаётся уютная 2-комнатная квартира,"От собственника сдаётся уютная 2-комнатная квартира рядом с центром

Сдаётся на длительный срок тёплая и полностью оборудованная двухкомнатная квартир",627.54,1850.0,False,https://re.kufar.by/vi/1078867385,4.0,240,53.0,47.0,6.0,2,5,2.0,5.0,3,,25,27.613637,53.901552,"Уральская ул, 7, Минск",Иван
1078856791,2026-07-28T13:48:05Z,(Резервация) Сдается 3-комнатная квартира (метро Уручье),"Сдаётся уютная трёхкомнатная квартира от собственника на 9 этаже 9-ти этажного панельного дома с лифтом.
Состоит из двух спален, гостиной, отдельной к",636.02,1875.0,False,https://re.kufar.by/vi/1078856791,3.0,280,63.3,43.0,7.5,3,1,9.0,9.0,1,1991.0,24,27.684011,53.95078,"Ложинская ул, 19, Минск",Елена
1078855991,2026-07-28T13:46:37Z,Однокомнатная квартира в аренду на длительный срок,"Однокомнатная квартира в долгосрочную аренду, в хорошем состоянии, близко к станции метро Спортивная, Пушкинская. Оборудована всем необходимым.",470.0,1385.56,False,https://re.kufar.by/vi/1078855991,2.0,,33.0,18.0,,2,1,2.0,9.0,1,,30,27.488017,53.902936,"Одоевского ул, 38, Минск",Наталья
1078854569,2026-07-28T13:25:17Z,Сдается на длительный срок однокомнатная квартира,"Сдается на длительный срок однокомнатная квартира в Минск-Мире по адресу Лученка, 30.
В квартире сделан качественный современный ремонт. Оборудованная",450.0,1326.6,False,https://re.kufar.by/vi/1078854569,,170,29.0,,,1,5,,25.0,2,2025.0,28,27.554294,53.861039,"Игоря Лученка ул, 30, Минск",Дарья
1078852521,2026-07-28T13:02:07Z,Аренда квартир,Сдаётся трёхкомнатная квартира,712.35,2100.0,False,https://re.kufar.by/vi/1078852521,3.0,320,64.0,43.0,7.5,3,1,4.0,9.0,,1986.0,29,27.460585767642307,53.857663027196516,"Газеты Звязда пр, 59к2, Минск",Михаил
1078848302,2026-07-28T12:49:06Z,Сдам квартиру,Во дворе школа и детский сад. Квартира будет сдаваться с сентября.,407.06,1200.0,False,https://re.kufar.by/vi/1078848302,,50,37.6,17.2,9.3,3,1,7.0,10.0,1,2013.0,24,27.726007,53.942576,"Основателей ул, 13, Минск",Александр
1078848103,2026-07-28T12:47:15Z,Сдается 3 комнатная квартира в Минске,"Сдается с сентября 3-комнатная светлая и ухоженная квартира. Высокий первый этаж. Полностью готова к проживанию: мебель, бытовая техника, вкл. посудом",650.0,1916.2,False,https://re.kufar.by/vi/1078848103,5.0,105,79.0,67.0,9.9,3,1,1.0,9.0,,2011.0,30,27.415639,53.912807,"Каменногорская ул, 18, Минск",Елена
1078836822,2026-07-28T11:42:13Z,Трехкомнатная квартира в аренду в сердце Столицы,"Просторная, светлая квартира после ремонта, новая кухня. Напротив Дворец железнодорожников с бассейном и фитнесом, рядом сильные школы с бассейнами.Кв",836.16,2465.0,True,https://re.kufar.by/vi/1078836822,,15,65.1,40.8,8.4,1,5,2.0,9.0,3,1978.0,28,27.536624,53.877343,"Чкалова ул, 9к2, Минск",ООО База Недвижимости Бай
1078294949,2026-07-28T11:14:29Z,"Аренда 2-комнатной квартиры, Лученка 11","Аренда только от 1 года!
2-х комнатная квартира-студия, которая находится на 11-м этаже по адресу: ул. Лученка, 11. 
Дом 2021 года постройки. Общая пл",620.0,1827.76,True,https://re.kufar.by/vi/1078294949,,170,39.4,34.5,,3,,11.0,25.0,,2021.0,28,27.542553,53.86758,"Игоря Лученка ул, 11, Минск",ООО Центр недвижимости ГАЛАКТИКА
1078830339,2026-07-28T10:42:20Z,Квартира,"Аренда квартиры возможна с 1 сентября , для граждан РБ . Тихий зеленый район . Рядом гимназия #6 и детский сад. 
Дом кирпичный, две лоджии .",503.73,1485.0,False,https://re.kufar.by/vi/1078830339,,,65.0,40.0,7.4,4,1,2.0,9.0,3,1974.0,23,27.597108,53.932988,"Якуба Коласа ул, 53к3, Минск",Геннадий
1078828092,2026-07-28T10:18:45Z,Недвижимость аренда,"Хорошая кв, в хорошем районе , есть все для жизни",700.0,2063.6,False,https://re.kufar.by/vi/1078828092,4.0,210,48.0,,,1,1,3.0,17.0,,2018.0,22,27.459809,53.942195,"Ратомская ул, 7, Минск",Анто
1078826981,2026-07-28T10:06:46Z,Сдаётся квартира,"Сдается 1 комнатная квартира (студия) 41кв. с отличным видом на длительный срок (не менее 15 дней). Минск - Мир, метро Аэродромная. Квартира укомплект",508.48,1499.0,False,https://re.kufar.by/vi/1078826981,3.0,170,41.0,39.0,,3,5,22.0,25.0,,2024.0,28,27.528611,53.872491,"Брилевская ул, 25, Минск",Сергей
1076414189,2026-07-28T09:46:59Z,"Аренда 2-комнатной квартиры, Есенина 34","Сдается уютная квартира общей площадью 71.6 кв.м по адресу: г. Минск, ул. Сергея Есенина 34. Расположена на 8 этаже с прекрасным видом. В квартире вып",650.0,1916.2,True,https://re.kufar.by/vi/1076414189,,,71.6,41.0,,3,,8.0,9.0,4,,29,27.454393,53.852077,"Сергея Есенина ул, 34, Минск",ООО Центр недвижимости ГАЛАКТИКА
1071128843,2026-07-28T09:15:43Z,"Сдам однокомнатную квартиру, Пионерская 9","Просторная уютная 1 комнатная квартира в престижном районе Дрозды - лучшее месторасположение в Минске.
В квартире все необходимое для проживания.
Аген",508.82,1500.0,False,https://re.kufar.by/vi/1071128843,,195,48.0,,,2,5,2.0,,,,22,27.488017,53.939688,"Пионерская ул, Минск",Людмила
1078822091,2026-07-28T09:15:37Z,Двухуровневая 4-к квартира.,"Сдаётся в аренду просторная двухуровневая квартира общей площадью 134,5 м2 по адресу ул. Карвата, 31А. Продуманный дизайн-проект, натуральные материал",1255.09,3700.0,True,https://re.kufar.by/vi/1078822091,4.0,255,134.5,94.9,,1,10,19.0,20.0,10,2012.0,25,27.678513,53.911869,"Карвата ул, 31А, Минск",ООО ВСП недвижимость-Инвест
1078807348,2026-07-28T07:25:48Z,"Сдается уютная 3-комнатная квартира в аренду в Минске, расположенная по адресу: ул. Чичурина 2","Сдается уютная 3-комнатная квартира в аренду в Минске, расположенная по адресу: ул. Чичурина
Квартира расположена на 9 этаже 9-этажного дома.Общая пло",610.58,1800.0,False,https://re.kufar.by/vi/1078807348,2.0,65,76.8,46.6,10.3,3,5,9.0,9.0,1,2010.0,30,27.458318,53.921738,"Чичурина ул, 2, Минск",Константин
1078804996,2026-07-28T07:08:04Z,Сдам квартиру,"Сдам квартиру на долгий срок , хорошим ответственным людям . 
Без животных . 
 Установлен подогрев полов",1000.0,2948.0,False,https://re.kufar.by/vi/1078804996,2.0,65,65.0,40.0,15.0,3,5,2.0,9.0,2,2005.0,30,27.449847,53.922936,"Всеволода Игнатовского ул, Минск",Миша
1078776595,2026-07-28T06:25:18Z,Сдаётся квартира в Лошице,"Сдаётся уютная, просторная 3-х комнатная квартира с солнечной лоджией 
в м-н Лошице( на длительный срок) для спокойного проживания. 
Приоритет — людям",600.0,1768.8,False,https://re.kufar.by/vi/1078776595,3.0,145,80.0,,,1,5,4.0,9.0,1,,27,27.583617130603667,53.835558374062565,"Прушинских ул, 22, Минск",Евгения
1078800261,2026-07-28T06:04:56Z,"Двухкомнатная квартира, метро Слуцкий гостинец","Тихая, уютная двухкомная квартира (окна на разные стороны) для СЕМЬИ, можно с детьми.
Только гражданам РБ, по договору, лицам без вредных привычек, бе",510.0,1503.48,False,https://re.kufar.by/vi/1078800261,,135,50.0,,7.3,1,5,2.0,9.0,1,,28,27.530854997563658,53.84443418546454,"Лейтенанта Кижеватова ул, 80к2, Минск",Людмила
1078765795,2026-07-27T18:33:56Z,Сдается в долгосрочную аренду,"Сдается на длительный срок 2-х комнатная квартира от собственника в пяти минутах от ТЦ ""GreenCity"" и м. Каменная Горка. Район Каменная Горка. Свежий р",750.0,2211.0,False,https://re.kufar.by/vi/1078765795,,105,52.1,29.0,9.5,3,5,10.0,12.0,4,2012.0,30,27.420634,53.909705,"Нёманская ул, 3, Минск",Марина
1075072069,2026-07-27T18:02:30Z,Отличная и удобная квартира для проживания,"Свободная и просторная квартира в элитном ЖК Аркадия, в приятном неоклассическом исполнении для самостоятельных людей без вредных привычек.",542.74,1600.0,False,https://re.kufar.by/vi/1075072069,,220,54.0,21.0,13.0,,5,25.0,27.0,,2022.0,23,27.584361,53.937833,"Максима Богдановича ул, 132, Минск",Александр
1076148127,2026-07-27T17:37:37Z,"2-комнатная квартира, Мястровская 19","На длительный срок сдается квартира по адресу: Мястровская, 19. 
Квартира полностью укомплектована всей необходимой мебелью и техникой для комфортного",850.0,2505.8,True,https://re.kufar.by/vi/1076148127,,,63.4,46.0,,3,,7.0,9.0,10,2019.0,22,27.467897,53.937727,"Мястровская ул, 19, Минск",ООО Центр недвижимости ГАЛАКТИКА
1078753642,2026-07-27T16:49:24Z,3 комнатная квартира в аренду,"Сдаётся 3‑комнатная квартира — уют и комфорт для семьи

Сдаётся просторная и светлая 3‑комнатная квартира с продуманной планировкой: две отдельные изо",950.0,2800.6,False,https://re.kufar.by/vi/1078753642,3.0,170,58.0,,,1,5,19.0,25.0,2,2025.0,28,27.553216,53.861602,"Игоря Лученка ул, 28, Минск",Анна
1078741199,2026-07-27T15:04:23Z,Сдается квартира в аренду,Сдается однокомнатная квартира в центре Минска только на длительный срок. В квартире есть все для проживания. Без животных. Предоплата за 2 месяца.,500.0,1474.0,False,https://re.kufar.by/vi/1078741199,,,30.0,30.0,7.0,,,2.0,4.0,3,1977.0,22,27.528629,53.917983,"Тарханова ул, 13, Минск",Наталья
1078740053,2026-07-27T14:50:24Z,Квартира 3х комнатная аренда,"Сдается на длительный срок трехкомнатная квартира. Окна одной спальни выходят на проспект, остальные в тихий уютный дворик. Недалеко от станции метро",700.0,2063.6,False,https://re.kufar.by/vi/1078740053,,,55.0,,,1,10,4.0,5.0,3,,26,27.61891,53.877332,"Партизанский пр, 69, Минск",Вика
1078739186,2026-07-27T14:38:48Z,Однокомнатная квартира,Сдам квартиру однокомнатную квартиру на длительный срок. Без мебели.,500.0,1474.0,False,https://re.kufar.by/vi/1078739186,,280,33.1,,,1,1,8.0,9.0,1,,24,27.679483,53.939799,"Шугаева ул, 13к1, Минск",Александр
1078736252,2026-07-27T14:08:03Z,"Снять 4-комнатную квартиру, г. Минск, ул. Нововиленская, 10","Просторная 4-комнатная квартира в аренду на ул. Нововиленская, 10

Предлагается в аренду просторная и функциональная квартира площадью 105 м2, располо",915.88,2700.0,True,https://re.kufar.by/vi/1078736252,,,105.9,76.1,,1,,7.0,10.0,,,22,27.541511,53.929781,"Нововиленская ул, 10, Минск","ООО ""Резалт Недвижимость"""
1078735727,2026-07-27T14:01:53Z,Сдаётся квартира-студия в 2-х минутах от метро,"Собственником сдаётся на длительный срок уютная квартира-студия. Малоэтажный дом, новый хороший ремонт, первое заселение, окна с видом на парк, 250 ме",559.7,1650.0,False,https://re.kufar.by/vi/1078735727,2.0,170,32.3,21.5,21.5,,10,3.0,6.0,2,2025.0,28,27.541831523918773,53.86625239721623,"Игоря Лученка ул, 16, Минск",Александр
1078725974,2026-07-27T12:46:00Z,Современная квартира на Независимости 88,"Сдаётся современная квартира на длительный срок. Жилой комплекс расположен рядом с прекрасным парком Челюскинцев. На первых этажах находятся кафе, маг",920.0,2712.16,False,https://re.kufar.by/vi/1078725974,4.0,,50.0,40.0,25.0,3,10,12.0,,10,2021.0,24,27.622827,53.925025,"Независимости пр, 88, Минск",Мишель
1075023023,2026-07-27T11:40:33Z,Сдаю однокомнатную квартиру на длительный срок,"Сдается однокомнатная квартира на длительный срок рядом с метро ""Каменная горка"" (5 мин ходьбы). Подробности по телефону.",450.0,1326.6,False,https://re.kufar.by/vi/1075023023,,130,38.3,18.0,7.1,3,5,11.0,19.0,1,1990.0,30,27.443227,53.911147,"Притыцкого ул, 124, Минск",Виталий
1078713889,2026-07-27T11:14:58Z,"Сдается 3-комнатная квартира в доме с закрытой территорией, г. Минск, ул. Кропоткина","Сдается 3-комнатная квартира в Центральном районе г. Минска. 
Дом премиум-класса 2006 года с оригинальным фасадом в стиле Малевича, малоквартирный (вс",814.11,2400.0,True,https://re.kufar.by/vi/1078713889,,,108.6,66.1,15.5,1,1,10.0,10.0,4,2004.0,22,27.555911,53.919442,"Кропоткина ул, 57, Минск",ООО Партнер для всех
1078709972,2026-07-27T10:31:31Z,"Снять 3-комнатную квартиру, г. Минск, ул. Толбухина, 11","Сдается большая и уютная квартира в Первомайском районе по адресу: ул. Толбухина 11! Расположена на 9 этаже 9 этажного дома, укомплектована мебелью и",746.27,2200.0,True,https://re.kufar.by/vi/1078709972,,,68.5,52.6,,1,5,9.0,9.0,,,24,27.611211,53.927782,"Толбухина ул, 11, Минск","ООО ""Резалт Недвижимость"""
1077874120,2026-07-27T10:20:29Z,"Снять 2-комнатную квартиру, г. Минск, ул. Чечота, 5","Сдаётся просторная 2-комнатная квартира площадью 55,1 квадратных метров с идеальной планировкой. Квартира расположена  в живописнейшем районе столицы",508.82,1500.0,True,https://re.kufar.by/vi/1077874120,,30,55.1,29.3,10.1,3,,4.0,10.0,,,29,27.477318,53.850544,"Яна Чечота ул, 5, Минск","ООО ""Резалт Недвижимость"""
1078705826,2026-07-27T09:48:43Z,сдам 2х комнатную квартиру с ремонтам на Голубева,"Квартира будет свободна после 15.08.2026. Сдается только на длительный срок, договор.",500.0,1474.0,False,https://re.kufar.by/vi/1078705826,4.0,320,49.5,32.0,9.3,4,5,5.0,9.0,1,,29,27.46298,53.869545,"Голубева ул, 28, Минск",Алексей
1078703831,2026-07-27T09:24:18Z,2х комн. кв. на длительный срок в Минске,"Чистая, светлая, с окнами на юг, благоустроенная 2х комн. с договором. Стоимость аренды/мес = 1300 BYN + доп. услуги ТС и сторонних организаций. Подро",0.0,0.0,False,https://re.kufar.by/vi/1078703831,,265,55.0,32.0,9.0,3,,,,,,30,27.43162,53.894734,"Лобанка ул, Минск",Собственник
1078701879,2026-07-27T09:01:22Z,Сдаётся 4-комнатная квартира в ЖК «Променад»,"Сдаётся четырёхкомнатная квартира в ЖК «Променад»

Продуманная планировка включает спальню, детскую комнату, отдельный кабинет, который при необходимо",2350.0,6927.8,False,https://re.kufar.by/vi/1078701879,,,107.0,96.0,,4,10,17.0,25.0,,2021.0,22,27.468784,53.935893,"Ильянская ул, 18, Минск",Дмитрий
1072692346,2026-07-27T08:59:35Z,Аренда квартиры,Аренда на длительный срок,1200.0,3537.6,False,https://re.kufar.by/vi/1072692346,,120,140.0,,14.0,4,5,2.0,9.0,4,2010.0,23,27.585187,53.92064,"Беломорская ул, 4А, Минск",Katerina
1078700198,2026-07-27T08:42:20Z,Сдается квартира в центре Минска,"Сдается 1.5 комнатная квартира от собственника, с мебелью и бытовой техникой общей площадью 40м2 + 8 м2 лоджия. Полностью укомплектована для комфортно",500.0,1474.0,False,https://re.kufar.by/vi/1078700198,,,40.0,,,3,5,,,3,,23,27.565408526206394,53.92355047365823,"Веры Хоружей ул, 26, Минск",Muy muy
1078687327,2026-07-27T07:16:20Z,Сдам студию дом Багамы с 28 августа,"С 28 августа сдаётся уютная комфортабельная квартира -студия в ЖК ""Минск-Мир"" в доме Багамы с прекрасным видом на МФЦ "" Авиа Молл"" гражданам РБ, РФ. В",508.82,1500.0,False,https://re.kufar.by/vi/1078687327,2.0,170,30.0,30.0,30.0,1,5,12.0,25.0,,,28,27.547867183216884,53.86365310813693,"Братская ул, 11, Минск",Юлия
1035574271,2026-07-27T04:08:07Z,"Снять 2-комнатную квартиру в центре, Минск","Сдается стильная 2-комнатная квартира совмещающая в себе элементы ретро и современности.
О квартире:
Просторная 55 метров. За счет больших окон и высо",600.0,1768.8,True,https://re.kufar.by/vi/1035574271,,200,54.7,,,2,1,1.0,3.0,,1950.0,25,27.578665,53.900671,"Первомайская ул, 24к3, Минск",ООО Партнер для всех
1078650919,2026-07-26T19:41:08Z,Лебяжий 3-ех комнатная квартира 114 м² без отделки,"Сдаётся в аренду просторная 3-комнатная квартира 114 м² в ЖК «Лебяжий» (Ратомская, 7), Центральный район — один из самых престижных и зелёных районов",400.0,1179.2,False,https://re.kufar.by/vi/1078650919,,210,114.0,108.0,,3,20,15.0,17.0,2,2018.0,22,27.459809,53.942195,"Ратомская ул, 7, Минск",Игорь
1078627107,2026-07-26T15:29:05Z,Квартира 2-хкомнатная,"Квартира в 3 минутах от метро (Грушевка). Новый дом, домофон, в подъезде 4 лифта. Квартира теплая и уютная.",576.66,1700.0,False,https://re.kufar.by/vi/1078627107,2.0,,64.0,35.0,11.0,3,1,13.0,20.0,2,2024.0,29,27.515676,53.887756,"Дзержинского пр, 26, Минск",Вера
1078611464,2026-07-26T12:56:09Z,Сдам квартиру,"Квартира в Минск Мире
Удобное месторасположение 
Первая сдача",500.0,1474.0,False,https://re.kufar.by/vi/1078611464,2.0,15,27.0,20.0,3.0,3,5,9.0,25.0,,2024.0,28,27.529195,53.874493,"Брилевская ул, Минск",Екатерина
1078607291,2026-07-26T12:46:40Z,Сдается стильная однокомнатная квартира,"Сдается стильная однокомнатная квартира со всем необходимым для комфортной жизни!

Современный ремонт, продуманная планировка и полная комплектация те",650.0,1916.2,False,https://re.kufar.by/vi/1078607291,,220,45.0,,,2,5,7.0,,,2017.0,23,27.592931,53.935299,"Леонида Беды ул, 26, Минск",Виктория
1078590735,2026-07-26T09:48:09Z,Сдается светлая и современная 1-комнатная квартира в районе метро Грушевка,"Уютная однокомнатная квартира в спальном районе Грушевки. В квартире имеется вся необходимая техника для жизни: холодильник, стиральная машина, плита,",600.0,1768.8,False,https://re.kufar.by/vi/1078590735,1.0,55,41.0,30.0,,3,5,6.0,7.0,,2010.0,29,27.51882,53.8816,"Щорса ул, 3, Минск",Никита
1078587197,2026-07-26T09:05:20Z,Долгосрочная аренда тихий центр Золотая горка,"Сдается уютная 2-комнатная квартира на длительный срок в самом сердце Минска — микрорайон Золотая Горка. 5 мин до метро Я.Коласа. Тихий, зеленый двор,",600.0,1768.8,False,https://re.kufar.by/vi/1078587197,2.0,,46.0,46.0,6.0,1,5,4.0,5.0,1,1988.0,23,27.588322,53.911439,"Смолячкова ул, 26, Минск",Михаил
1057773386,2026-07-26T07:18:12Z,Сдача на длительный срок,"Сдаётся 2-х комнатная квартира на длительный срок с ремонтом,с мебелью и техникой. Первое заселение. Без животных.",600.0,1768.8,False,https://re.kufar.by/vi/1057773386,,320,46.7,,,1,5,10.0,10.0,,,29,27.45459,53.858771,"Белецкого ул, 22, Минск",Александр
1075159906,2026-07-26T06:41:12Z,Квартира в аренду,"Сдается просторная двухкомнатная квартира в одном из самых статусных жилых комплексов Лебяжьего. 
17 этаж — это не просто высота, это совершенно друго",1200.0,3537.6,False,https://re.kufar.by/vi/1075159906,6.0,40,65.4,34.4,10.4,1,10,17.0,19.0,10,2019.0,22,27.478593,53.93399,"Нарочанская ул, Минск",Ольга
1076415770,2026-07-26T05:55:29Z,Аренда,"Сдается впервые, на длительный срок (от 1 года) новая, полностью меблированная квартира-студия, укомплектованная встроенной бытовой техникой (холодиль",550.0,1621.4,False,https://re.kufar.by/vi/1076415770,2.0,170,32.6,25.4,,3,5,6.0,25.0,,2025.0,28,27.554519,53.858612,"Леонида Щемелёва ул, 30, Минск",Юрий
1077376894,2026-07-25T15:32:33Z,Квартира в центре,"Сдаются однокомнатная квартира от месяца ,самый центр , метро 1 минута пешком , тихий двор и мало соседей , все парки , ЦУМ , учебные и культурные зда",490.0,1444.52,False,https://re.kufar.by/vi/1077376894,,,34.0,25.0,8.0,1,1,9.0,9.0,3,1994.0,23,27.588655,53.914351,"Золотая Горка ул, 20, Минск",Наталья
1078123569,2026-07-25T12:06:59Z,Сдам 2х ком квартиру,"Сдается 2 х комнатная квартира от собственника, рядом с метро Каменная горка, 3 мин. ходьбы. Квартира светлая, чистая, уютная с мебелью: кухня, стол и",1500.0,4422.0,False,https://re.kufar.by/vi/1078123569,4.0,80,55.0,32.0,8.0,3,1,3.0,16.0,4,2001.0,30,27.436541616162966,53.90365536576073,"микрорайон Запад-1, микрорайон Запад, Минск",Ирина
1078493551,2026-07-25T11:55:04Z,СДАЕТСЯ 1 комнатная кв.,"Сдается на длительный срок!!! Квартира НОВАЯ! Сдается одному ЧИСТОПЛОТНОМУ (во всех отношениях) Человеку, для которого важно жить в чистоте, уюте, ком",600.0,1768.8,False,https://re.kufar.by/vi/1078493551,1.0,55,47.0,32.0,9.0,3,5,12.0,16.0,2,2023.0,29,27.524632,53.884148,"3-й Железнодорожный переулок, 10, Минск",Владимир
1072467127,2026-07-25T09:34:24Z,Сдается уютная 4к квартира в таун-хаусе,"Сдаются две 4к квартиры по адресу Минск, 1-я Базисная 43а (1 и 2 этажи). 

Первое заселение после ремонта. 

Закрытая территория, подземная парковка,",2000.0,5896.0,False,https://re.kufar.by/vi/1072467127,,220,141.2,54.0,41.2,3,5,2.0,3.0,10,2008.0,23,27.59304782208985,53.94280849433796,"1-я Базисная ул, 43А, Минск",Собственник
1064270313,2026-07-25T08:33:24Z,Долгосрочная аренда 1-ком. квартиры,"Сдается на длительный срок только гражданам РБ, нешумным и ответственным. Договор. Несколько остановок от ст.м.Малиновка. По соседству спортцентр Макс",491.86,1450.0,False,https://re.kufar.by/vi/1064270313,2.0,,45.5,18.0,9.5,3,5,2.0,19.0,1,2010.0,29,27.446308,53.855335,"Сергея Есенина ул, 58, Минск",Анастасия
1078471105,2026-07-25T07:39:27Z,Квартира,"Сдается на длительный срок 3-х комнатная квартира по адресу: ул. Асаналиева 15
Квартира полностью укомплектована мебелью и бытовой техникой для комфор",678.43,2000.0,False,https://re.kufar.by/vi/1078471105,5.0,,79.8,52.2,10.2,3,1,5.0,7.0,1,2009.0,28,27.543649,53.84485,"Асаналиева ул, Минск",Анастасия
1078462990,2026-07-25T07:00:56Z,"Аренда 2 кв. по ул.Ложинская,д.16","Сдается светлая 2-комнатная квартира с по адресу: ул. Ложинская, 16.

О квартире и планировке:
Пространство: большая кухня-гостиная для отдыха и две у",700.0,2063.6,True,https://re.kufar.by/vi/1078462990,,280,58.3,44.6,,3,,8.0,14.0,3,2013.0,24,27.680902,53.949699,"Ложинская ул, 16, Минск",Агентство недвижимости ''Юриэлт'' в Минске
1078427798,2026-07-24T19:46:30Z,Сдается светлая 2-к. квартира,"Условия сдачи:
- На длительный срок (от 6-12 месяцев).
- Только официальный договор.
- Коммунальные платежи оплачиваются арендатором отдельно (ориенти",600.0,1768.8,False,https://re.kufar.by/vi/1078427798,2.0,45,40.0,23.0,7.0,1,5,4.0,5.0,1,1972.0,24,27.645294,53.94087,"Калиновского ул, 44, Минск",Юлия
1078426860,2026-07-24T19:45:52Z,Длительная аренда,"Сдаю 1-комнатную квартиру в доме бизнес-класса на длительный срок.
 Только для граждан РБ — без домашних питомцев и вредных привычек (некурящих).
​Мет",500.0,1474.0,False,https://re.kufar.by/vi/1078426860,1.0,80,40.0,38.0,11.0,3,5,,,3,,30,27.457941,53.905307,"Притыцкого ул, 77, Минск",Инга
1076259420,2026-07-24T18:19:28Z,"2-х комнатная квартира, Центр города","Центр города! Парк Победы, Комсомольское озеро! Отличная локация, развитая инфраструктура!

Полноценная 2-х комнатная квартира с двумя раздельными ком",800.0,2358.4,False,https://re.kufar.by/vi/1076259420,,,53.9,31.18,7.95,3,5,7.0,13.0,3,1985.0,22,27.52977,53.91942,"Победителей пр, 53к1, Минск",Ольга
1078396785,2026-07-24T14:29:52Z,Сдается 3-х комнатная квартира Минск,"Сдаётся просторная 3-х комнатная квартира по адресу Волгоградская 86. Квартира в новом кирпичном доме. Круглосуточное видеонаблюдение, консьерж. Удобн",830.0,2446.84,False,https://re.kufar.by/vi/1078396785,4.0,,90.0,90.0,16.0,4,5,9.0,12.0,3,2009.0,24,27.607394,53.938766,"Волгоградская ул, 86, Минск",Андрей
1073810109,2026-07-24T14:16:04Z,Аренда квартиры,"Светлая квартира, после косметическим ремонта. Внутри: 3 большие комнаты, кухня-столовая, 2 с/у (душ + джакузи). 6 лоджий по периметру. Квартира обору",850.0,2505.8,False,https://re.kufar.by/vi/1073810109,6.0,,140.0,100.0,24.8,4,1,2.0,14.0,3,1999.0,24,27.608669,53.941405,"Логойский тракт, 10, Минск",Александр
1078385934,2026-07-24T12:27:16Z,Сдам двухкомнатную квартиру,"Сдам двухкомнатную квартиру, в хорошем месте, рядом школа, детсад, поликлиника, магазины, рынок.  До метро 2 остановки.
Без домашних животных, граждан",510.0,1503.48,False,https://re.kufar.by/vi/1078385934,4.0,320,44.0,38.0,8.0,3,5,9.0,9.0,1,1984.0,29,27.468365104842206,53.867633148321104,"Газеты Звязда пр, 14к1, Минск",Андрей
1078380311,2026-07-24T11:34:01Z,Аренда Двушка от Собственника м.Пушкинская,"Сдается 2-ух комнатная квартира у метро. От собственника. 
Ст. метро «Пушкинская» - 1 минута пешком. Светлая сторона, окна в парк. Дом кирпичный (тепл",540.0,1591.92,False,https://re.kufar.by/vi/1078380311,2.0,205,46.0,25.0,10.0,1,1,5.0,9.0,3,1969.0,30,27.500602,53.91111,"Притыцкого ул, 10, Минск",Кирилл
1078374555,2026-07-24T10:35:08Z,"2-комнатная квартира ул.Щемелева, д.16","Сдается дизайнерская евродвушка в ЖК «Минск Мир»
Г. Минск, ул. Леонида Щемелева, д.16, дом «Панама-Сити».
Первое заселение!
Площадь по СНБ 39,8 м2.
Об",671.64,1980.0,True,https://re.kufar.by/vi/1078374555,,170,39.8,31.0,,3,5,4.0,19.0,10,2024.0,28,27.556441,53.862159,"Леонида Щемелёва ул, 16, Минск",ООО МИР НЕДВИЖИМОСТИ ПРО
1078374278,2026-07-24T10:31:39Z,Сдается 1к квартира,"Сдается 1-комнатная квартира, микрорайон Домбровка. Спальное место - диван, на кухне эл. плита, свч, в ванной - стиральная машина. Ремонт косметически",373.13,1100.0,False,https://re.kufar.by/vi/1078374278,2.0,65,40.6,17.1,9.0,3,1,9.0,9.0,1,2008.0,30,27.443547537250343,53.92530142989725,"Алеся Гаруна ул, 25, Минск",Оля
1078372524,2026-07-24T10:14:19Z,Аренда Квартира Грушевка,Светлая теплая просторная двухкомнатная квартира (площадь 67 м.кв) от собственника. Не агентство. Станция метро Грушевка буквально возле дома!!! Светл,650.0,1916.2,False,https://re.kufar.by/vi/1078372524,2.0,55,67.0,38.0,9.0,1,5,10.0,13.0,,2013.0,29,27.51509474603267,53.88548417187038,"Щорса ул, 11, Минск",Артем
1078372193,2026-07-24T10:09:39Z,"Аренда двухкомнатной квартиры на  Горецкого, 19","Предлагается к долгосрочной аренде просторная двухкомнатная квартира на 3 этаже 6-этажного дома. 

Квартира теплая и уютная. Есть всё для комфортного",508.82,1500.0,True,https://re.kufar.by/vi/1078372193,3.0,265,51.0,28.4,9.0,3,,3.0,6.0,1,1999.0,30,27.448958,53.882317,"Максима Горецкого ул, 19, Минск",ООО ''ЮГ Хоум''
1072233130,2026-07-24T08:58:28Z,Сдается двухкомнатная квартира в центре Минска,"СДАЕТСЯ ОТЛИЧНАЯ (ухоженная и чистая) ДВУХКОМНАТНАЯ КВАРТИРА В ЦЕНТРЕ МИНСКА  
По адресу : Минск, ул. Я. Коласа 29.            
Телефон:  Светлана, ,",600.0,1768.8,False,https://re.kufar.by/vi/1072233130,3.0,,49.0,35.0,7.0,1,10,4.0,5.0,3,1970.0,24,27.59453,53.926626,"Якуба Коласа ул, Минск","Дмитрий, Светлана"
1073321937,2026-07-24T07:32:18Z,Сдаю 2 ком.квартиру,"Сдам на длительный срок отличную 2-х комнатную квартиру со всеми удобствами!!!
Находится по адресу г. Минск, ул. Неманскаяд.43,
метро Каменная горка,",600.0,1768.8,False,https://re.kufar.by/vi/1073321937,,105,78.0,41.0,18.0,1,5,2.0,10.0,1,2010.0,30,27.425637,53.915077,"Нёманская ул, 43, Минск",наталья
1078352242,2026-07-24T06:58:12Z,"Аренда 2 кв. по ул.Щемелёва,д.10 (Минск-Мир)","Сдаётся ВПЕРВЫЕ видовая евродвушка в престижном доме «Сан-Паулу» (ЖК «Минск Мир») по адресу: ул. Леонида Щемелёва, дом 10.
Квартира полностью укомплек",700.0,2063.6,True,https://re.kufar.by/vi/1078352242,,170,34.2,22.7,,3,,25.0,25.0,10,2024.0,28,27.557348,53.864994,"Леонида Щемелёва ул, 10, Минск",Агентство недвижимости ''Юриэлт'' в Минске
1078352243,2026-07-24T06:58:12Z,"Аренда 1 кв. по ул.В.Хоружей,д.17","Уютная и просторная однокомнатная квартира в самом центре Минска: ул. В. Хоружей, дом 17. 
В доме есть лифт! Рядом с домом – метро, рынок, магазины, к",550.0,1621.4,True,https://re.kufar.by/vi/1078352243,,120,31.4,17.1,,3,,5.0,9.0,3,1971.0,23,27.571938,53.919987,"Веры Хоружей ул, 17, Минск",Агентство недвижимости ''Юриэлт'' в Минске
1069968471,2026-07-24T06:08:04Z,"Двухкомнатная квартира по ул. Янки Купалы, дом 17","Двухкомнатная квартира по адресу: г. Минск, ул. Янки Купалы, дом 17. 
Потолки — 3 метра.
Выполнен дизайнерский ремонт в 2023 году.
Общая площадь кварт",1000.0,2948.0,True,https://re.kufar.by/vi/1069968471,,,62.64,40.0,9.75,1,,4.0,6.0,3,,27,27.566959,53.903519,"Янки Купалы ул, 17, Минск",Агентство недвижимости ''Юриэлт'' в Минске
1078311155,2026-07-23T20:12:03Z,2х комн квартира в долгосрочную аренду,сдаётся полностью меблированная квартира со всей бытовой техникой. в хорошем состоянии. ранее не сдавалась. есть прописанный. коммуналка + к цене. по,559.7,1650.0,False,https://re.kufar.by/vi/1078311155,2.0,,42.0,,5.0,2,5,2.0,5.0,3,,23,27.584693,53.915761,"Независимости пр, 52, Минск",Евгений
1078308870,2026-07-23T19:13:54Z,Сдаю квартиру,"Полноценная однокомнатная квартира со свежим ремонтом. 
ЖК Гранд Хаус - лучший дом в этой локации. Квартира 35м, полноценная отдельная комната, кухня",576.66,1700.0,False,https://re.kufar.by/vi/1078308870,2.0,55,35.0,35.0,10.0,1,5,4.0,20.0,2,,29,27.516116,53.886159,"Дзержинского пр, 19, Минск",Алексей
1077923460,2026-07-23T19:09:16Z,Тихий оазис на Площади Победы: 2-комнатная квартира с новым ремонтом,"Редкая находка на рынке аренды: квартира, в которой исторический шарм центра Минска сочетается с абсолютной тишиной и свежим ремонтом. Сдается 2-комна",1000.68,2950.0,False,https://re.kufar.by/vi/1077923460,4.0,,58.5,35.0,9.0,2,5,2.0,5.0,3,1953.0,22,27.573496440549206,53.90962304481974,"Киселёва ул, 3, Минск",Диана
1078286329,2026-07-23T15:43:21Z,Сдается квартира на длительный срок,"Сдается уютная 1-комнатная квартира с евроремонтом на длительный срок
Расположение:
- В 3 минутах от магазина «Соседи»
- Через дорогу – вход в Парк Па",520.0,1532.96,False,https://re.kufar.by/vi/1078286329,2.0,320,38.0,,,1,5,8.0,9.0,,,29,27.462711,53.855946,"Белецкого ул, 10к1, Минск",Дина
1062392789,2026-07-23T14:22:07Z,Аренда 4х-комнатной квартиры в Серебрянке,"Сдается просторная 4х-комнатная квартира в Серебрянке.
Две изолированные комнаты. В одной двухспальная кровать, во второй - две односпальные.
В проход",650.0,1916.2,False,https://re.kufar.by/vi/1062392789,,230,81.1,40.5,21.2,4,5,9.0,9.0,1,,27,27.601887,53.850295,"Малинина ул, 34, Минск",Наталья
1054968409,2026-07-23T13:38:47Z,"Снять 3-комнатную квартиру, г. Минск, ул. Сторожовская, 6","Сдаётся в аренду элитная 3-квартира в ЖК «У Троицкого»!!!!

Самая топовая локация г. Минска. Троицкое предместье, театр Оперы и Балета, улица Зыбицкая",1700.0,5011.6,True,https://re.kufar.by/vi/1054968409,2.0,260,143.0,122.2,,3,5,15.0,23.0,,2012.0,22,27.556836,53.910325,"Сторожовская ул, 6, Минск",ООО ВСП недвижимость-Инвест
1073583541,2026-07-23T13:15:05Z,Сдам квартиру на длительный срок,"Свободна с 11 августа!!!  Цена  указано для семейной пары или двух человек. 

Сдается просторная и светлая квартира с отличной планировкой: две полноц",650.0,1916.2,False,https://re.kufar.by/vi/1073583541,3.0,120,60.0,,,1,1,5.0,8.0,3,,23,27.568775,53.920725,"Веры Хоружей ул, 21, Минск",Ирина
1078272918,2026-07-23T13:01:52Z,Квартира-студия в Минск Мире,"С 22 сентября сдаётся уютная студия в Минск Мире, в квартире есть всё для комфортного проживания.
В 5 минутах ходьбы метро Аэродромная и ТЦ Авиамолл.",508.82,1500.0,False,https://re.kufar.by/vi/1078272918,2.0,170,31.0,,,3,5,16.0,25.0,,,28,27.549147,53.863402,"Игоря Лученка ул, 24, Минск",Татьяна
1078255637,2026-07-23T11:52:18Z,Евродвушка в лебяжьем,"Сдам на месяц и более евродвушку в Лебяжьем
Август такая цена, далее договорная  

Предоставляю все для комфортного проживания, в том числе полотенца",1600.0,4716.8,False,https://re.kufar.by/vi/1078255637,2.0,210,48.0,,,1,10,1.0,9.0,,2021.0,22,27.465253,53.936555,"Княгининская ул, 6, Минск",Мария
1078255413,2026-07-23T11:49:55Z,Квартира в аренду,"Сдаётся уютная квартира с качественным ремонтом в Лебяжем, все вопросы, которые вас интересуют можете задать по телефону или написать",600.0,1768.8,False,https://re.kufar.by/vi/1078255413,4.0,,50.0,,,1,1,9.0,,,,22,27.465927,53.93955,"Мястровская ул, 24, Минск",Вадим
1077865879,2026-07-23T10:43:10Z,Сдать квартиру,Сдам двухкомнатную квартиру на длительный срок,550.0,1621.4,False,https://re.kufar.by/vi/1077865879,,230,64.0,,,,,12.0,24.0,,,27,27.604986,53.863694,"Рокоссовского пр, Минск",Денис
1078242131,2026-07-23T10:30:50Z,Квартира ЦЕНТР ГОРОДА ЯКУБА КОЛОСА ДВУШКА,"Отличная уютная квартира, 5 минуты до метро ЯКУБА КОЛОСА . 
Беломорская 9 
Рядом магазины и всё необходимое под рукой. ЦЕНТР ГОРОДА. Возможна сдача ко",600.0,1768.8,False,https://re.kufar.by/vi/1078242131,3.0,120,34.0,,,3,1,5.0,5.0,2,,23,27.5860983959937,53.92238834054737,"переулок Якуба Коласа, 5, Минск",In
1078238015,2026-07-23T09:24:22Z,Квартира,"Сдам на длительный срок  двухкомнатную квартиру. Квартира теплая, на солнечной стороне. Новый ремонт. Сигнализация. Космос ТВ. Отличная транспортная д",576.66,1700.0,False,https://re.kufar.by/vi/1078238015,,240,43.4,,5.7,1,5,3.0,5.0,4,1964.0,25,27.614041,53.904066,"Менделеева ул, 19, Минск",Ирина
1073470464,2026-07-23T09:02:41Z,Аренда офис-квартира (склад) на длительный срок,"Сдается в длительную аренду квартира строительной отделки (100,7 кв.м). Можете сделать какой вам нравиться ремонт для жизни или обустроить как офис дл",508.82,1500.0,False,https://re.kufar.by/vi/1073470464,,,100.7,94.1,,1,15,13.0,18.0,,,29,27.475934,53.848154,"Дзержинского пр, 123, Минск",Яна
1078223601,2026-07-23T07:28:43Z,Сдается 2-я комнатная квартира,"От собственника сдается 2-я комнатная квартира на длительный срок. В квартире есть все необходимое для комфортного проживания: мебель, бытовая техника",600.0,1768.8,False,https://re.kufar.by/vi/1078223601,,230,49.4,34.7,5.6,3,5,5.0,5.0,1,1971.0,27,27.611373,53.858697,"Рокоссовского пр, 107, Минск",Виктор
1078194547,2026-07-23T05:36:28Z,Сдам квартиру,Сдам по договору на длительный срок отличную квартиру с видом на парк Челюскенцев. Я собственник. Не агенство или посредник. Квартира очень светлая и,777.0,2290.6,False,https://re.kufar.by/vi/1078194547,4.0,,52.0,,15.0,3,10,6.0,21.0,2,2024.0,24,27.624321441357772,53.92365748553052,"Макаёнка ул, 12Е, Минск",Алексей
1078188102,2026-07-23T05:35:26Z,Квартира,Сдаю квартиру студию для порядочных людей без животных,500.0,1474.0,False,https://re.kufar.by/vi/1078188102,2.0,145,30.0,28.0,5.0,3,5,,,2,2024.0,27,27.578657,53.843522,"Станислава Монюшко ул, Минск",галя
1078167856,2026-07-22T18:01:28Z,Сдам квартиру-студию 35м  МИНСК-МИР НОВАЯ,"На сообщения не отвечаю. Звоните! 
Новая квартира в ЖК Минск мира.
Сдается с 25 августа ! 
- Дом Баку
- сдаёт собственник
- метро аэродромная в шагово",500.0,1474.0,False,https://re.kufar.by/vi/1078167856,4.0,170,35.0,25.0,,2,10,15.0,21.0,10,2022.0,28,27.541206,53.869693,"Белградская ул, 6, Минск",Sergey
1078166906,2026-07-22T18:00:03Z,Сдам квартиру,"Сдается уютная квартира-студия в центре Минска (м. Грушевка)

Сдается на любой срок: от 1 месяца, на квартал или длительный период!
Условия и стоимост",1200.0,3537.6,False,https://re.kufar.by/vi/1078166906,5.0,55,45.0,33.0,12.0,1,5,3.0,9.0,5,2014.0,29,27.51864,53.880894,"Щорса ул, 1, Минск",Сергей
1078164694,2026-07-22T17:22:45Z,"Квартира ЖК «Каскад»  3-ех комнатная, 2 этаж","Сдадим свою квартиру для семьи ( можно с животными ) 
Есть все для уюта , 
комнаты раздельные 
Детская в дальнем углу 
Два сан узла 
Кондиционер 
Отде",1200.0,3537.6,False,https://re.kufar.by/vi/1078164694,3.0,110,95.0,,,1,10,2.0,20.0,,,30,27.517427,53.90997,"Скрыганова ул, 4А, Минск",Татьяна
1066955313,2026-07-22T17:19:17Z,4-х комнатная квартира в Сухарево,"Предлагаем уютную квартиру с продуманной планировкой - 3 спальни, гостиная, столовая, кухня, просторная ванная, лоджия, гардеробная. Окна выходят на д",600.0,1768.8,False,https://re.kufar.by/vi/1066955313,5.0,265,101.0,90.0,25.0,1,5,4.0,9.0,1,1996.0,30,27.435988457980116,53.88480517642004,"Сухаревская ул, 13, Минск",Полина
1078149526,2026-07-22T15:40:46Z,Сдам 1-комнатную квартиру рядом с м.Малиновка,"Сдам 1-квартиру в которой есть: три шкафа, два спальных места, большой новый холодильник, микроволновка, чайник, телевизор на кухне, две сушилки. Комн",549.0,1618.45,False,https://re.kufar.by/vi/1078149526,2.0,30,40.6,17.2,9.2,3,1,5.0,9.0,1,2007.0,29,27.480419544766185,53.850408787730245,"Яна Чечота ул, 9, Минск",Анна
1075100711,2026-07-22T15:36:59Z,"Сдается 2-ая квартира по ул. Левкова, д. 13 Минск","Сдается уютная 2х-комнотная квартира по адресу г. Минск, ул. Левкова, д.13. В квартире необходимая мебель, бытовая техника. На площадке 4 квартиры. со",593.62,1750.0,False,https://re.kufar.by/vi/1075100711,2.0,,47.0,29.0,6.0,3,1,6.0,9.0,1,1997.0,28,27.557115,53.879408,"Левкова ул, 13, Минск",Антонина
1078148294,2026-07-22T15:31:19Z,Сдается стильная квартира с отдельной спальней и гардеробной по адресу Аэродромная 30.,"Сдается стильная квартира с отдельной спальней и гардеробной по адресу Аэродромная 30.
 
-Студия + отдельная спальня (двуспальная кровать).

- Светлая",700.0,2063.6,True,https://re.kufar.by/vi/1078148294,,170,40.0,32.2,,3,,12.0,25.0,2,2020.0,28,27.552534,53.871284,"Аэродромная ул, 30, Минск",ООО ''Риэлтерский центр Столицы''
1078144409,2026-07-22T14:47:51Z,Квартира сдача,"Сдается 1 комнатная квартира. 5мин метро Уручье. Чистая, после обновленного ремонта, на длительный срок по договору приблизительно с сентября . Без до",474.9,1400.0,False,https://re.kufar.by/vi/1078144409,2.0,280,33.0,18.0,7.5,1,5,6.0,9.0,1,1989.0,24,27.677929,53.946657,"Городецкая ул, Минск",Елена
1074178029,2026-07-22T14:42:53Z,"Минск, Ратомская ул., д.34, аренда: 3-ком. квартир","Потолки 3м, просторная гостиная, совмещенная с зоной столовой и кухней. 2 спальни, 2 сан. узла, 2 лоджии. 
Квартира полностью готова для проживания. С",2544.1,7500.0,True,https://re.kufar.by/vi/1074178029,,140,100.1,69.0,,4,10,3.0,6.0,,2019.0,22,27.451868,53.939434,"Ратомская ул, 34, Минск",ООО ''7 этажей''
1076046175,2026-07-22T14:04:48Z,"Аренда 2-комнатной квартиры, Брилевская 10",Сдается квартира в центре города с двумя раздельными комнатами по адресу: ул. Брилевская 10. Квартира расположена на комфортном втором этаже из трех(к,430.0,1267.64,True,https://re.kufar.by/vi/1076046175,,,43.83,29.08,5.37,1,,2.0,3.0,3,,28,27.531639,53.877804,"Брилевская ул, 10, Минск",ООО Центр недвижимости ГАЛАКТИКА
1078131381,2026-07-22T12:53:06Z,БЕЗ КОМИССИИ ДЛЯ НАНИМАТЕЛЯ.,"Без комиссии для нанимателя!

В стоимость аренды включено машиноместо в подземном паркинге.

3‑комнатная квартира в престижном районе столицы, рядом с",1500.0,4422.0,True,https://re.kufar.by/vi/1078131381,,,140.0,,,4,,2.0,6.0,,2011.0,22,27.527228,53.913789,"Грибоедова ул, 5, Минск",ООО ''Риэлтерский центр Столицы''
1078129467,2026-07-22T12:34:55Z,4х комнатная квартира в центральном районе,"Сдается светлая 4-комнатная квартира в центре Минска!

Адрес: Сморговский тракт, 3 (Центральный район).

Просторная квартира для комфортной жизни боль",1300.0,3832.4,True,https://re.kufar.by/vi/1078129467,8.0,,92.0,87.0,35.0,1,5,11.0,,2,2017.0,22,27.55036,53.930019,"Сморговский тракт, 3, Минск",ООО НовиконАвто
1073071979,2026-07-22T11:44:02Z,Уютная 4-комнатная квартира возле парка,"СДАЕТСЯ  просторная  4-комнатная квартира с  3 раздельными комнатами  в престижном ЖК «Vogue» по адресу: ул.Макаенка, 12В, в одном из самых престижных",1105.83,3260.0,True,https://re.kufar.by/vi/1073071979,,,80.0,62.0,14.0,3,5,8.0,18.0,10,2019.0,24,27.625773,53.923742,"Макаёнка ул, 12В, Минск",Бюро Городской Недвижимости
1078119846,2026-07-22T11:31:14Z,Студия с клубными привилегиями в ЖК Северный Берег,"Сдается светлая студия 42,2 м² в современном премиальном комплексе «Северный Берег». Это не просто квартира, а пространство для жизни с характером — д",800.0,2358.4,True,https://re.kufar.by/vi/1078119846,,,43.0,37.2,,1,,3.0,7.0,,2024.0,23,27.568291,53.962048,"Виталия Цвирко ул, 74, Минск",ООО ''Риэлтерский центр Столицы''
1078112747,2026-07-22T11:27:16Z,Сдам 3х комнатную АКТУАЛЬНО С 14.08,"АКТУАЛЬНО С 14.08

Сдам 3х комнатную квартиру по адресу Лобанка 52 

550+коммунальные платежи+налог за сдачу 3х комнат

По квартире
-фиксированный инт",550.0,1621.4,False,https://re.kufar.by/vi/1078112747,5.0,125,67.0,,,1,5,9.0,10.0,1,,30,27.430849491229846,53.89696909305461,"Лобанка ул, 52, Минск","Ольга, Лобанка 52, гп Михановичи"
1078118490,2026-07-22T11:16:52Z,"Снять 3-комнатную квартиру, г. Минск, ул. Кальварийская, 16","Эксклюзивная 3-комнатная квартира в ЖК «Парус»
г. Минск, ул. Кальварийская, 16

Предлагается в долгосрочную аренду роскошная дизайнерская квартира в о",1900.0,5601.2,True,https://re.kufar.by/vi/1078118490,,,82.0,53.6,,2,5,17.0,30.0,,2015.0,30,27.532564,53.90674,"Кальварийская ул, 16, Минск",ООО Результативная недвижимость
1078111726,2026-07-22T10:10:44Z,"Аренда 3 кв. по пр.Независимости,174","С 18.08 актуальна трёхкомнатная квартира по адресу: проспект Независимости, дом 174. 
Смотреть квартиру можно также с 18.08!!! 
Квартира полностью уко",700.0,2063.6,True,https://re.kufar.by/vi/1078111726,,280,63.3,43.5,7.2,3,,5.0,9.0,1,1990.0,24,27.690271,53.944286,"Независимости пр, 174, Минск",Агентство недвижимости Юриэлт в Минске
1078111380,2026-07-22T10:07:09Z,Дизайнерская студия в Минск Мир,"Делалось для себя, все продумано до мелочей, хороших арендаторов на долгосрок",900.0,2653.2,False,https://re.kufar.by/vi/1078111380,2.0,170,30.0,,,3,10,6.0,15.0,10,2021.0,28,27.530282,53.869794,"Михаила Савицкого ул, 1, Минск",Александр
1078110340,2026-07-22T09:55:21Z,Квартира 3-комнатная в аренду,"19/19 , 86 кв.м.
три комнаты
огромный балкон с местами для хранения, кладовка
кухня со встроенной техникой, вся мебель,
теплые полы

район ПВТ 
больша",700.0,2063.6,False,https://re.kufar.by/vi/1078110340,4.0,,86.0,60.0,10.0,3,10,19.0,19.0,,2015.0,24,27.698393,53.927628,"Франциска Скорины ул, 41, Минск",Mar
1069049353,2026-07-22T08:56:58Z,"Аренда 4-комнатной квартиры, ул. Скрипникова 35","Квартира для семьи. Просторная, очень светлая и уютная квартира с качественным ремонтом по ул. Скрипникова 35.
Идеальное расположение рядом с зеленой",746.27,2200.0,True,https://re.kufar.by/vi/1069049353,,,94.9,58.4,11.3,4,5,7.0,9.0,4,2006.0,30,27.422413,53.89449,"Скрипникова ул, 35, Минск",ОДО Старый Стиль
1075478476,2026-07-22T07:34:11Z,"Минск, Кальварийская, 2","Сдается отличная светлая 2-х комнатная квартира в самом центре города В квартире выполнен качественный современный ремонт. Два больших шкафа-купе,встр",678.43,2000.0,True,https://re.kufar.by/vi/1075478476,,,54.0,33.9,7.4,1,,6.0,9.0,3,1965.0,22,27.540227,53.905758,"Кальварийская ул, 2, Минск","ООО ""Группа компаний Эксклюзив"""
1078086697,2026-07-22T06:27:14Z,"Снять 2-комнатную квартиру, г. Минск, ул. Ратомская, 7","С 8 августа сдаётся стильная и светлая евродвушка в микрорайоне Лебяжий по адресу: ул. Ратомская 7!
 
Дизайнерский ремонт из дорогостоящих материалов.",746.27,2200.0,True,https://re.kufar.by/vi/1078086697,,210,42.6,32.5,,3,5,9.0,15.0,,,22,27.459809,53.942195,"Ратомская ул, 7, Минск","ООО ""Резалт Недвижимость"""
1078051787,2026-07-22T05:16:14Z,Элитная 4 комнатная квартира в престижном районе Маяк Минска,"Элитная квартира полностью укомплектована всем необходимым. 2 сан узла. Импортная бытовая техника, кондиционер, консьерж, 4 лифта. Вид на национальную",1400.0,4127.2,False,https://re.kufar.by/vi/1078051787,4.0,325,84.0,78.0,14.0,2,5,8.0,25.0,10,2017.0,24,27.654097,53.927655,"Петра Мстиславца ул, 3, Минск",Алекс
1078051393,2026-07-22T05:13:56Z,Аренда квартиры на Воронянского,"Светлая квартира, со свежим ремонтом, просторная, окна выходят на стадион, шума нет ни с улицы, ни от соседей. Рядом метро Ковальская Слобода (3-5 мин",559.7,1650.0,False,https://re.kufar.by/vi/1078051393,4.0,15,57.3,33.5,9.5,3,5,2.0,12.0,3,1999.0,28,27.553432,53.876122,"Воронянского ул, 50к4, Минск",Анастасия
1072092973,2026-07-21T19:34:38Z,Сдаю квартиру,"Сдается впервые! Новая квартира на Брилевской, 25 (ЖК «Минск Мир», дом «Ча-ча-ча»). Собственник. Ищем порядочных жильцов на длительный срок (от 1 года",678.43,2000.0,True,https://re.kufar.by/vi/1072092973,3.0,170,45.0,25.0,10.0,3,5,23.0,25.0,10,2024.0,28,27.528611,53.872491,"Брилевская ул, 25, Минск",И.П. Токарев В.В
1078044749,2026-07-21T19:00:13Z,Квартира у парка Челюскинцев,"С 25 августа сдается 2х комнатная квартира в 4 минутах ходьбы от метро “Парк Челюскинцев» , 56 кв метров. Свежий ремонт, заменены все коммуникации, ст",720.0,2122.56,False,https://re.kufar.by/vi/1078044749,3.0,,56.1,31.0,13.4,1,5,3.0,4.0,3,1956.0,24,27.607753,53.925322,"Калинина ул, 8, Минск",Николя
1068850932,2026-07-21T17:54:27Z,Аренда на длительный срок,"Сделан полностью ремонт, ещё не обжит. Официально, договор, собственник, прописан 1 человек. Без животных. Только на длительный срок. Иностранных граж",600.0,1768.8,False,https://re.kufar.by/vi/1068850932,,,41.0,25.0,6.0,1,1,3.0,5.0,1,1968.0,22,27.553719518896433,53.92261266201697,"Веры Хоружей ул, 37, Минск",Анна
1078033035,2026-07-21T16:51:56Z,Сдаём 3-комнатную квартиру. Ул. Максима Танка 30,"Сдаём трёхкомнатную квартиру с мебелью на длительный срок.
Ул. Максима Танка, 30. 2-ой этаж. Рядом станция метро Фрунзенская (Юбилейная площадь).
Звон",678.43,2000.0,False,https://re.kufar.by/vi/1078033035,,90,51.0,,,4,1,2.0,9.0,3,,22,27.533175,53.907801,"Максима Танка ул, Минск",Екатерина
1078024086,2026-07-21T15:44:52Z,"Аренда 2 кв. по пр.Дзержинского,23","ПЕРВОЕ ЗАСЕЛЕНИЕ!
Сдается просторная, светлая 2-комнатная квартира в престижном доме по адресу: пр-т Дзержинского, 23!

Сдается на длительный срок пор",850.0,2505.8,True,https://re.kufar.by/vi/1078024086,,55,80.0,37.8,15.2,3,,8.0,13.0,2,2013.0,29,27.507797,53.882454,"Дзержинского пр, 23, Минск",Агентство недвижимости Юриэлт в Минске
1078017402,2026-07-21T14:31:23Z,"Квартира на Каменной горке, 1 минута до метро","Сдам двухкомнатную квартиру на длительный срок студентам, резидентам РБ, от подъезда до метро - 100 шагов. Зимой не холодно, окна не продувает.",440.98,1300.0,False,https://re.kufar.by/vi/1078017402,2.0,130,47.0,35.0,6.0,3,20,7.0,,1,1987.0,30,27.438789,53.908347,"Притыцкого ул, 136, Минск",Даниил
1078014615,2026-07-21T14:03:55Z,Сдача квартиры на длительный срок,"Описание
Сдается 1,5-комнатная/ квартира по ул. Кульман д.24. Шестой этаж
Квартира в хорошем состоянии.
Мебель - частично, кухня, застекленная лоджия",407.06,1200.0,False,https://re.kufar.by/vi/1078014615,,120,38.2,21.4,7.2,1,1,6.0,9.0,,,23,27.576779,53.924299,"Кульман ул, 24, Минск",Дмитрий
1078013065,2026-07-21T13:45:50Z,Однокомнатная квартира,Просторная и уютная однокомнатная квартира в современном доме! Идеальный вариант для комфортной жизни: предлагается к сдаче светлая однокомнатная квар,678.43,2000.0,False,https://re.kufar.by/vi/1078013065,1.0,65,43.2,17.8,9.0,1,5,5.0,9.0,1,2011.0,30,27.455228,53.922819,"Аладовых ул, 15, Минск",Анна
1078008669,2026-07-21T12:56:17Z,Аренда квартиры,"Сдается на длительный срок двухкомнатная квартира после ремонта, никто не проживал. В квартире полностью оборудована кухня, за исключением холодильник",712.35,2100.0,False,https://re.kufar.by/vi/1078008669,,,61.8,27.9,12.6,3,10,9.0,9.0,1,2006.0,30,27.420921,53.893524,"Скрипникова ул, 25, Минск",Юлия
1078005993,2026-07-21T12:33:12Z,"Снять 2-комнатную квартиру, г. Минск, просп. Дзержинского, 15","Без животных. Сдаётся иностранным студентам
Сдаётся светлая и просторная квартира в прекрасном районе. В квартире есть всё необходимое для комфортного",576.66,1700.0,True,https://re.kufar.by/vi/1078005993,,55,42.7,33.0,,3,5,4.0,19.0,,,29,27.52041,53.886934,"Дзержинского пр, 15, Минск","ООО ""Резалт Недвижимость"""
1078002938,2026-07-21T12:20:16Z,"Снять 3-комнатную квартиру, г. Минск, ул. Берута, 11/А","Квартира актуальна для заселения с сентября!

Уникальная по планировке, большая квартира с качественным ремонтом вблизи метро.

Главные плюсы квартиры",1017.64,3000.0,True,https://re.kufar.by/vi/1078002938,,290,102.2,73.1,,4,5,12.0,14.0,,,30,27.507025,53.901812,"Болеслава Берута ул, 11А, Минск","ООО ""Резалт Недвижимость"""
1077999645,2026-07-21T11:57:31Z,"Снять 2-комнатную квартиру, г. Минск, ул. Лучины, 24","Уютная 2-комнатная квартира в Лошице на длительный срок

Сдается просторная и уютная двухкомнатная квартира в одном из самых комфортных для жизни райо",508.82,1500.0,True,https://re.kufar.by/vi/1077999645,,145,67.4,41.9,8.8,3,5,9.0,9.0,,,27,27.57686,53.837673,"Янки Лучины ул, 24, Минск","ООО ""Резалт Недвижимость"""
1077998500,2026-07-21T11:50:04Z,"Сдаётся 2к квартира с видом на сквер, Р-н Комаровка, до м.Я.Коласа 9мин, первое заселение, все новое","Риэлторам не беспокоить!
Сдаётся 2к квартира с видом на сквер, Район Комаровка, до м.Я.Коласа 9мин, до комаровского рынка 3-4 мин.  ул. Куйбышева, 61/",599.0,1765.85,False,https://re.kufar.by/vi/1077998500,2.0,120,41.0,,,1,10,4.0,5.0,,,23,27.570482,53.919394,"Куйбышева ул, 61к3, Минск",Сергей
1077997781,2026-07-21T11:42:14Z,"Снять 3-комнатную квартиру, г. Минск, ул. Хоружей, 10/1","Сдаётся просторная 3-комнатная квартира в самом сердце города — у Комаровского рынка!. Квартира готова к  заселению с 6 сентября. 
Хотите жить в центр",610.58,1800.0,True,https://re.kufar.by/vi/1077997781,,120,69.2,41.3,9.8,4,5,15.0,16.0,,,23,27.574524,53.920216,"Веры Хоружей ул, 10к1, Минск","ООО ""Резалт Недвижимость"""
1077997060,2026-07-21T11:34:47Z,"Снять 3-комнатную квартиру, г. Минск, ул. Коласа, 55/1","Сдается уютная квартира на длительный срок.
Есть все необходимое для комфортного проживания. В квартире также есть бойлер

Общая площадь квартиры - 10",607.19,1790.0,True,https://re.kufar.by/vi/1077997060,,,103.8,84.6,10.9,4,1,3.0,4.0,,,23,27.600333,53.93241,"Якуба Коласа ул, 55к1, Минск","ООО ""Резалт Недвижимость"""
1077992208,2026-07-21T10:43:53Z,сдается квартира,"сдам самостоятельной женщине, работающей, беларуске, возможно, с ребенком (студентом)",0.0,0.0,False,https://re.kufar.by/vi/1077992208,2.0,,32.0,,,2,22,1.0,2.0,3,1961.0,29,27.511355,53.889555,"Розы Люксембург ул, 130, Минск",Лариса
1077987041,2026-07-21T09:55:00Z,Сдается 3-комнатная квартира ст. м. Немига,"ТОЛЬКО ЗВОНИТЬ/ПИСАТЬ ПО НОМЕРУ ТЕЛЕФОНА!

Сдается на длительный срок уютная трехкомнатная квартира в самом центре Минска. Напротив ТЦ Галерея, дворец",700.0,2063.6,False,https://re.kufar.by/vi/1077987041,,90,68.0,,9.2,,,,,3,1997.0,22,27.54585,53.90753,"Обойная ул, 4к1, Минск",Оксана Петровна
1077986901,2026-07-21T09:53:15Z,"Снять 1-комнатную квартиру, г. Минск, ул. Сторожовская, 8","Светлая, просторная однокомнатная квартира в самом центре Минска. Уютная, тихая, полностью укомплектована всей техникой для долгосрочной жизни. Но гла",712.35,2100.0,True,https://re.kufar.by/vi/1077986901,,260,36.6,17.1,6.5,3,5,7.0,12.0,,,22,27.555453,53.912972,"Сторожовская ул, 8, Минск","ООО ""Резалт Недвижимость"""
1077982835,2026-07-21T09:06:27Z,Сдаётся евротрешка с 26 августа гражданам РБ,"Дом находится в тихом центре, в шаговой доступности вся инфраструктура: все сетевые магазины, пвз WB и Ozon, поликлиника, школы, сады, парк Победы, Ко",600.0,1768.8,False,https://re.kufar.by/vi/1077982835,5.0,,70.0,37.0,18.0,3,5,1.0,5.0,3,,22,27.555157,53.926335,"Осипенко ул, 27, Минск",Дмитрий
1077982154,2026-07-21T08:58:35Z,Сдаётся двухкомнатная квартира,"Сдаётся двухкомнатная квартира, предпочтительно семьям из 2-4 человек, гражданам РБ. Только длительная аренда.
По вопросам звоните по указанному номер",373.13,1100.0,False,https://re.kufar.by/vi/1077982154,3.0,310,53.6,31.7,9.3,1,,,,,,26,27.69681073744689,53.84372525202674,"Ротмистрова ул, 44, Минск",Сергей
1077981070,2026-07-21T08:45:36Z,"Снять 3-комнатную квартиру, г. Минск, ул. Сухаревская, 56","Квартира будет актуальна для заселения с 19-20 августа!!!

Сдаётся большая, светлая и уютная 3-комнатная квартира в Фрунзенском районе по адресу: ул.",593.62,1750.0,True,https://re.kufar.by/vi/1077981070,,265,66.8,43.5,8.6,3,1,5.0,9.0,,,30,27.425269,53.889226,"Сухаревская ул, 56, Минск","ООО ""Резалт Недвижимость"""
1070695038,2026-07-21T08:45:01Z,"Минск, Академическая, 17","Аренда стильной 4-комнатной квартиры в центре Минска, ул. Академическая, 17

Предлагается в аренду просторная, светлая 4-комнатная квартира вместе с т",1672.32,4930.0,True,https://re.kufar.by/vi/1070695038,,5,159.5,99.3,26.2,,,1.0,10.0,,2003.0,24,27.601258,53.917432,"Академическая ул, 17, Минск","ООО ""Группа компаний Эксклюзив"""
1073319036,2026-07-21T08:45:01Z,"Минск, просп. Победителей, 27","Сдаётся в аренду современная квартира площадью 104 м² в одном из самых престижных жилых комплексов Минска — «Славянский Квартал». Новый дом, квартира",1691.32,4986.0,True,https://re.kufar.by/vi/1073319036,,90,99.0,49.8,13.9,3,,6.0,25.0,,2012.0,22,27.539831,53.911874,"Победителей пр, 27, Минск","ООО ""Группа компаний Эксклюзив"""
1077979902,2026-07-21T08:31:45Z,"Снять 2-комнатную квартиру, г. Минск, ул. Радужная, 11","Сдаётся стильная двухкомнатная квартира премиум-класса по адресу: ул. Радужная, 11.
Предлагается в аренду современная двухкомнатная квартира с дорогим",678.43,2000.0,True,https://re.kufar.by/vi/1077979902,,40,72.7,46.7,8.6,1,5,4.0,9.0,,,22,27.487621,53.932463,"Радужная ул, 11, Минск","ООО ""Резалт Недвижимость"""
1077978752,2026-07-21T08:19:39Z,"Снять 2-комнатную квартиру, г. Минск, ул. Захарова, 23","Сдается просторная квартира с дизайнерским ремонтом в Партизанском районе. 
В квартире есть все необходимое для комфортного проживания. В наличии такж",932.5,2749.0,True,https://re.kufar.by/vi/1077978752,,,59.4,40.9,10.6,1,5,2.0,4.0,,,25,27.579043,53.906199,"Захарова ул, 23, Минск","ООО ""Резалт Недвижимость"""
1077978608,2026-07-21T08:17:54Z,"Снять 3-комнатную квартиру, г. Минск, ул. Ржавецкая, 49","Сдается квартира в Центральном районе. Квартира укомплектована кухонной зоной и санузлом.
Имеется кухонный гарнитур, духовой шкаф с плитой, холодильни",1032.9,3045.0,True,https://re.kufar.by/vi/1077978608,,210,116.3,103.0,,3,5,6.0,6.0,,,22,27.457959,53.94069,"Ржавецкая ул, 49, Минск","ООО ""Резалт Недвижимость"""
1077977888,2026-07-21T08:10:18Z,"Снять 3-комнатную квартиру, г. Минск, просп. Дзержинского, 24","Сдаётся на длительный срок просторная  светлая трёхкомнатная квартира.

Отличное транспортное сообщение, в двух минутах ходьбы станции метро ""Грушевка",983.72,2900.0,True,https://re.kufar.by/vi/1077977888,,,101.0,63.2,14.1,1,5,16.0,20.0,,,29,27.517077,53.888282,"Дзержинского пр, 24, Минск","ООО ""Резалт Недвижимость"""
1077973888,2026-07-21T07:54:40Z,"Аренда 3-комнатной квартиры, Победителей 129","Работаем по факту!
Квартира в полной комплектации, 2 отдельные спальные комнаты, гостиная и кухня, обустроенная лоджия. Для хранения одежды оборудован",820.0,2417.36,True,https://re.kufar.by/vi/1077973888,,,63.4,36.2,10.3,3,,10.0,17.0,4,2015.0,22,27.46607,53.941017,"Победителей пр, 129, Минск",ООО Центр недвижимости ГАЛАКТИКА
1077967896,2026-07-21T07:12:04Z,"Снять 1-комнатную квартиру, г. Минск, ул. Радужная, 19","Квартира актуальна к заселению после 12 августа!

Сдаётся однокомнатная квартира по адресу Радужная около Минск-Арены на длительный срок! Великолепный",508.82,1500.0,True,https://re.kufar.by/vi/1077967896,,40,43.1,18.0,9.5,3,5,15.0,17.0,,,22,27.489633,53.933142,"Радужная ул, 19, Минск","ООО ""Резалт Недвижимость"""
1077967271,2026-07-21T07:02:46Z,"Снять 3-комнатную квартиру, г. Минск, ул. Червякова, 64",Сдаётся светлая и уютная 3-комнатная квартира в Центральном районе Минска! В квартире после ремонта никто не жил. Вся мебель и техника новые. Просторн,848.03,2500.0,True,https://re.kufar.by/vi/1077967271,,,76.8,47.3,10.4,3,5,3.0,9.0,,,22,27.548617,53.930788,"Червякова ул, 64, Минск","ООО ""Резалт Недвижимость"""
1077965754,2026-07-21T06:44:37Z,"Сдается 2-ая квартира по ул. Воронянского, д. 27 Минск","Сдается уютная 2х-комнотная квартира. 
В квартире необходимая мебель, бытовая техника.
Развитая инфраструктура: метро ст. Ковальская Слобода.
Просьба",586.84,1730.0,False,https://re.kufar.by/vi/1077965754,2.0,,60.0,50.0,7.0,1,1,3.0,9.0,1,2000.0,28,27.554905,53.87833,"Воронянского ул, 27, Минск",Владимир
1075738238,2026-07-21T05:12:26Z,Снять 1-комнатную квартиру ЖК ''Парк челюскинцев'',"Сдам 1-комн квартиру в ЖК ""Парк Челюскинцев"" с дизайнерским ремонтом. Квартира доступна к сдаче с 1 августа 2026 года.

Панорамные окна с видом на Пар",600.0,1768.8,False,https://re.kufar.by/vi/1075738238,2.0,,39.5,,,1,10,,5.0,2,,24,27.624237,53.922984,"Макаёнка ул, 12Ж, Минск",Наталья
1077925236,2026-07-20T19:39:35Z,Аренда квартиры,"Сдам квартиру в удобном месте квартиру, с хорошим ремонтом",600.0,1768.8,False,https://re.kufar.by/vi/1077925236,1.0,55,45.0,17.0,14.0,1,5,3.0,9.0,1,2013.0,29,27.524345283358684,53.88391986799058,"3-й Железнодорожный переулок, 10, Минск",Сергей
1077921740,2026-07-20T18:44:42Z,Сдам 1-комнатную квартиру,Рядом с метро сдается квартира на две койки. Предоплата и залог. Студентам не звонить.,451.15,1330.0,False,https://re.kufar.by/vi/1077921740,2.0,205,31.0,17.0,6.0,,,3.0,,,,30,27.492571,53.915231,"Матусевича ул, 1, Минск",Людмила
1077919001,2026-07-20T18:16:01Z,Сдаю 1-комнатную квартиру,Для длительный аренды хорошая однокомнатная квартира. Не беспокоить студентам и с животными. Предпочтение парам. Метро 3 остановки.,464.72,1370.0,False,https://re.kufar.by/vi/1077919001,2.0,160,29.0,16.0,5.0,2,,2.0,,,,30,27.500898,53.925926,"Чигладзе ул, 6к2, Минск",Алиса
1077918210,2026-07-20T18:06:53Z,Сдаю 1-комнатную квартиру,"Сдаю уютную 1-комнатную квартиру со всем необходимым для проживания. Не студентам, без животных. Агентам не беспокоить.",502.04,1480.0,False,https://re.kufar.by/vi/1077918210,2.0,205,32.0,16.0,6.0,2,,2.0,9.0,,,30,27.497422,53.91845,"Пушкина пр, 64, Минск",Elena
1077908977,2026-07-20T16:51:26Z,"Аренда 2-комнатной квартиры, Репина 4","РАБОТАЕМ ПО ФАКТУ 

Сдается 2 х комнатная квартира по адресу ул.  Репина 4 общ.пл. 59,7 кв.м.  Укомплектована всей необходимой техникой ( TV, стиральн",850.0,2505.8,True,https://re.kufar.by/vi/1077908977,,,57.9,52.2,,3,,7.0,10.0,4,2014.0,22,27.526445,53.912308,"Репина ул, 4, Минск",ООО Центр недвижимости ГАЛАКТИКА
1077908981,2026-07-20T16:51:25Z,"Аренда 2-комнатной квартиры, Топографическая 13","РАБОТАЕМ ПО ФАКТУ 

Сдается уютная светлая евродвушка по ул. Топографическая 13 общей площадью 45 кВ.м. Оборудована всем необходимым для комфортного п",570.0,1680.36,True,https://re.kufar.by/vi/1077908981,,,45.3,41.1,,3,,7.0,18.0,4,2016.0,23,27.606289,53.947975,"Топографическая ул, 13, Минск",ООО Центр недвижимости ГАЛАКТИКА
1063193087,2026-07-20T16:01:34Z,Уютная новая двушка м.Грушевка,"Сдается новая 2-комнатная квартира в доме 2023 года (Грушевка, ремонты завершены в доме). 

Можем рассмотреть вариант заселения на месяц

Квартира пол",950.0,2800.6,False,https://re.kufar.by/vi/1063193087,3.0,,65.0,56.0,,1,10,3.0,9.0,2,2023.0,29,27.504204,53.888966,"Розы Люксембург ул, 181, Минск",Настасья
1077898109,2026-07-20T15:26:06Z,Однокомнатная квартира,Сдаётся однокомнатная квартира,0.0,0.0,False,https://re.kufar.by/vi/1077898109,,160,33.5,,,2,,2.0,9.0,1,,30,27.487531,53.926361,"Михася Лынькова ул, 15В, Минск",Виктория
1077893711,2026-07-20T14:30:03Z,Койко-место в квартире,"Сдам койко-место в квартире. на сессию, вахту, командировку. Постельное белье предоставлю, кухня укомплектована. метро рядом, круглосуточный магазин ч",0.0,0.0,False,https://re.kufar.by/vi/1077893711,4.0,320,50.0,,,3,1,,,,,29,27.46696,53.863412,"Газеты Звязда пр, Минск",Марина
1077886198,2026-07-20T13:16:26Z,"Снять 2-комнатную квартиру, г. Минск, просп. Мира, 1","Сдается уютная квартира в ЖК Минск Мир. Первое заселение!
В квартире есть все для комфортного проживания. В наличии также: бойлер, 2 кондиционера, пос",661.47,1950.0,True,https://re.kufar.by/vi/1077886198,,170,44.1,39.7,,3,5,8.0,24.0,,,28,27.549991,53.869784,"Мира пр, 1, Минск","ООО ""Резалт Недвижимость"""
1076928049,2026-07-20T13:00:01Z,Стильная квартира в современном ЖК ''Северный Берег'' с паркоместом,Сдается стильная евродвухкомнатная квартира  в современном динамичном жилом комплексе Северный Берег - одном из самых перспективных районов города. Пр,1300.0,3832.4,True,https://re.kufar.by/vi/1076928049,3.0,,55.9,46.8,,3,10,5.0,7.0,10,2024.0,23,27.567499,53.962001,"Виталия Цвирко ул, 76, Минск",ООО ''АН Клевер''
1069134869,2026-07-20T12:50:28Z,"Аренда 2-комнатной квартиры, Розы Люксембург 151","ПЕРВОЕ ЗАСЕЛЕНИЕ!

Предлагается в аренду современная евро-двухкомнатная квартира  в одном из  престижных районов города Минска.

В квартире выполнен д",830.0,2446.84,True,https://re.kufar.by/vi/1069134869,,,45.3,40.2,,3,,8.0,9.0,4,2021.0,29,27.508381,53.889114,"Розы Люксембург ул, 151, Минск",ООО Центр недвижимости ГАЛАКТИКА
1077878019,2026-07-20T12:30:29Z,Сдаю 1-комнатную квартиру,Сдается 1 комнатная квартира со всеми удобствами.,440.98,1300.0,False,https://re.kufar.by/vi/1077878019,1.0,,30.0,17.0,6.0,2,,3.0,,,,30,27.499578,53.919998,"Ольшевского ул, 24, Минск",Елена
1077876598,2026-07-20T12:21:32Z,Квартира,"Сдаётся 2-х комнатная квартира, Минск, ул Осипенко., в шаговой доступности магазин, парки, озёра, кинотеатр.
Свободна с 20 -го Августа.БЕЗ ЖИВОТНЫХ!!!",498.64,1470.0,False,https://re.kufar.by/vi/1077876598,2.0,,45.0,,,1,,3.0,5.0,1,,22,27.555386604328298,53.92938063244276,Минск,Dzianis
1077863668,2026-07-20T10:14:10Z,Сдача в Аренду,"Сдаётся уютная квартира-студия в малоэтажном доме, в 5 мин ходьбы от м. Аэродромная и ТЦ АВИА-МОЛЛ. Оснащена всем необходимым для комфортного проживан",559.7,1650.0,False,https://re.kufar.by/vi/1077863668,2.0,170,32.5,30.8,,1,10,4.0,13.0,2,2025.0,28,27.541179,53.866609,"Игоря Лученка ул, 16, Минск",Наталья
1077852855,2026-07-20T08:05:24Z,Сдаю квартиру гражданам РБ,Агентам не беспокоить,550.0,1621.4,False,https://re.kufar.by/vi/1077852855,2.0,,43.0,42.0,6.0,1,5,3.0,4.0,4,,24,27.61707087571085,53.93401965737044,"Волгоградская ул, 27А, Минск",Елена
1077852364,2026-07-20T07:58:29Z,"Снять 3-комнатную квартиру, г. Минск, ул. Есенина, 31к1","Сдается на длительный срок 3-х комнатная квартира!

Квартира полностью укомплектована мебелью и бытовой техникой для комфортного проживания. 

3 спаль",712.35,2100.0,True,https://re.kufar.by/vi/1077852364,,150,73.0,39.5,9.0,1,5,3.0,10.0,1,1997.0,29,27.452506,53.849355,"Сергея Есенина ул, 31к1, Минск",ООО Результативная недвижимость
1077844581,2026-07-20T07:20:15Z,Сдам в аренду на долгий срок,Сдаю на длительный срок 1 комнатную квартиру после ремонта. Есть все необходимое для комфортного проживания. Квартира светлая. Современная новая бытов,450.0,1326.6,False,https://re.kufar.by/vi/1077844581,2.0,,30.0,,6.0,2,5,1.0,5.0,3,,25,27.604124,53.885363,"Олега Кошевого ул, 26, Минск",Анжелика
1075932608,2026-07-20T05:56:57Z,Аренда квартиры,"Трёхкомнатная квартира 82кв. Две изолированные комнаты. Большая гостиная совмещённая с кухней , большие раздельные санузлы. Квартира полностью укомпле",800.0,2358.4,True,https://re.kufar.by/vi/1075932608,,65,82.0,,,1,10,8.0,10.0,4,2013.0,30,27.45764853216003,53.917749418173855,"Матусевича ул, 64, Минск",ИП Авсянский Павел Александрович
1077797381,2026-07-20T05:24:52Z,НОВАЯ КВАРТИРА-СТУДИЯ МИНСК-МИР,"TEXT ME IN ENGLISH ONLY!!!

ЗАБРОНИТЬ - СКИДЫВАЕТЕ НЕВОЗВРАЩАЕМЫЙ ЗАЛОГ В РАЗМЕРЕ 10% ОТ ЕЖЕМЕСЯЧНОЙ СТОИМОСТИ (соответственно за мес доплатить остане",410.0,1208.68,False,https://re.kufar.by/vi/1077797381,2.0,170,31.0,,,3,5,12.0,,,,28,27.541216088679327,53.86965428384568,"Белградская ул, 6, Минск",DOESN'T MATTER
1077800703,2026-07-20T05:19:54Z,Сдаётся квартира,"Сдаётся двухкомнатная квартира, сдаётся только девушкам, женщинам, семейным парам только гражданам РБ.
По договору аренды.
В шаговой доступности магаз",508.82,1500.0,False,https://re.kufar.by/vi/1077800703,,,50.0,37.0,,1,1,1.0,5.0,1,,23,27.57951,53.925576,"Куйбышева ул, 83, Минск",ффффф
1077800456,2026-07-20T05:19:17Z,2 комн. кварт. в аренду на длит. срок,Сдам гражданам РБ уютную двухкомнатную квартиру в тихом и чистом районе. Пространство идеально продумано для жизни: в спальне установлена двуспальная,576.66,1700.0,False,https://re.kufar.by/vi/1077800456,5.0,40,57.7,31.1,9.5,1,5,3.0,19.0,1,2008.0,22,27.486075765943095,53.931499912973806,"Тимирязева ул, 80к2, Минск",Ао
1077196737,2026-07-19T18:17:57Z,Квартиры,"Трехкомнатная квартира с хорошим ремонтом и видом на парк .Есть детская площадка ,кинотеатр ,3 школы и детский сад.Также рядом поликлиника ,больница ,",746.27,2200.0,False,https://re.kufar.by/vi/1077196737,5.0,230,98.0,65.0,12.0,3,5,19.0,20.0,2,2011.0,27,27.61052,53.854809,"Рокоссовского пр, 150Б, Минск",Ульяна
1077776471,2026-07-19T16:27:07Z,Сдам 2-ух комнату квартиру на длительный срок,"Сдам двухкомнатную квартиру рядом с метро на длительный срок по договору, без животных и детей",550.0,1621.4,False,https://re.kufar.by/vi/1077776471,,,50.0,,,1,5,5.0,9.0,3,,27,27.584806469312817,53.88634152625706,"Партизанский пр, 7, Минск",Светлана
1033465222,2026-07-19T14:27:19Z,Долгосрочная аренда евротрешки Лазурит Победителей,"Сдается от собственника на длительный срок дизайнерская ЕвроТРЕШКА с шикарным ВИДОМ в ЖК ЛАЗУРИТ! ШИКАРНЫЙ ВИДОВОЙ БАЛКОН, ОКНА в комнате В ПОЛ! Полно",850.0,2505.8,False,https://re.kufar.by/vi/1033465222,2.0,,58.0,,,1,10,19.0,30.0,,2021.0,22,27.476994,53.936815,"Победителей пр, 115, Минск",Татьяна
1077762533,2026-07-19T14:00:24Z,Просторная квартира для семьи/студентов,"114 м², четыре полноценные комнаты, два санузла, большая кухня. Всё, что нужно для комфортной жизни

Квартира полностью готова к проживанию и отлично",1085.48,3200.0,False,https://re.kufar.by/vi/1077762533,4.0,55,114.0,76.0,14.0,3,,1.0,6.0,3,2007.0,29,27.526914,53.887056,"Грушевская ул, 15, Минск",Пётр
1077761481,2026-07-19T13:48:24Z,Сдается 3-комнатная квартира 3 нанимателям,Сдается 3-комнатная квартира (по одной изолированной комнате трем нанимателям 3*350=1050 дол. по 3 отдельным договорам с регистрацией) в историческом,1050.0,3095.4,False,https://re.kufar.by/vi/1077761481,3.0,,81.2,54.6,8.1,1,5,5.0,5.0,3,1964.0,27,27.554267,53.896204,"Карла Маркса ул, 8, Минск",Николай
1077759565,2026-07-19T13:32:11Z,2-комнатная квартира,"Сдается в долгосрочную аренду двухкомнатная квартира по ул.Московская, д.1 в кирпичном доме на втором этаже с идеальной локацией: сразу за ж/д вокзало",690.0,2034.12,False,https://re.kufar.by/vi/1077759565,3.0,,43.0,27.0,7.0,1,1,2.0,,3,1987.0,28,27.541314,53.890256,"Московская ул, 1, Минск",Мария
1077758358,2026-07-19T13:17:57Z,Квартира,"Сдаётся уютная квартира в новом доме, евродвушка, семейной паре",600.0,1768.8,False,https://re.kufar.by/vi/1077758358,2.0,170,40.7,,,3,10,4.0,25.0,10,2025.0,28,27.55455379462282,53.858342004248776,"Леонида Щемелёва ул, 30, Минск",Инна
1077757589,2026-07-19T13:08:37Z,Аренда 3-ех комнатной квартиры на Маяковского,"Сдается просторная, светлая и очень теплая 3-комнатная квартира для комфортной жизни. Отличный вариант для семьи или тех, кто ценит личное пространств",750.0,2211.0,False,https://re.kufar.by/vi/1077757589,3.0,,67.0,40.0,7.5,3,5,12.0,13.0,3,1986.0,27,27.569808,53.866773,"Маяковского ул, 154, Минск",Татьяна
1066483636,2026-07-19T12:59:52Z,Квартира,"Сдается стильная однокомнатна квартира с хорошим ремонтом .Сдаю на короткий срок от месяца до трех порядочным,без животных.
Входная дверь металическая",750.0,2211.0,False,https://re.kufar.by/vi/1066483636,2.0,,43.0,20.0,6.9,3,5,16.0,19.0,,2011.0,28,27.541745,53.881101,"Воронянского ул, 11, Минск",анжела
1077749580,2026-07-19T12:24:30Z,Поиск Квартиры,"ИЩЕМ КВАРТИРУ
ищем возможность снять квартиру 3-м студенткам(спортсменки, аккуратные, доброжелательные ) 
на срок с конца августа по начало июля.

не",500.0,1474.0,False,https://re.kufar.by/vi/1077749580,3.0,,50.0,40.0,12.0,2,1,7.0,10.0,3,2010.0,22,27.521658,53.935766,"Центральный район, Минск",Анастасия
1077748602,2026-07-19T12:22:27Z,Аренда 1-комнатной квартиры в центре Минска,"Сдается теплая и современная 1-комнатная квартира с качественным ремонтом по адресу: ул. Заславская, д. 11/2. Квартира полностью укомплектована качест",590.0,1739.32,False,https://re.kufar.by/vi/1077748602,2.0,90,35.0,17.0,7.5,3,5,2.0,9.0,1,,22,27.542086,53.909567,"Заславская ул, 11к2, Минск",Ксения
1077744146,2026-07-19T11:47:51Z,Сдается 1-ком. кв + машино-место (подземный паркинг),Сдается 1-ком.кв и машино-место в подземном паркинге на длительный срок. Новостройка в центре города в районе ул. Немига/Короля/К.Цеткин. Огороженная/,680.0,2004.64,False,https://re.kufar.by/vi/1077744146,2.0,,42.3,38.8,,1,5,6.0,9.0,10,2021.0,29,27.54329,53.900671,"Коллекторная ул, 8, Минск",Дмитрий
1077730753,2026-07-19T09:11:37Z,Сдается 3-х комнатная квартира на длительный срок,Трёхкомнатная квартира 82кв. Две изолированные комнаты. Большая гостиная совмещённая с кухней 38 кв.м . Квартира полностью укомплектована мебелью и те,800.0,2358.4,False,https://re.kufar.by/vi/1077730753,,65,82.0,49.1,,3,10,9.0,10.0,10,2014.0,30,27.457303,53.917729,"Матусевича ул, 64, Минск",Людмила
1077716792,2026-07-19T07:19:23Z,Аренда квартиры,"Сдам в аренду однокомнатную квартиру, студия 35м2, 1 этаж, новостройка, все новое, собственник 
Аренда + коммуналка + залоговая!

Просьба агентства НЕ",650.0,1916.2,False,https://re.kufar.by/vi/1077716792,,,35.0,25.0,9.0,2,5,1.0,10.0,3,2024.0,22,27.530013,53.916742,"Гастелло ул, 8, Минск",Нелли
1077715980,2026-07-19T07:05:30Z,недвижимость,микроволнвую печь. журнальный стол. шторы .,0.0,0.0,False,https://re.kufar.by/vi/1077715980,1.0,320,30.0,20.0,7.0,1,1,,,,,29,27.492966,53.871021,"Московский район, Минск",Татьянв
1077669959,2026-07-18T18:19:53Z,"Квартира для заочников, иностранных граждан","Сдам квартиру, возможно аренда по комнатам, также рассмотрю заочников и командировочным, ДОЛГОСРОЧНО НЕ СДАЕМ",254.41,750.0,False,https://re.kufar.by/vi/1077669959,2.0,,41.0,33.0,6.0,2,1,5.0,5.0,3,1988.0,27,27.591552926996485,53.888847480980054,"Стрелковая ул, Минск",Анастасия
1077669178,2026-07-18T17:22:20Z,4 комнатная квартира,"Сдается на долгий срок 4-комнатная квартира (Грушевская 15). Площадь 115 кв.м. Рядом метро Грушевка, Франтишка Богушевича. Вся инфраструктура в шагово",1100.0,3242.8,False,https://re.kufar.by/vi/1077669178,,55,115.0,,,4,,,,,,29,27.526914,53.887056,"Грушевская ул, 15, Минск",Петр
1077666077,2026-07-18T16:54:42Z,Квартира Мстиславца 18,Роскошные апартаменты (72 м²) с потолками 3.3м в ЖК «Маяк Минска» — Первая сдача! Сдается на длительный срок дизайнерская двухкомнатная квартира преми,1400.0,4127.2,False,https://re.kufar.by/vi/1077666077,2.0,325,73.0,,,3,5,11.0,11.0,,2020.0,24,27.651779,53.931641,"Петра Мстиславца ул, 18, Минск",Отправлю почтой и европочтой
1077656465,2026-07-18T15:39:11Z,Аренда квартиры на Минск-Мире,"Сдается шикарная квартира на любой срок, все обсуждается индивидуально в лс",500.0,1474.0,False,https://re.kufar.by/vi/1077656465,2.0,170,37.0,28.0,8.0,3,1,10.0,19.0,,2022.0,28,27.544661734533122,53.86855077191112,"Николы Теслы ул, 18, Минск",Олег
1077612517,2026-07-18T15:32:31Z,Сдам квартиру на длительный период,"От собственика! престижная 2-х комнатная квартира, 
Расположена в экологически чистом и современном районе Минска в 4 минутах езды от МКАДа, Дрозды
Ес",700.0,2063.6,False,https://re.kufar.by/vi/1077612517,4.0,40,65.0,40.0,12.9,4,5,9.0,19.0,1,2007.0,22,27.489633,53.933142,"Радужная ул, 19, Минск",Наталья
1076660266,2026-07-18T12:42:59Z,"Аренда 2 кв. по ул.Туровского,д.2 (ст.м.''Восток'')","Двухкомнатная квартира по адресу: ул. Кирилла Туровского, дом 2. Общая площадь квартиры – 67,8 кв. м.!!!
Квартира расположена в самой удобной локации",800.0,2358.4,True,https://re.kufar.by/vi/1076660266,,325,67.8,46.0,,3,,2.0,9.0,1,2015.0,24,27.653917,53.932323,"Кирилла Туровского ул, 2, Минск",Агентство недвижимости ''Юриэлт'' в Минске
1075409018,2026-07-18T12:41:32Z,"Аренда 2 кв. по пр.Независимости,д.13",Атмосферная «сталинка» на проспекте Независимости в знаковом для белорусов доме. Первое заселение. Квартира после ремонта и укомплектованная техникой.,1017.64,3000.0,True,https://re.kufar.by/vi/1075409018,,,60.0,31.6,10.5,1,,4.0,5.0,3,,29,27.552561,53.897728,"Независимости пр, 13, Минск",Агентство недвижимости ''Юриэлт'' в Минске
1077628617,2026-07-18T10:44:05Z,Аренда,"Сдается с 01. 09 однакомнатная квартира, стоимость без коммунальных. Прописан один человек.",407.06,1200.0,False,https://re.kufar.by/vi/1077628617,,105,53.0,,,3,5,3.0,,,,30,27.434271502991272,53.9140475040195,"Кунцевщина ул, 31, Минск",VVOWQ
1076785863,2026-07-18T09:54:30Z,2ух комнатная квартира с 27.08.2026,3 минуты до метро ст. Партизанская. Остановка общественного транспорта за домом. Отличное транспортное сообщение.  Сдается 2-ух комнатная квартира пос,700.0,2063.6,False,https://re.kufar.by/vi/1076785863,3.0,,55.0,35.0,9.0,3,1,2.0,,3,1970.0,26,27.631442,53.873611,"Партизанский пр, 56/2, Минск",Катрин
1068931469,2026-07-18T09:22:56Z,"Аренда 3-комнатной квартиры, Каховская 26","Работаем по факту 
Сдаётся  просторная 3 -х  комнатная квартира в центре города по ул.Каховская, 26 общ.пл. 95 кв м , с консьержем и видеонаблюдением",790.0,2328.92,True,https://re.kufar.by/vi/1068931469,,,94.6,55.9,11.9,3,,5.0,19.0,3,2006.0,22,27.550234,53.928822,"Каховская ул, 26, Минск",ООО Центр недвижимости ГАЛАКТИКА
1075430926,2026-07-18T09:21:57Z,"Аренда 1-комнатной квартиры, Кропоткина 61","Работаем по факту 

Сдается  1 комнатная квартира по ул. Кропоткина 61  в ЖК ""Фарфоровый"" с дизайнерским ремонтом. Укомплектована всей техникой ( TV,",650.0,1916.2,True,https://re.kufar.by/vi/1075430926,,,42.7,40.7,,1,,6.0,15.0,4,2023.0,22,27.556808,53.920368,"Кропоткина ул, 61, Минск",ООО Центр недвижимости ГАЛАКТИКА
1068931459,2026-07-18T09:20:40Z,"Аренда 3-комнатной квартиры, Независимости 39","РАБОТАЕМ ПО ФАКТУ

ЕСТЬ ЛИФТ!
Сдается 3-х комнатная  квартира на проспекте Независимости 39, в центре Минска общ. пл. 65,3 кв.м. Полностью оборудована",998.0,2942.1,True,https://re.kufar.by/vi/1068931459,,,65.3,46.3,8.4,2,,3.0,6.0,3,1950.0,22,27.576466,53.910133,"Независимости пр, 39, Минск",ООО Центр недвижимости ГАЛАКТИКА
1077574115,2026-07-18T07:07:30Z,Тимошенко 8. Аренда квартиры,Все для комфортного проживания. Owner speaks English,800.0,2358.4,False,https://re.kufar.by/vi/1077574115,,80,100.0,50.0,15.0,3,5,2.0,9.0,10,,30,27.461627585788538,53.90630827992223,"Тимошенко ул, 8, Минск",Miss
1076188241,2026-07-17T17:59:11Z,Студия в Минск Мире,Сдается студия в Минск Мире. В квартире есть все необходимое.,500.0,1474.0,False,https://re.kufar.by/vi/1076188241,2.0,170,29.0,10.0,,3,5,18.0,25.0,10,2021.0,28,27.5268908818006,53.86909524680442,"Брилевская ул, 35, Минск",Владимир
1077525207,2026-07-17T15:37:58Z,"Элитная 3-комнатная квартира в клубном ЖК «Парк-Сити» (ул. Жасминовая, 3Г)","Элитная 3-комнатная квартира в клубном ЖК «Парк-Сити» (ул. Жасминовая, 3Г)
Сдается на длительный срок просторная, светлая квартира в одном из самых пр",1800.0,5306.4,False,https://re.kufar.by/vi/1077525207,6.0,,88.4,75.2,10.0,3,5,6.0,6.0,3,2013.0,25,27.650567,53.926064,"Жасминовая ул, 3Г, Минск",Nelia
1077362355,2026-07-17T13:37:16Z,Квартира,1 мин. до метро. Готова к проживанию.,650.0,1916.2,False,https://re.kufar.by/vi/1077362355,,170,44.0,,,,,,,,,28,27.550322176648343,53.86855374406497,"Братская ул, 16, Минск",Марина
1068829406,2026-07-17T13:11:19Z,Сдаётся уютная 2-комнатная квартира в центре Минска,"Сдаётся 2-комнатная квартира в центре Минска
ул. Гикало, 24/2

40.5 м² | высокий 1 этаж | без балкона

Современная светлая квартира с хорошим ремонтом",670.0,1975.16,False,https://re.kufar.by/vi/1068829406,,,40.5,,,2,,1.0,5.0,3,,23,27.593272,53.910919,"Гикало ул, 24к2, Минск",Анна
1077488117,2026-07-17T12:56:12Z,Новая дизайнерская 1-комнатная квартира в ЖК ''Парк Челюскинцев'',"ПЕРВОЕ ЗАСЕЛЕНИЕ!

Сдается новая дизайнерская 1-комнатная квартира с шикарным видом на парк в ЖК ""Парк Челюскинцев"" по адресу: ул. Макаенка, д. 12Е.
В",800.0,2358.4,True,https://re.kufar.by/vi/1077488117,,,38.2,30.7,,3,,7.0,25.0,4,2021.0,24,27.624336,53.923603,"Макаёнка ул, 12Е, Минск",ООО Центр недвижимости ГАЛАКТИКА
1077488116,2026-07-17T12:56:11Z,"Уютная 3-комнатная квартира в закрытом жилом комплексе в аренду по адресу: ул. Жасминовая, д.3Г","Сдается уютная 3-комнатная в закрытом жилом комплексе клубного типа по адресу: ул. Жасминовая, 3Г.

Заселение с 20 августа, просмотр по согласованию в",1200.0,3537.6,True,https://re.kufar.by/vi/1077488116,,,83.3,75.2,,3,,6.0,6.0,4,2013.0,25,27.650566,53.926048,"Жасминовая ул, 3Г, Минск",ООО Центр недвижимости ГАЛАКТИКА
1077483272,2026-07-17T12:22:04Z,Сдам квартиру на длительный срок.,"Сдается в аренду стильная 2-комнатная квартира-студия в престижном ЖК Северный берег, по улице Виталия Цвирко. Идеальный вариант для тех, кто ценит ко",700.0,2063.6,False,https://re.kufar.by/vi/1077483272,2.0,,43.0,,,2,5,1.0,7.0,,2026.0,23,27.570212,53.965084,"Виталия Цвирко ул, 96, Минск",игорь
1074188760,2026-07-17T11:08:32Z,"Аренда 2-комнатной квартиры, Маяковского 100","Сдаётся просторная, современная двухкомнатная квартира. Расположена на 5 этаже 5-этажного дома, есть лифт. Территория огорожена. Для жильцов доступны",720.0,2122.56,True,https://re.kufar.by/vi/1074188760,,,69.3,48.6,10.2,3,,5.0,5.0,4,2009.0,27,27.568291,53.87352,"Маяковского ул, 100, Минск",ООО Центр недвижимости ГАЛАКТИКА
1077035216,2026-07-17T10:59:00Z,Студия с видом на реку Свислочь 3 минуты от метро Немига,"Шикарная студия 45кв2с 5ти метровой лоджией, с шикарным видом на реку Свислоч в 3х минутах от метро Немига и 2х минутах от тц Галерея. Дизайнерская ме",700.0,2063.6,False,https://re.kufar.by/vi/1077035216,3.0,,45.0,40.0,,3,10,5.0,7.0,3,,22,27.55097,53.90649,"Победителей пр, 3, Минск",Наталья
1077468643,2026-07-17T10:37:45Z,Сдам квартиру,"Сдается уютная, светлая квартира от собственника. Рядом метро Петровщина. Район с развитой инфраструктурой: торговый центр Титан, универмаг Кирмаш, ма",570.0,1680.36,False,https://re.kufar.by/vi/1077468643,,320,44.0,,,3,,12.0,25.0,2,,29,27.484567,53.866375,"Газеты Правда пр, 15, Минск",Тамара
1077462840,2026-07-17T10:10:08Z,Аренда,Сдам квартиру 1000 б. Р.,0.0,0.0,False,https://re.kufar.by/vi/1077462840,2.0,,36.0,27.0,7.0,2,1,,,1,1986.0,29,27.541763,53.901759,"Короля ул, 9А, Минск",Анна
1077461775,2026-07-17T09:54:59Z,2-к. квартира с новым евро-ремонтом у метро Грушевка,Сдается на длительный срок светлая и просторная  квартира евродвушка (изолированная спальня + кухня-гостиная) в одном из самых востребованных районов,576.66,1700.0,False,https://re.kufar.by/vi/1077461775,2.0,55,44.0,,,3,5,4.0,19.0,10,2019.0,29,27.52041,53.886934,"Дзержинского пр, 15, Минск",iryna
1077460948,2026-07-17T09:43:49Z,Двушка Аренда у метро Партизанская от собственника,"Внимание! Одна комната проходная!!!
От собственника сдается 2-ух комнатная квартира у метро.  Ст. м. ""Партизанская» (2 минуты пешком). Светлая сторона",470.0,1385.56,False,https://re.kufar.by/vi/1077460948,2.0,,46.0,27.0,6.1,3,1,3.0,4.0,3,1971.0,26,27.627175,53.873123,"Народная ул, 33, Минск",Ольга
1077458947,2026-07-17T09:17:15Z,Сдаются в аренду уникальные бизнес-апартаменты в доме «Несвижский замок»,"Сдаются в аренду уникальные бизнес-апартаменты в доме «Несвижский замок» — жемчужине нового квартала «Родная страна» в Минск Мире!

Апартаменты распол",257.8,760.0,True,https://re.kufar.by/vi/1077458947,,170,38.9,20.4,,1,20,3.0,16.0,10,2025.0,28,27.539741,53.860662,"Жореса Алфёрова ул, 22, Минск",ООО ''Оператор недвижимости ''Перспектива24-Развитие''
1077457374,2026-07-17T08:58:26Z,Аренда,"Молодая пара, ищем квартиру в аренду на 2 месяца, бюджет 1300р, работающие, вредный привычек нет, порядочные",0.0,0.0,False,https://re.kufar.by/vi/1077457374,,,35.0,,,,,,,,,26,27.611847048959362,53.87852684053564,"Партизанский пр, Минск",Николай
1073454797,2026-07-17T08:53:09Z,"2-комнатная квартира ул.П.Медёлки, д.5","Сдается уютная 2-комнатная квартира рядом с ЖК «Северный берег»
 ул. П. Медёлки, д. 5
2/9 этажного дома 2017 года постройки.
Общая площадь по СНБ - 68",807.33,2380.0,True,https://re.kufar.by/vi/1073454797,,180,68.4,33.1,,4,5,2.0,9.0,,,22,27.550988,53.955951,"Павлины Медёлки ул, 5, Минск",ООО МИР НЕДВИЖИМОСТИ ПРО
1077395334,2026-07-17T08:35:45Z,"Квартира 2-х комн(56кв. м),собственник ,полная комплектация, центр, метро Московская.","2-комн. квартира, собственник, центр, метро Московская, полная комплектация.",600.0,1768.8,False,https://re.kufar.by/vi/1077395334,3.0,,56.0,29.0,12.0,3,5,13.0,14.0,10,2014.0,24,27.634644711104162,53.92395319602071,"Филимонова ул, 49, Минск",Сергей
1077451220,2026-07-17T08:10:40Z,Евротрёшка в ЖК Каскад - первое заселение,"Евротрёшка в ЖК «Каскад» — Первое заселение!
Центр города, Минск, ул. Скрыганова (ЖК «Каскад»).
Метро «Молодёжная» — 3 минуты пешком.
Параметры: 19 эт",900.0,2653.2,False,https://re.kufar.by/vi/1077451220,2.0,110,72.1,52.1,,3,10,19.0,26.0,2,2017.0,30,27.51873,53.908686,"Скрыганова ул, 2Б, Минск",Евгений
1072538489,2026-07-17T07:41:13Z,Долгосрочная аренда,Современная уютная квартира с панорамным видом на Грушевский сквер и город с высокого 19 этажа. В квартире есть все для комфортного проживания и отдых,1000.0,2948.0,False,https://re.kufar.by/vi/1072538489,4.0,55,60.0,48.1,22.7,1,5,19.0,20.0,2,2018.0,29,27.518356720800764,53.886636225013966,"Дзержинского пр, 15, Минск","Наталья, Владимир"
1077410480,2026-07-17T05:23:53Z,"Однушка на длительный срок , с м. Могилевская","Сдам однушку недалеко от станции метро Могилевская , в квартире есть все необходимое для проживания кровать , диван ( спальных мест 2+2) , холодильник",630.0,1857.24,False,https://re.kufar.by/vi/1077410480,,10,43.0,25.0,9.0,1,1,7.0,9.0,1,,26,27.684334,53.885299,"Нестерова ул, 53к2, Минск",Екатерина Колесникова
1077401717,2026-07-16T18:38:01Z,Сдается двухкомнатная квартира в Серебрянке,"Сдается аккуратная квартира с ремонтом. Две комнаты. Развитое транспортное сообщение, скверы и канал для прогулок, до метро 10 минут на общественном т",550.0,1621.4,False,https://re.kufar.by/vi/1077401717,,230,51.0,,,3,5,5.0,9.0,1,,27,27.609397,53.862722,"Плеханова ул, 85, Минск",Анна
1077400602,2026-07-16T18:27:03Z,сдам 2-х комн. квартиру,"Сдается 2-х комнатная квартира на длительный срок, рядом станция метро Петровщина (7 минут пешком). Квартира располагается на 5-ом этаже 9-ти этажного",560.0,1650.88,False,https://re.kufar.by/vi/1077400602,2.0,320,61.7,44.0,9.9,1,1,5.0,9.0,3,2011.0,29,27.49037,53.870798,"Дзержинского пр, 78, Минск",виктория
1062948899,2026-07-16T16:21:27Z,"уже скоро -  2к.кв, ''На Грушевке'', длгср аренда, первое заселение","Граждане Китая могут оплачивать юанями через вичат или алипей.

По данным авторитетного издания ""booking и  studing"" (USA) стоимость аренды будет возр",800.0,2358.4,False,https://re.kufar.by/vi/1062948899,2.0,,44.0,40.0,11.0,3,10,5.0,19.0,10,2025.0,29,27.51131,53.886323,"Дзержинского пр, 32, Минск",Алексей Александрович Полещук
1077355853,2026-07-16T11:16:51Z,Аренда,Тамбур на две квартиры. Метро ковальская слобода пешком 1 минута.,600.0,1768.8,False,https://re.kufar.by/vi/1077355853,3.0,,53.6,42.3,8.0,3,5,2.0,9.0,1,2006.0,28,27.551006,53.878277,"Жуковского ул, 29, Минск",Ярослав
1077352835,2026-07-16T10:54:30Z,Квартира сдам,"Уручье, Метро в минуте от дома. Торговый центр Спектр, аптека, шаурма, продуктовый, мясной магазин, кристалл, альфа банк-все есть. Квартире все есть д",450.0,1326.6,False,https://re.kufar.by/vi/1077352835,2.0,280,43.0,33.0,10.0,1,10,4.0,12.0,10,2015.0,24,27.69241,53.945799,"Независимости пр, 168к3, Минск",Леонид
1077350101,2026-07-16T10:33:22Z,сдаю однокомнатную квартиру,"Сдается однокомнатная квартира после ремонта (первое заселение),  новая кухня, индукционная варочная поверхность, духовой шкаф, холодильник. В прихоже",508.82,1500.0,False,https://re.kufar.by/vi/1077350101,2.0,290,50.0,20.0,11.4,3,5,8.0,9.0,3,2005.0,30,27.514041,53.900544,"Харьковская ул, 58, Минск",Людмила
1061600625,2026-07-16T10:10:46Z,Сдача в аренду,Новая уютная евро двушка для комфортного проживания,650.0,1916.2,False,https://re.kufar.by/vi/1061600625,2.0,170,42.0,42.0,,3,5,12.0,15.0,10,2024.0,28,27.544628,53.865993,"экспериментальный многофункциональный комплекс Минск-Мир, Минск",Илона
1077344060,2026-07-16T09:19:12Z,Сдается 2-я квартира,"Сдается 2-х комнатная квартира во Фрунзенском районе г. Минска вблизи ст.метро Кунцевщина. Просторная, светлая, идеальные условия для комфортного прож",712.35,2100.0,False,https://re.kufar.by/vi/1077344060,,65,64.0,,,3,5,6.0,,10,2012.0,30,27.452434,53.918339,"Матусевича ул, 70, Минск",Светлана
1063186735,2026-07-16T09:07:36Z,Сдаю квартиру,"Квартира свободна с 10 сентябрю. 
Сдаю квартиру на месяц, два. Не более. Постоянно не сдаю. В квартире курить нельзя. Студентам, гостям столицы, коман",542.74,1600.0,False,https://re.kufar.by/vi/1063186735,2.0,170,29.0,,,3,5,,,2,2018.0,28,27.551788,53.868727,"Братская ул, 12, Минск",Александр
1077342290,2026-07-16T08:57:39Z,"Аренда 4-комнатной квартиры, Червякова 55","4k-квартира (107.6 м²) с сауной у Комсомольского озера

Сдается роскошная, просторная четырехкомнатная квартира с эксклюзивным дизайнерским ремонтом.",1200.0,3537.6,True,https://re.kufar.by/vi/1077342290,,,95.8,72.5,,3,,5.0,9.0,3,2010.0,22,27.548016,53.928719,"Червякова ул, 55, Минск",ООО Центр недвижимости ГАЛАКТИКА
1050852000,2026-07-16T07:35:35Z,Аренда в г.Минск для организаций,"Сдаётся 3-комнатная квартира в г.Минск ТОЛЬКО ДЛЯ ОРГАНИЗАЦИЙ (юр.лица)
Аренда от 15 дней, оплата по безналичному расчету с НДС, отчётные документы пр",0.0,0.0,True,https://re.kufar.by/vi/1050852000,7.0,305,62.0,,,,1,5.0,,,,26,27.632546,53.844749,"Ташкентская ул, 22к1, Минск",ООО Эра Комфорта
1077323818,2026-07-16T06:28:50Z,сдается в аренду евродвушка,"Сдаётся светлая просторная квартира с двумя спальнями и отличным ремонтом по улице Куйбышева 69. 
Общая площадь 97,2 м2. Тёплый и добротный дом, стату",1500.0,4422.0,False,https://re.kufar.by/vi/1077323818,,120,97.2,48.2,24.0,1,,10.0,10.0,3,2004.0,23,27.576020058860696,53.92105066585166,"Куйбышева ул, 69, Минск",Дмитрий
1077262534,2026-07-15T16:10:52Z,Аренда квартиры,"Сдается 2-х комнатная квартира, рядом находятся магазины, поликлиника, иная инфраструктура, удобнее расположение общественного транспорта.",500.0,1474.0,False,https://re.kufar.by/vi/1077262534,3.0,230,50.0,,,1,,7.0,9.0,1,1988.0,27,27.596722,53.868377,"Рокоссовского пр, 26, Минск",Галина
1077249338,2026-07-15T13:27:53Z,Трехкомнатная комфортабельная квартира в аренду,"Просторная и стильная трехкомнатная квартира расположена в Центре.
Аккуратный ремонт из дорогостоящих материалов, полностью укомплектована мебелью и в",1075.31,3170.0,True,https://re.kufar.by/vi/1077249338,3.0,,128.1,64.9,21.7,4,1,11.0,17.0,10,2010.0,23,27.588538,53.930613,"Леонида Беды ул, 2Б, Минск",ООО Авангард Недвижимость
1077248929,2026-07-15T13:22:18Z,Аренда 3-комнатная квартира,"Сдаётся на длительный срок 3-комнатная квартира (1 комната проходная). От собственника.
Можно студентам.
Можно с животными.
Уместен разумный торг при",700.0,2063.6,False,https://re.kufar.by/vi/1077248929,,260,70.0,,,2,20,2.0,4.0,3,1954.0,22,27.560645,53.913492,"Коммунистическая ул, 42, Минск",Виктория
1077230351,2026-07-15T11:05:07Z,Квартира в центре Минска,"Светлая, удобная, приятная, просторная квартира в центре. 2 мин от метро А.Наук. Коммунальные за счет арендатора. Добрые, порядочные хозяева.",800.0,2358.4,False,https://re.kufar.by/vi/1077230351,4.0,,60.0,,,1,5,4.0,5.0,3,1960.0,24,27.602677,53.922777,"Независимости пр, 83, Минск",Алексей
1077142451,2026-07-15T08:07:34Z,Квартира в аренду,"2-комнатную квартиру на длительный срок, Минск, ул. Старовиленская, 95 
Отличная локация (рядом Комаровка, развитая инфраструктура, транспортная досту",600.0,1768.8,False,https://re.kufar.by/vi/1077142451,,,65.0,55.0,8.0,1,1,2.0,,,2002.0,23,27.561274,53.92117,"Старовиленская ул, 95, Минск",Яна
1041312658,2026-07-15T07:09:46Z,"Минск, Платонова ул., д.23, Аренда: 4-ком. квартир","Квартира с террасой 250 м² в центре города 
- Светлая дизайнерская квартира на последнем, 19-м этаже современного дома в центре Минска
- Площадь кварт",2208.28,6510.0,True,https://re.kufar.by/vi/1041312658,,,475.5,119.2,38.8,4,10,19.0,19.0,,2014.0,23,27.593122392964,53.909266856697,"Платонова ул, 23, Минск",ООО ''7 этажей''
1077124264,2026-07-15T05:59:26Z,Квартира,"Квартира сдаётся семье ,без домашних животных,гражданам РБ.Дом после капремонта.В квартире ремонт сделан.Сдаваться будет с августа.",650.0,1916.2,False,https://re.kufar.by/vi/1077124264,,10,63.0,48.0,,1,1,,,1,,26,27.6887049451326,53.87002535251653,"Байкальская ул, 45, Минск",Жанна
1076691709,2026-07-14T20:24:12Z,Уютная квартира в центре Минска в долгосрочную аренду,"Уютная 2-х комнатная квартира, укомплектована всем необходимым для комфортного проживания.
Рядом магазины, рестораны, кафе, ремонтные мастерские, пари",699.0,2060.65,False,https://re.kufar.by/vi/1076691709,5.0,,50.0,45.0,7.0,1,10,2.0,,1,1970.0,22,27.559163,53.925778,"Осипенко ул, 32, Минск",Вероника
1077060566,2026-07-14T14:25:51Z,3х комнатная сталинка с окнами в парк,"Комфортная  трех комнатная квартира сталинка в отличном тихом районе Минска!Для иностранных нанимателей предоставляем регистрацию! 
Квартира аккуратна",850.0,2505.8,False,https://re.kufar.by/vi/1077060566,3.0,,80.0,,15.0,2,5,2.0,3.0,3,,27,27.597961,53.884487,"Нахимова ул, Минск",Надя
1077057714,2026-07-14T13:55:11Z,"студия,склад,офис, однокомнатная квартира",Сдается чудесная солнечная студия прямо у метро малиновка в стиле лофт.Рядом есть магазины и банки.Отличная возможность излить вашу душу в творчество),280.0,825.44,False,https://re.kufar.by/vi/1077057714,,30,45.0,,,3,20,17.0,18.0,1,2019.0,29,27.475633784833516,53.84801036055065,"Дзержинского пр, 123, Минск",Соня
1072801778,2026-07-14T13:33:36Z,сдаю  2-х комнатную квартиру в Серебрянке,"Сдается 2-х комнатная квартира с мебелью в Серебрянке парам, гражданам Республики Беларусь. Оформление договора. Капремонт дома был  в 2021 году. 1200",407.06,1200.0,False,https://re.kufar.by/vi/1072801778,2.0,230,49.7,34.4,6.1,1,1,5.0,5.0,1,1973.0,27,27.601716,53.859361,"Плеханова ул, 101, Минск",Татьяна
1077031223,2026-07-14T10:24:16Z,Сдам квартиру в центре Минска,"Сдаётся уютная квартира рядом с метро ""Грушевка"". Оснащена всем необходимым для жизни. В пешей доступности центр города, вокзал, школа, поликлиника и",600.0,1768.8,False,https://re.kufar.by/vi/1077031223,1.0,,46.0,46.0,13.0,3,5,10.0,19.0,2,2017.0,29,27.519619,53.889205,"Дзержинского пр, 22, Минск",Алексей
1075430229,2026-07-14T09:46:06Z,Метро ПАРК ЧЕЛЮСКИНЦЕВ,"Сдается 2 комн. уютная сталинка с евроремонтом от собственника на длительный срок. 
Можно иностранцам, сделаю регистрацию.

метро Парк Челюскинцев, Ак",678.09,1999.0,False,https://re.kufar.by/vi/1075430229,2.0,,50.3,29.0,7.0,1,5,3.0,4.0,3,1959.0,24,27.605777,53.924972,"переулок Кузьмы Чорного, 7, Минск",Сергей
1077027992,2026-07-14T09:41:17Z,Премиум- класс в тихом переулке Минских «Патриков»,"Премиум- класс в тихом переулке Минских «Патриков» на улице Карла Маркса. Тишина над шумным мегаполисом. Почувствуйте, вкус столичной жизни в её самом",3000.0,8844.0,False,https://re.kufar.by/vi/1077027992,,,67.0,54.0,10.0,2,10,3.0,5.0,,,27,27.560025,53.899276,"Карла Маркса ул, 33, Минск",Анна
1077024419,2026-07-14T09:00:41Z,Сдаётся однокомнатная квартира в МинскМире по ул.Б,"Сдается на длительный срок 1комнатная квартира  на 22 этаже в доме"" Канны "" МинскМир .Оборудована кухней ,которая полностью укомплектована.Два спальны",542.74,1600.0,False,https://re.kufar.by/vi/1077024419,2.0,170,32.0,28.0,4.0,3,5,22.0,24.0,10,2021.0,28,27.551905,53.866598,"Братская ул, 1, Минск",Наталья
1072507481,2026-07-14T06:40:48Z,Аренда квартиры,"Сдаётся на длительный срок семье квартира от собственика,с заключением договора в жесе ( обязателен депозит, который возвращается при расторжении дого",700.0,2063.6,False,https://re.kufar.by/vi/1072507481,4.0,,65.0,50.0,12.0,1,1,9.0,16.0,3,2000.0,28,27.548302,53.884636,"Могилёвская ул, 20, Минск",Виталия
1076999485,2026-07-14T05:44:37Z,Сдается 1-комнатная квартира на длительный срок,"Сдается 1-ая квартира на длительный срок по ул. Грицевца 7 район Тракторного завода. 3 минуты до метро, все виды транспорта. В квартире есть холодильн",480.0,1415.04,False,https://re.kufar.by/vi/1076999485,,,29.1,16.9,5.1,2,1,3.0,4.0,3,1956.0,25,27.61493,53.887284,"Грицевца ул, 7, Минск",Татьяна
1061950694,2026-07-13T17:33:40Z,Квартира на Немиге,"Квартира находится в исторической части Минска, рядом Верхний город, Троицкое предместье. Красивый вид из окна. Отличная инфраструктура: пять минут до",750.0,2211.0,False,https://re.kufar.by/vi/1061950694,4.0,,53.0,29.0,13.0,3,5,7.0,10.0,3,1994.0,22,27.549192,53.90291,"Немига ул, 12, Минск",Светлана
1076932861,2026-07-13T13:49:47Z,"Снять 1-комнатную квартиру, Минск, Чижовка","Сдаётся 1-комнатная квартира на длительный срок без домашних животных.
Есть всё необходимое для комфортного проживания. Квартира c аккуратным ремонтом",305.29,900.0,True,https://re.kufar.by/vi/1076932861,,305,48.8,17.2,6.1,,1,4.0,5.0,1,1969.0,26,27.616673,53.835351,"проезд Голодеда, 3, Минск",ООО Партнер для всех
1076932577,2026-07-13T13:47:06Z,Просторная 3-ка в классическом стиле в сердце столицы,"Представляем вашему вниманию 3 комнатную квартиру по ул. Кропоткина д.57.
Каркасно-блочный дом 2004 года постройки. Территория огорожена, въезд через",881.95,2600.0,True,https://re.kufar.by/vi/1076932577,3.0,,113.6,57.0,18.1,3,1,5.0,10.0,10,2004.0,22,27.555911,53.919442,"Кропоткина ул, 57, Минск",ООО Авангард Недвижимость
1076924289,2026-07-13T12:49:31Z,Новая дизайнерская 2-комнатная квартира в ЖК ''Левада'',"ПЕРВОЕ ЗАСЕЛЕНИЕ! Стильная дизайнерская 2-комнатная квартира в ЖК «Левада»

Сдается новая дизайнерская 2-комнатная квартира в современном жилом компле",1200.0,3537.6,True,https://re.kufar.by/vi/1076924289,,,50.0,32.5,,3,,7.0,8.0,4,2025.0,22,27.529078,53.938004,"Нововиленская ул, 63, Минск",ООО Центр недвижимости ГАЛАКТИКА
1076910618,2026-07-13T10:59:38Z,Сдается 2 комн. квартира со свежим ремонтом Орловка,"Сдается 2к квартира 54м2, 6/10 этаж, Сморговский тракт 10 (Орловка):

- РЕМОНТ свежий в светлых тонах, мебель и бытовая техника - полностью готова к п",915.88,2700.0,False,https://re.kufar.by/vi/1076910618,4.0,,54.0,27.6,9.6,4,1,6.0,9.0,3,1996.0,22,27.551675041677917,53.93021926351233,"Сморговский тракт, 10, Минск",Олег
1076902608,2026-07-13T09:39:34Z,Сдача в аренду квартира-студия,Сдается на длительный срок однокомнатная квартира-студия в частном доме ( второй этаж двух этажного дома). В квартире есть вся необходимая мебель для,400.0,1179.2,False,https://re.kufar.by/vi/1076902608,1.0,160,25.0,,,2,5,2.0,2.0,4,,30,27.43648,53.935988,"Радашковский переулок, 10, Минск",Иван
1076880380,2026-07-13T06:24:55Z,"2-ух комнатная квартира, 44м2, Уручье-6","2 комнатная квартира, 44м2, кирпичный дом, 3 этаж, окна выходят в парк, собственное парковочное место во дворе.",550.0,1621.4,False,https://re.kufar.by/vi/1076880380,2.0,280,44.0,,,1,5,3.0,,3,,24,27.676043,53.946588,"Городецкая ул, 32, Минск",Анастасия
1076860884,2026-07-13T05:23:03Z,Двухкомнатная квартира,"Новая, двухкомнатная квартира через дорогу от авиамола и метро. Оборудована новой мебелью и  техникой.",644.5,1900.0,False,https://re.kufar.by/vi/1076860884,2.0,170,39.0,,,3,10,7.0,10.0,10,2025.0,28,27.55027641324287,53.865465659757874,"Братская ул, 7, Минск",Пользователь
1076838174,2026-07-12T19:22:36Z,Сдам квартиру в аренду,"АКТУАЛЬНО. При обращении, плз, пишите, для кого планируете снимать :)

Сдаётся однокомнатная квартира, заселение с 20 августа. Минимальный срок аренды",480.0,1415.04,False,https://re.kufar.by/vi/1076838174,3.0,,41.0,,9.0,1,1,4.0,9.0,10,2001.0,27,27.563619,53.866237,"Великоморская ул, 7, Минск",Александра
1076821865,2026-07-12T17:55:46Z,Квартира в аренду с 5.09,Квартира в хорошем состоянии. Рядом парк. Аренда с 5.09,700.0,2063.6,False,https://re.kufar.by/vi/1076821865,6.0,100,82.0,72.0,30.0,1,5,7.0,9.0,,2004.0,24,27.617563,53.951484,"Логойский тракт, Минск",Светлана
1076832659,2026-07-12T17:55:18Z,Квартира,"Сдам квартиру в долгосрочную аренду по договору. Сдается порядочным людям, без вредных привычек,любящих порядок,без животных. Квартира сдается впервые",500.0,1474.0,False,https://re.kufar.by/vi/1076832659,4.0,,48.9,17.7,13.4,3,5,8.0,16.0,2,2016.0,30,27.444987,53.878283,"Академика Карского ул, 8, Минск",Николай
1076829163,2026-07-12T17:18:06Z,Аренда новой квартиры евро три с новой техникой/мебелью в Минск Мире,"Аренда новой квартиры (евро три)с новой мебелью/техникой по договору на длительный период.
Гражданам РБ без животных",1200.0,3537.6,False,https://re.kufar.by/vi/1076829163,,170,60.0,57.4,,3,5,16.0,25.0,1,2025.0,28,27.553746,53.86055,"Михаила Савицкого ул, 35, Минск",Дмитрий
1076814378,2026-07-12T15:44:37Z,Аренда от 15 дней,Аренда от 15 дней на любой период. договор. чек.,899.0,2650.25,False,https://re.kufar.by/vi/1076814378,6.0,,75.0,49.0,8.0,1,1,10.0,16.0,3,1985.0,22,27.5302761110209,53.919172684973894,"Победителей пр, 53к1, Минск",Виталий
1049304157,2026-07-12T14:41:22Z,Квартира Макаенка,"Сдаётся уютная и современная квартира в ЖК ""Парк Челюскинцев""!

Погрузитесь в атмосферу комфорта и стиля в новой квартире, всего в нескольких минутах",850.0,2505.8,False,https://re.kufar.by/vi/1049304157,4.0,,49.0,,,,5,,,3,,24,27.625611,53.92353,"Макаёнка ул, 12В, Минск",ЮЛИЯ
1076777009,2026-07-12T10:41:10Z,Сдается трехкомнатная квартира,"Квартира с хорошим ремонтом. Сад , магазины и магазин 24/7, комплекте мандарин. Метро каменная горка .",800.0,2358.4,False,https://re.kufar.by/vi/1076777009,,105,77.0,70.0,,1,5,7.0,9.0,1,2013.0,30,27.424685,53.916801,"Казимировская ул, Минск",Квартира
1076769522,2026-07-12T09:20:03Z,Сдам квартиру,"Квартира от собственника. Есть все необходимое для проживания. Желательно паре, без животных. Иностранным гражданам просьба не беспокоить. В доме прош",470.0,1385.56,False,https://re.kufar.by/vi/1076769522,,100,50.0,22.0,7.1,2,1,7.0,9.0,1,1975.0,24,27.6357,53.954256,"Тикоцкого ул, 40, Минск",Ольга
1071294244,2026-07-12T09:01:46Z,Сдам квартиру на длительный срок,"Сдается в аренду 3-х комнатная квартира. В квартире сделан высококачественный ремонт. Полностью меблирована. Вся бытовая техника: холодильник, посудом",1100.0,3242.8,False,https://re.kufar.by/vi/1071294244,4.0,,97.0,52.0,15.0,,10,5.0,8.0,3,2007.0,22,27.539283,53.930152,"Нововиленская ул, 13А, Минск",Кирилл
1076767009,2026-07-12T08:51:31Z,Сдам 1 комнатную квартиру возле комаровки,"Сдается 1 комнатная квартира возле комаровского рынка. После ремнта, с новой мебелью и техникой.
Сдам одному человеку. С детьми, животными просьба не",570.0,1680.36,False,https://re.kufar.by/vi/1076767009,3.0,120,32.0,21.0,7.0,1,5,4.0,5.0,3,,23,27.575899,53.917909,"Пугачёвская ул, 24, Минск",Владимир
1076710168,2026-07-11T19:47:14Z,Сдам в долгосрочную аренду 4-х комнатную квартиру,"Сдам на длительный срок 4-комнатную квартиру в историческом центре Минска. Светлая, теплая, красивая. Закрытая парковка во дворе под шлагбаумом. Кварт",1250.0,3685.0,False,https://re.kufar.by/vi/1076710168,3.0,,100.0,70.0,9.0,1,5,3.0,5.0,3,1953.0,27,27.560313,53.900835,"Независимости пр, 22, Минск",Ольга
1076704787,2026-07-11T18:27:21Z,"Сдается 2-х комнатная квартира, новый ремонт","** Просмотр/въезд возможен после 17-го августа

Сдаю на долгий срок просторную евродвушку в Минск-Мире от собственника.  
Квартира очень уютная, с нов",625.0,1842.5,False,https://re.kufar.by/vi/1076704787,2.0,170,44.2,24.0,7.0,1,5,2.0,25.0,2,2024.0,28,27.556127,53.860232,"Леонида Щемелёва ул, 18, Минск",Богдан Мять
1076695066,2026-07-11T16:48:30Z,"Аренда 2-комнатной квартиры, Виталия Цвирко 76",Сдаётся 2-комнатная квартира-студия в жилом комплексе премиум-класса North Waterfront (Северный Берег) — Паркленд 3. Квартира на первом высоком этаже,650.0,1916.2,True,https://re.kufar.by/vi/1076695066,,,56.2,49.4,,3,,1.0,7.0,4,2024.0,23,27.567499,53.962002,"Виталия Цвирко ул, 76, Минск",ООО Центр недвижимости ГАЛАКТИКА
1076689731,2026-07-11T16:18:48Z,Сдаётся на длительный срок.,"Общая площадь 70,5 кв. Метро Московская 7 минут пешком. С панорамным видом на библиотеку. Огороженная территория, шлагбаум, консьерж. Дизайнерская ков",700.0,2063.6,False,https://re.kufar.by/vi/1076689731,6.0,,70.5,,9.7,3,10,14.0,14.0,,,24,27.634559,53.923938,"Филимонова ул, 49, Минск",Николай
1075537491,2026-07-11T15:37:24Z,Сдам квартиру в аренду,"Сдаётся 1ком.квартира пр.Победителей, 125 (жилой комплекс Лебяжий) 43кв.м на длительный срок (от 6 месяцев и более) от собственника . Квартира сдаётся",600.0,1768.8,False,https://re.kufar.by/vi/1075537491,2.0,,43.0,18.0,10.0,3,5,6.0,11.0,2,2014.0,22,27.468559,53.939338,"Победителей пр, 125, Минск","Александр , Оксана"
1076684933,2026-07-11T15:29:53Z,Сдам 1/кв-ра,"Сдам однокомнатную квартиру по ул.Сурганова, частично меблированная",407.06,1200.0,False,https://re.kufar.by/vi/1076684933,2.0,,33.1,17.0,7.0,2,1,5.0,9.0,1,1972.0,23,27.592113,53.926632,"Сурганова ул, Минск",Татьяна
1076675119,2026-07-11T13:32:12Z,Однокомнатная 33 кв.м Богдановича 90 Бангалор,Сдам однокомнатную квартиру с 20 августа аккуратной не курящей девушке без животных (не иностранным гражданам и без регистрации!) на срок - от 3 месяц,480.0,1415.04,False,https://re.kufar.by/vi/1076675119,1.0,,33.0,33.0,,1,1,5.0,,,,23,27.576608,53.928286,"Максима Богдановича ул, 90, Минск",Ли
1076663844,2026-07-11T12:26:36Z,Недвижимость,"Независимости пр. 168к2, Минск, мкр. Уручье",650.0,1916.2,False,https://re.kufar.by/vi/1076663844,,280,70.0,42.0,14.0,3,5,4.0,12.0,10,2007.0,24,27.69047,53.94521,"Независимости пр, 168к2, Минск",Алла Сергеевна
1072998368,2026-07-11T10:35:33Z,Студия в Лебяжем,"ЗВОНИТЕ или пишите в ТГ!
Уютная квартира студия с выделенной спальной зоной(закрывается шторой) на длительный срок. Укомплектована всей необходимой ме",600.0,1768.8,False,https://re.kufar.by/vi/1072998368,,,49.8,,,2,5,21.0,22.0,,,22,27.475754,53.933598,"Мястровская ул, 6, Минск",Мария
1076638202,2026-07-11T08:25:08Z,Квартира в аренду,"Предлагаем 2-комн. квартиру в Зелёном Луге. После косметического ремонта, вся мебель и техника новые. Прописан собственник. Предпочтение парам, семье",450.0,1326.6,False,https://re.kufar.by/vi/1076638202,,100,49.0,,,3,1,3.0,9.0,1,,24,27.625719,53.955999,"Карбышева ул, 7, Минск",Наталья
1076577314,2026-07-10T18:13:05Z,Двухкомнатная рядом с метро Аэродромная. С СЕНТЯБРЯ,"СДАМ чистую отличную квартиру НА ДОЛГИЙ СРОК, заселение С СЕНТЯБРЯ! 
Не рассматриваем иностранцев из дальнего зарубежья и арендаторов с животными.
Дом",750.0,2211.0,False,https://re.kufar.by/vi/1076577314,,170,60.0,,,3,5,12.0,25.0,10,2022.0,28,27.543371,53.867278,"Игоря Лученка ул, 13, Минск",Светлана
1076569081,2026-07-10T16:55:08Z,"Аренда 3-комнатной квартиры, Победителей 27","РЕКЛАМА ПО ФАКТУ 

Сдается  3 -х комнатная квартира в ЖК «Славянский квартал.  Общая площадь 102,1 кв.м. Ремонт выполнен по дизайнерскому проекту, дом",1350.0,3979.8,True,https://re.kufar.by/vi/1076569081,,90,102.1,55.0,12.7,4,,4.0,25.0,4,2012.0,22,27.539831,53.911873,"Победителей пр, 27, Минск",ООО Центр недвижимости ГАЛАКТИКА
1076569085,2026-07-10T16:55:08Z,"Новая дизайнерская 2-комнатная квартира в ЖК ''Левада'' по адресу: ул. Нововиленская, д. 61","ПЕРВОЕ ЗАСЕЛЕНИЕ!

Сдается дизайнерская 2-комнатная квартира на последнем этаже в ЖК ""Левада"" по адресу: ул. Нововиленская, д. 61.

В квартире есть вс",1350.0,3979.8,True,https://re.kufar.by/vi/1076569085,,,49.9,32.4,,3,,7.0,7.0,4,2024.0,22,27.52792,53.936684,"Нововиленская ул, 61, Минск",ООО Центр недвижимости ГАЛАКТИКА
1076526104,2026-07-10T10:33:15Z,"Уютная, большая 3-х комнатная квартира в кирпичном доме, семье на длительный срок, 200 м.Уручье","Комфортная, уютная, 3-х комнатная квартира в кирпичном доме, 200 метров метро Уручье. Сдается аккуратной семье на длительный срок. Во дворе центр детс",777.0,2290.6,False,https://re.kufar.by/vi/1076526104,,280,103.0,60.0,12.0,4,5,7.0,12.0,3,2000.0,24,27.692599,53.947616,"Независимости пр, 185, Минск",Алексей
1076523441,2026-07-10T09:59:34Z,сдам квартиру,"Сдам двухкомнатную квартиру на переулке Калинина, с 1 сентября. Одна комната проходная (хрущевка) . Первый этаж, без балкона. Ремонт косметический. Кв",407.06,1200.0,False,https://re.kufar.by/vi/1076523441,2.0,,44.7,32.5,5.7,2,1,1.0,5.0,2,1966.0,24,27.606621,53.930815,"переулок Калинина, Минск",Валентина
1076516661,2026-07-10T08:36:05Z,Сдача в аренду квартиры,"Уютная, аккуратная со всеми удобствами",0.0,0.0,False,https://re.kufar.by/vi/1076516661,2.0,105,41.0,18.0,10.0,1,1,5.0,9.0,1,2008.0,30,27.427883,53.91224,"Нёманская ул, 34, Минск",феликс
1054016293,2026-07-10T06:44:05Z,Квартира для организаций от 15 суток в Шабанах,"Сдаётся 2-комнатная квартира (от 15 суток), стоимость из расчета от 140 руб/сутки за квартиру.
Квартира сдается в аренду только для ОРГАНИЗАЦИЙ.
Вмест",0.0,0.0,True,https://re.kufar.by/vi/1054016293,6.0,310,67.0,,,,,10.0,,,,26,27.696237,53.845828,"Ротмистрова ул, 52, Минск",ООО Компания АрендаПро
1076064337,2026-07-09T20:01:30Z,Сдам в хорошие руки уютную 1-комнатную квартиру,"Сдам в хорошие руки, уютная 1-комнатная квартира по ул. Немига, 8, от собственника. В четырех минутах ходьбы до метро Немига. Евроремонт.
Стеклопакеты",644.5,1900.0,False,https://re.kufar.by/vi/1076064337,2.0,,40.0,22.0,,3,5,5.0,9.0,2,1984.0,22,27.550413,53.904045,"Немига ул, 8, Минск",Сергей
1054274012,2026-07-09T16:41:16Z,Сдам новую однокомнатную квартиру,"Квартира находится в Лошице7. Хорошее транспортное сообщение. Сдаётся на длительный срок 1-2 чел.для проживания,без животных. Предпочтение иногородним",491.86,1450.0,False,https://re.kufar.by/vi/1054274012,,145,35.0,,,1,,,,10,2025.0,27,27.578683,53.843517,"Станислава Монюшко ул, Минск",Ольга
1076439341,2026-07-09T16:25:35Z,Евро-трешка с видом на водохранилище пр-т Победителей,"3-комнатная квартира по адресу пр-т Победителей 133.
Длительная аренда, договор найма от года. 
О квартире: 
Метраж 67,1 / 47,2 / - м2. Высота полотко",881.95,2600.0,True,https://re.kufar.by/vi/1076439341,3.0,,67.1,47.2,,3,1,2.0,11.0,10,2015.0,22,27.464031,53.942036,"Победителей пр, 133, Минск",ООО Авангард Недвижимость
1076423811,2026-07-09T14:02:08Z,Сдается в аренду евродвушка в элитном жилом комплексе «Маяк Минска»,"Сдаётся в аренду евродвушка в доме повышенной комфортности в престижной локации — ЖК «Маяк Минска» (дом «Микеланджело»).

Квартира расположена на удоб",1119.4,3300.0,True,https://re.kufar.by/vi/1076423811,2.0,325,42.0,42.0,,3,1,7.0,25.0,2,2019.0,24,27.650162,53.931429,"Петра Мстиславца ул, 12, Минск",ООО Авангард Недвижимость
1076418095,2026-07-09T13:00:07Z,Сдается в аренду евродвушка в элитном жилом комплексе «Маяк Минска»,"Сдаётся в аренду евродвушка в доме повышенной комфортности в престижной локации — ЖК «Маяк Минска» (дом «Микеланджело»).

Квартира расположена на удоб",1119.4,3300.0,True,https://re.kufar.by/vi/1076418095,2.0,325,41.9,41.9,,3,1,7.0,25.0,2,2019.0,24,27.650162,53.931429,"Петра Мстиславца ул, 12, Минск",ООО Авангард Недвижимость
1076414185,2026-07-09T12:49:27Z,"Болеслава Берута 11А, Аренда 1-комнатной квартиры","Работаем по факту! Квартира свободна с 18.07.
Сдается квартира на длительный срок

Предлагаем просторную, светлую и уютную квартиру.

Изолированная ко",499.0,1471.05,True,https://re.kufar.by/vi/1076414185,,290,54.0,19.0,12.0,3,,6.0,16.0,10,2009.0,30,27.507025,53.901806,"Болеслава Берута ул, 11А, Минск",ООО Центр недвижимости ГАЛАКТИКА
1076396103,2026-07-09T10:33:53Z,Аренда квартиры,Уютная квартира в шикарном месте.вид из окон на Свислочь .лифт.мебель и бытовая техника в хорошем состоянии,800.0,2358.4,False,https://re.kufar.by/vi/1076396103,4.0,,54.0,30.0,8.0,,5,2.0,6.0,3,,22,27.569142071117906,53.91015439870267,"Коммунистическая ул, 10, Минск",Сергей
1076387120,2026-07-09T08:51:18Z,Сдам 3х к. квартиру (в т.ч. иностранным гражданам),"Сдам квартиру (комнаты) в частном доме д.Тарасово(3-4км от метро каменная горка), в т.ч. иностранным гражданам 
Только звонить!!!",0.0,0.0,False,https://re.kufar.by/vi/1076387120,,105,120.0,,,,,,,,,30,27.420598,53.924405,"Каменногорская ул, Минск",Name
1076378975,2026-07-09T07:49:40Z,"Аренда 4-комнатной квартиры, 4-ый переулок Подольский 9","Сдаётся замечательная квартира в 7-квартирном доме по адресу 4-й Подольский переулок, дом 9. Расположена в в самом зелёном районе Минска. В пешей дост",1150.0,3390.2,True,https://re.kufar.by/vi/1076378975,,220,123.2,76.7,20.4,2,,2.0,3.0,4,2015.0,23,27.574945,53.945457,"4-й Подольский переулок, 9, Минск",ООО Центр недвижимости ГАЛАКТИКА
1076362850,2026-07-09T05:50:59Z,сдаётся однокомнатная квартира,"Дизайнерский ремонт. С помощью вмонтированных плотных штор можно менять конфигурацию квартиры делить площадь на части ,оборудована сигнализацией МВД",474.9,1400.0,False,https://re.kufar.by/vi/1076362850,1.0,175,41.6,19.0,12.2,3,10,9.0,,4,2014.0,29,27.478961,53.8723,"Алибегова ул, 26, Минск",Анатолий
1076314458,2026-07-08T17:24:26Z,Бизнес аппартаменты,"Предлагаются в долгосрочную аренду бизнес-апартаменты с возможностью проживания в одном из самых современных кварталов Минска. 

В доме: консьерж-серв",0.0,0.0,False,https://re.kufar.by/vi/1076314458,,170,41.0,33.6,,1,20,9.0,16.0,4,2026.0,28,27.541537259600396,53.86291289994947,"Михаила Савицкого ул, 24, Минск",Майя
1076313144,2026-07-08T17:10:00Z,Аренда 3 комнатной квартиры,"По договору на длительный срок (от года)
Желательно без животных
  (мессенджеры)",700.0,2063.6,False,https://re.kufar.by/vi/1076313144,,105,79.1,76.3,,3,5,2.0,9.0,1,2012.0,30,27.427892,53.931827,"Каменногорская ул, 96, Минск",Дмитрий
1076309542,2026-07-08T16:33:09Z,Сдается квартира,"Сдается однокомнатная квартира со всеми удобствами,совершенно новый качественный дизайнерский ремонт. Не сдается с животными и маленькими детьми. По в",600.0,1768.8,False,https://re.kufar.by/vi/1076309542,,170,30.0,30.0,,3,10,2.0,25.0,10,2025.0,28,27.555935063518202,53.859689571717894,"Леонида Щемелёва ул, 26, Минск",Григорий
1076277619,2026-07-08T12:18:08Z,Снимут квартиру 3 студента,"Снимут квартиру 3 студента третьего курса. Цена 1200-1300руб, 2-ух или 3-х комнатную, адрес не важен",0.0,0.0,False,https://re.kufar.by/vi/1076277619,,,45.0,,,,,,,,,27,27.58145798542609,53.85222523080361,Минск,Роман
1076270784,2026-07-08T11:15:25Z,сдача квартиры,сдача квартиры в центре,457.94,1350.0,False,https://re.kufar.by/vi/1076270784,2.0,,46.7,20.0,8.0,2,1,2.0,3.0,3,1953.0,28,27.532321,53.878405,"Брилевская ул, 4, Минск",Валерий
1017405805,2026-07-08T11:03:43Z,Сдача квартиры,"Сдаётся уютная 2-х комнатная квартира на длительный срок. На втором этаже 9-ти этажного дома. Хорошее расположение дома, два детского сада, гимназия №",620.0,1827.76,False,https://re.kufar.by/vi/1017405805,,265,52.0,,,1,,2.0,9.0,1,,30,27.441502,53.886589,"Чайлытко ул, 13, Минск",Алина
191502150,2026-07-08T08:22:50Z,Аренда апартаментов в Liberty Residenc,Сдаются в долгосрочную и краткосрочную аренду (от полугода) апартаменты класса люкс в одном из самых престижных бизнес-центров Минска - «Liberty Resid,2999.53,8842.6,True,https://re.kufar.by/vi/191502150,2.0,,128.9,,,1,10,7.0,7.0,,2020.0,22,27.555166,53.900931,"Интернациональная ул, 20А, Минск",ООО ''Агентство недвижимости Авеню''
1076250925,2026-07-08T08:14:27Z,Двухкомнатная Квартира в аренду 54 кв. м.,"Двухкомнатная квартира. В шаговой доступности - парк Челюскинцев, Ботанический сад, метро, дворец водного спорта. Свободна после 10 августа. Коммуналь",590.23,1740.0,False,https://re.kufar.by/vi/1076250925,6.0,,53.7,32.7,8.0,1,1,5.0,8.0,3,1964.0,24,27.604582,53.922284,"Независимости пр, 76, Минск",Константин
1076240685,2026-07-08T07:21:12Z,Уютная 1- комнатная квартира в новостройке,"Сдам квартиру на длительный срок порядочным людям без животных. Квартира в новостройке. Рядом метро Академия наук, пл. Якуба Колоса, Парк Челюскинцев.",500.0,1474.0,False,https://re.kufar.by/vi/1076240685,4.0,220,55.0,20.0,17.0,3,1,5.0,9.0,2,2025.0,23,27.596272,53.93778,"Восточная ул, 119, Минск",Анна
1076200483,2026-07-08T05:57:13Z,Аренда квартиры,"С 1 августа сдается студия  в Минск мире для студентов девушек,можно из Китая",600.0,1768.8,False,https://re.kufar.by/vi/1076200483,,170,30.0,27.0,,3,5,,,10,,28,27.557348,53.864995,"Леонида Щемелёва ул, 10, Минск",Мила
1076193491,2026-07-07T19:52:30Z,Сдаётся просторная квартира в районе Комаровки,"Сдается в долгосрочную аренду просторная, светлая и по-настоящему уютная квартира (97,3 м2), где каждый квадратный метр продуман для комфортной жизни.",814.11,2400.0,False,https://re.kufar.by/vi/1076193491,3.0,120,97.3,60.1,10.7,3,5,12.0,16.0,3,1997.0,23,27.574524,53.920216,"Веры Хоружей ул, 10к1, Минск",Дмитрий
1072571322,2026-07-07T17:38:25Z,"Аренда 1-комнатной квартиры, Скрыганова 4Б","Сдаётся на длительный срок светлая, уютная 1-комнатная квартира в ЖК ""Каскад"" с отдельной кухней. Кухня, спальня, совмещенный санузел, кладовая, лоджи",650.0,1916.2,True,https://re.kufar.by/vi/1072571322,,110,47.8,19.3,13.4,3,,5.0,25.0,4,2012.0,30,27.519735,53.910114,"Скрыганова ул, 4Б, Минск",ООО Центр недвижимости ГАЛАКТИКА
1076169190,2026-07-07T15:59:50Z,Снять 1-комнатную квартиру,"Собственник сдаёт на длительный срок теплую и уютную квартиру возле Западного рынка. В шаговой доступности метро ""Кунцевщина"". Большая жилая площадь.",407.06,1200.0,False,https://re.kufar.by/vi/1076169190,,80,43.0,22.0,9.0,1,,4.0,,,2004.0,30,27.460717,53.904872,"Бурдейного ул, 2А, Минск",Светлана
1017298003,2026-07-07T15:30:39Z,"Снять квартиру в Минске, метро Московская","Сдается  3-комнатная квартира в частной застройке Первомайского района Минска. Метро Московская в шаговой доступности.
Современный трехэтажный дом (20",780.19,2300.0,True,https://re.kufar.by/vi/1017298003,,,110.0,56.0,,2,,3.0,3.0,,2018.0,24,27.621713,53.935766,"Короленко ул, 13, Минск",ООО Партнер для всех
1076158556,2026-07-07T14:10:50Z,Сдается 2х комнатная квартира,Сдается двухкомнатная квартира на длительный срок от собственника по улице физкультурная дом 14. Чистая уютная обжитая квартира. 1й этаж. Зеленый уютн,550.0,1621.4,False,https://re.kufar.by/vi/1076158556,,,61.0,,9.0,1,1,,,1,,27,27.563440000922295,53.86694834432311,"Физкультурная ул, 14, Минск",Светлана
1076147756,2026-07-07T12:45:24Z,Сдается просторная 3-комнатная квартира с балконом в Минске,"Сдается просторная 3-комнатная квартира с балконом
О квартире:
Полностью готова к заселению, есть все необходимое для жизни. На полу — качественный па",848.03,2500.0,False,https://re.kufar.by/vi/1076147756,6.0,280,70.0,,,1,5,14.0,14.0,1,,24,27.675315,53.950017,"Шафарнянская ул, 2А, Минск",Нарина
1076134631,2026-07-07T11:09:29Z,аренда 2х комнатной квартиры,"Сдается двухкомнатная квартира в Минске, по улице Мястровская 17. Дом располагается в экологически чистом, престижном районе Лебяжий. Удобный выезд на",790.37,2330.0,True,https://re.kufar.by/vi/1076134631,,,655.0,44.9,,3,5,6.0,9.0,10,2019.0,22,27.469035,53.937223,"Мястровская ул, 17, Минск",ООО ''ЮГ Хоум''
1074050272,2026-07-07T09:05:21Z,Сдается двухкомнатная квартира,"Сдается 2-комнатная квартира на длительный срок от собственника (ул. Тикоцкого, 4, Минск)
Идеальный вариант для комфортной жизни в Минске!

Предлагает",610.58,1800.0,False,https://re.kufar.by/vi/1074050272,2.0,100,50.1,,,3,5,9.0,9.0,1,,24,27.626285,53.95718,"Тикоцкого ул, 4, Минск",Владимир
1076110386,2026-07-07T07:43:47Z,Сдам трехкомнатную квартиру,"Сдам  трехкомнатную квартиру в длительную аренду  только адекватным ,чистоплотным людям, с заключением договора- аренды. 
Квартира просторная, светлая",780.19,2300.0,False,https://re.kufar.by/vi/1076110386,7.0,,83.9,77.7,11.2,3,1,8.0,9.0,10,2005.0,27,27.566323,53.865478,"Великоморская ул, 12, Минск",Оксана
1075442011,2026-07-07T07:28:02Z,Сдам квартиру возле Парка Челюскинцев,"Сдам уютную квартиру, рядом с парком Челюскинцев. Метро Московская и Парк Челюскинцев в шаговой доступности. В квартире сделан хороший ремонт. Квартир",1050.0,3095.4,False,https://re.kufar.by/vi/1075442011,,,60.0,,,1,10,11.0,25.0,2,2022.0,24,27.625084252549065,53.92455123292626,"Макаёнка ул, 12Г, Минск",Андрей
1076066983,2026-07-07T05:52:39Z,Квартира на Калинина,В качестве залога заранее оплачивается последний месяц по договору,400.0,1179.2,False,https://re.kufar.by/vi/1076066983,4.0,,36.0,,,1,1,4.0,5.0,3,,24,27.601833,53.92951,"Калинина ул, 28, Минск",Матвей
1076063437,2026-07-06T20:03:49Z,Аренда 3х комнатной квартиры метро 121,"Станция метро Московская / N121.
Уютная, тихая квартира. Есть все необходимое для проживания.
Возможна регистрация иностранных студентов.
Договор.",900.0,2653.2,False,https://re.kufar.by/vi/1076063437,5.0,,80.0,,8.0,1,1,3.0,3.0,3,,24,27.629277,53.929229,"Независимости пр, 109, Минск",LU
1076051408,2026-07-06T17:18:14Z,Однокомнатная квартира. Длительно,"Сдается однокомнатная квартира в центре Минска.
Длительно. 
Можно иностранцам, гражданам России с регистрацией по месту жительства (пропиской) и оформ",585.0,1724.58,False,https://re.kufar.by/vi/1076051408,2.0,120,35.0,20.0,7.0,1,10,4.0,5.0,3,,23,27.57333184585374,53.92260553522651,"Куйбышева ул, 67к2, Минск",Яков
1076029296,2026-07-06T14:19:25Z,Аренда,Арльапльмпллмпглиппшлр,1000.0,2948.0,False,https://re.kufar.by/vi/1076029296,2.0,325,75.0,,,1,5,8.0,10.0,10,2017.0,24,27.65239,53.933009,"Петра Мстиславца ул, Минск",Дмитрий
1076003997,2026-07-06T11:27:14Z,Сдам квартиру,"Сдаем квартиру в долгосрочную аренду, без животных, два окна выходят во двор, одно окно с видом на речку, центр города, 5 мин до метро, будут вопросы",750.0,2211.0,False,https://re.kufar.by/vi/1076003997,,,58.0,,,2,1,2.0,,,,22,27.569125,53.910161,"Коммунистическая ул, 10, Минск",Vlad
1070103003,2026-07-06T10:51:20Z,2 комн. квартира Грушевка 2025г. 70м2. торг.,В 1 минуте от метро Грушевка. Абсолютно всё новое. Первое заселение. Лучше звоните. Укомплектована всем для жизни.,900.0,2653.2,False,https://re.kufar.by/vi/1070103003,,,70.0,,15.7,3,5,13.0,24.0,10,2025.0,29,27.514382,53.887958,"Щорса ул, 42, Минск",Пользователь
1075997953,2026-07-06T10:22:32Z,Сдам в аренду на длительный срок,"Сдам квартиру, одному-двум совершеннолетним гражданам без вредных привычек, на длительный срок по договору найма. Без животных.  Ст. метро площадь Я.",570.0,1680.36,False,https://re.kufar.by/vi/1075997953,,120,48.1,,14.3,3,5,8.0,10.0,10,2001.0,23,27.587379,53.92082,"Якуба Коласа ул, 15, Минск",Сергей Антонович
1053587888,2026-07-06T10:11:54Z,Квартира для организаций от 15 суток в Соколе,"Сдаётся 1-комнатная квартира ( от 15 суток), стоимость из расчета от 100 руб/сутки за квартиру.
Квартира сдается в аренду только для ОРГАНИЗАЦИЙ.
Вмес",0.0,0.0,True,https://re.kufar.by/vi/1053587888,3.0,245,42.0,,,,1,1.0,9.0,,2009.0,28,27.903029,53.873675,"Берёзогорская ул, 8, Минск",ООО Компания АрендаПро
1067935923,2026-07-06T10:11:54Z,Квартира для организаций от 15 суток в г. Минске,"Сдаётся 2-комнатная квартира ( от 15 суток), стоимость из расчета от 140 руб/сутки за квартиру.
Для размещения ТОЛЬКО командированных (организации, юр",0.0,0.0,True,https://re.kufar.by/vi/1067935923,5.0,135,56.0,,,,,5.0,9.0,,,28,27.527875,53.845025,"переулок Корженевского, 6, Минск",ООО Компания АрендаПро
1075942473,2026-07-06T04:15:21Z,"Первая сдача Дизайнерский ремонт, все новое, 2-ая квартира, ул. Сурганова","Сдается впервые после капитального дизайнерского ремонта полноценная 2-комнатная квартира в тихом центре Минска на улице Сурганова.

Первая сдача. В к",650.0,1916.2,False,https://re.kufar.by/vi/1075942473,4.0,,48.0,30.03,6.63,3,5,5.0,5.0,3,1973.0,23,27.592113,53.926632,"Сурганова ул, Минск",Татьяна
1075934014,2026-07-05T18:45:41Z,Аренда квартиры,Квартира с отличным евроремонтом. 15 минут пешком до станции метро Спортивная.,600.0,1768.8,False,https://re.kufar.by/vi/1075934014,2.0,,40.0,17.0,10.0,3,5,7.0,10.0,1,2010.0,30,27.47488325102318,53.8993022748003,"Киреенко ул, 5, Минск",Юрий
1075908943,2026-07-05T15:24:54Z,"3ком квартира с дизайнерским ремонтом. Мебель, бытовая техника. Все для комфорта и уюта.",Сдается в аренду на длительный срок 3комнатная квартира в престижном районе рядом с Дроздами и Комсомольским озером. Дизайнерский ремонт из качественн,900.0,2653.2,False,https://re.kufar.by/vi/1075908943,3.0,40,78.0,50.0,12.0,3,10,11.0,19.0,,,22,27.489337,53.932903,"Радужная ул, 17, Минск",Ника
1075895535,2026-07-05T13:17:02Z,Сдается 2-х комнатная квартира в районе Лебяжий,"Чистая , уютная квартира ищет порядочных жильцов желательно без животных. Возможен торг. До 17 августа звонить по телефону  Юлия .",750.0,2211.0,False,https://re.kufar.by/vi/1075895535,,,65.0,61.0,,3,5,4.0,9.0,10,2014.0,22,27.455246,53.938956,"Ратомская ул, 15, Минск",Татьяна
1075868473,2026-07-05T10:19:22Z,сдача в аренду на длительный срок,"Новый современный дом с видом на реку. Прекрасное местоположение рядом в экологически чистом месте, приличные соседи, новый качественный ремонт, отлич",576.66,1700.0,False,https://re.kufar.by/vi/1075868473,,,38.0,30.0,,3,10,7.0,9.0,10,2023.0,22,27.532357,53.936274,"Нововиленская ул, 49, Минск",Наталья
1075810985,2026-07-04T20:54:07Z,"2х-комнатная квартира в центре Минска, 18 этаж","Сдается 2х-комнатная квартира в центре города, отличное расположение, пешая доступность до метро, парков, магазинов. Великолепный вид с 18 этажа. Собс",700.0,2063.6,False,https://re.kufar.by/vi/1075810985,,,59.4,34.0,10.9,1,,18.0,19.0,4,2014.0,23,27.592976,53.909302,"Платонова ул, 23, Минск",Юлия
1066814203,2026-07-04T12:50:16Z,"Аренда 2-комнатной квартиры, Мстиславца 12",Двухкомнатная квартира в Маяк Минска. Отдельная спальня с большим шкафом и туалетным столиком с подсветкой. Вместительная гардеробная. Премиум техника,1000.0,2948.0,True,https://re.kufar.by/vi/1066814203,,325,42.6,37.7,,2,,12.0,13.0,4,2019.0,24,27.6502,53.9314,"Петра Мстиславца ул, 12, Минск",ООО Центр недвижимости ГАЛАКТИКА
1072161338,2026-07-04T06:24:42Z,Сдача 3 комнатной квартиры,Сдается на длительный срок для граждан Республики Беларусь трехкомнатная квартира. В квартире есть все необходимое для комфортной жизни мебель и техни,750.0,2211.0,False,https://re.kufar.by/vi/1072161338,3.0,220,85.0,52.1,11.0,1,5,4.0,10.0,10,2011.0,23,27.593389,53.938538,"Белинского ул, 54, Минск",Екатерина
1075658903,2026-07-03T15:02:13Z,Квартира,"Просторная 3-комнатная квартира в самом сердце столицы. Удобное расположение: рядом супермаркет, торговые центры, банки, банкоматы, почта, аптеки. Мет",1900.0,5601.2,False,https://re.kufar.by/vi/1075658903,3.0,,100.0,84.0,8.0,1,10,4.0,5.0,3,1954.0,27,27.560313,53.900835,"Независимости пр, 22, Минск",Ольга
1071015222,2026-07-03T13:15:35Z,"Аренда: 2 к квартира Дзержинского, 122 долгосрочно","Квартира находится в шикарном месте!!! : метро ""за углом"", парковая зона с лежаками, речкой, площадками через дорогу, напротив множество магазинов, ба",848.03,2500.0,False,https://re.kufar.by/vi/1071015222,,150,65.0,,10.0,3,10,12.0,25.0,10,2016.0,29,27.474407,53.851463,"Дзержинского пр, 122, Минск",Мила
1070223152,2026-07-03T08:33:46Z,Сдам квартиру,"Сдам 2-х комнатную квартиру по адресу: ул. Яна Чечота, 36. Дом повышенной комфортности находится в 5 минутах ходьбы от станции метро «Малиновка». Уютн",610.58,1800.0,False,https://re.kufar.by/vi/1070223152,2.0,30,60.0,36.0,12.0,4,5,4.0,7.0,10,2012.0,29,27.481899,53.847506,"Яна Чечота ул, 36, Минск",Татьяна
1075613006,2026-07-03T07:46:47Z,Сдается квартира,"Сдается 3-ая квартира по адресу Гурского с мебелью. Метро Михалово в 5 минутах ходьбы. Сад, школа , магазины , банк, почта , парк рядом . Видеонаблюде",780.19,2300.0,False,https://re.kufar.by/vi/1075613006,3.0,,79.2,46.1,10.2,1,5,,,1,2007.0,29,27.488385,53.879212,"Гурского ул, 44к2, Минск",Инна
1075560218,2026-07-03T04:08:58Z,Квартира,"Сдам уютную двухкомнатную квартиру в микрорайоне «Восток» рядом с метро и национальной библиотекой.

ТЕЛЕФОН НЕДОСТУПЕН, ПИШИТЕ СООБЩЕНИЯ ИЛИ МОЖНО ЧЕ",600.0,1768.8,False,https://re.kufar.by/vi/1075560218,4.0,45,36.0,32.0,5.0,1,5,4.0,5.0,1,,24,27.65036,53.936439,"Независимости пр, 153к1, Минск",Наталия
1075551240,2026-07-02T18:07:50Z,Квартира-студия. Любой срок от 15 дней,"Просторная стильная квартира. Полностью укомплектована: бытовая техника, посуда, интернет, телефон, мебель, постельные принадлежности, полотенца. Тёпл",550.0,1621.4,False,https://re.kufar.by/vi/1075551240,,,43.0,,,1,10,9.0,,,2015.0,29,27.48542,53.855744,"Чюрлёниса ул, Минск",Ольга
1075543355,2026-07-02T16:47:59Z,Сдам квартиру,"Сдаю квартиру по улице Макаенка.
Квартира в 2 минутах ходьбы от парка Челюскинцев 
Можно с животными 
Пишите!Всем ответим в числах 20,спасибо за поним",440.98,1300.0,False,https://re.kufar.by/vi/1075543355,,,38.5,,,1,5,10.0,,,,24,27.624129,53.922379,"Макаёнка ул, 12К, Минск",Андрей
1075078393,2026-07-02T15:11:50Z,Квартира на длительный срок,"Квартира, с хорошим ремонтом, видом на библиотеку и всем необходимым для проживания в прекрасном районе Маяк Минска. Рядом школа, шопинг, множество ка",692.2,2040.6,False,https://re.kufar.by/vi/1075078393,2.0,325,45.0,38.0,,1,5,2.0,9.0,,2020.0,24,27.654088,53.930327,"Кирилла Туровского ул, 26, Минск",Оксана
1075530743,2026-07-02T14:42:05Z,"Новая, стильная студия","Новая, стильная студия. До метро 5 минут пешком. Рядом гипермаркет, кофейни, кафе и многое другое . 
ВНИМАНИЕ только сентябрь и октябрь",678.43,2000.0,False,https://re.kufar.by/vi/1075530743,2.0,170,30.0,25.0,5.0,3,10,19.0,25.0,1,2023.0,28,27.550872,53.862584,"Жореса Алфёрова ул, 10, Минск",Продавец
1048117427,2026-07-02T14:41:29Z,"Квартира, 3 комн., 72 м², этаж 2 из 10","Аренда   3-к. ПРЕМИУМ  квартиры с ДИЗАЙНЕРСКИМ РЕМОНТОМ , хорошее расположение (5 мин от метро «Восток») ,5-7 спальных мест,бытовая техника,теплые пол",2191.96,6461.9,False,https://re.kufar.by/vi/1048117427,7.0,325,73.0,,,3,10,2.0,10.0,,2018.0,24,27.651231,53.930062,"Петра Мстиславца ул, 6, Минск",Ирина
1075520050,2026-07-02T13:47:17Z,"5-комнатная квартира ул.Каховская, д.26","Просторная двухэтажная 5-комнатная квартира с роскошной кухней-столовой 20,3 кв.м., гостиной, тремя спальнями, детской, кабинетом и тремя санузлами и",2642.47,7790.0,True,https://re.kufar.by/vi/1075520050,,,218.0,103.0,,3,5,18.0,19.0,3,,22,27.550234,53.928821,"Каховская ул, 26, Минск",ООО МИР НЕДВИЖИМОСТИ ПРО
1069060567,2026-07-02T10:36:43Z,"Аренда 4-х комнатной по ул. Тимирязева,4","В аренду предлагается просторная 4-комнатная квартира в элитном жилом доме по адресу: г. Минск, ул. Тимирязева, 4.

Квартира расположена на 6 этаже, о",2238.81,6600.0,True,https://re.kufar.by/vi/1069060567,4.0,90,183.8,113.6,27.3,3,,6.0,16.0,,2008.0,22,27.527695,53.91085,"Тимирязева ул, 4, Минск",ООО Своя гавань
1072280401,2026-07-02T09:25:31Z,Сдам 1 комнатную квартиру на длительный срок,"Сдается просторная и светлая квартира площадью 43 кв. м.

В шаговой доступности супермаркеты, аптеки, тренажерные залы и остановки общественного транс",510.0,1503.48,False,https://re.kufar.by/vi/1072280401,2.0,145,43.0,,,1,5,5.0,9.0,,,27,27.571766,53.837933,"Игуменский тракт, 34, Минск",Артём
1075462892,2026-07-02T05:07:46Z,3-комнатная квартира,"В долгосрочную аренду сдается 3-комнатная комфортабельная квартира для жизни и полноценного отдыха. Расположена в элитном ЖК «Вивальди», в экологичном",1000.0,2948.0,False,https://re.kufar.by/vi/1075462892,5.0,280,86.0,63.0,13.0,3,10,4.0,12.0,10,2013.0,24,27.68208,53.949391,"Ложинская ул, 16, Минск",Татьяна
1075446833,2026-07-01T20:26:25Z,Сдается квартира . Евро двушка . Первое заселение . Укомплектована,"Первое заселение . В квартире совершенно ни кто не проживал . 
Прописан 1 человек .
Имеется отдельная комната с просторной гардеробной. 
Все окна в по",800.0,2358.4,False,https://re.kufar.by/vi/1075446833,,170,47.0,,,3,10,9.0,25.0,,2021.0,28,27.537541,53.872364,"Аэродромная ул, 18, Минск",Наталья
1072045295,2026-07-01T18:33:33Z,Аренда квартиры на длительный срок,"Сдаётся 2-комнатная квартира площадью 68.6 кв. м в миниполисе «Каскад» с хорошим ремонтом.

В квартире есть всё необходимое для комфортного проживания",650.0,1916.2,False,https://re.kufar.by/vi/1072045295,,110,68.6,,,1,10,8.0,,,,30,27.5165862641422,53.90905006554832,"Скрыганова ул, 2, Минск",Артем
1075430324,2026-07-01T16:41:45Z,Сдам 2 км в 5 мин пешком от м. Михалово,"Ищете комфортное жилье в тихом и развитом районе? Предлагаю в аренду светлую и теплую двухкомнатную квартиру. Идеальный вариант для одного человека, п",542.74,1600.0,False,https://re.kufar.by/vi/1075430324,3.0,55,30.0,20.0,7.0,2,1,2.0,2.0,3,1970.0,29,27.510672,53.881228,"Смирнова ул, Минск",Ольга
1075395891,2026-07-01T13:19:01Z,Квартира в аренду на Макаенка 12Ж с видом на парк,"Сдается в аренду квартира с видом на парк со свежим ремонтом
Укомплектована новой техникой, включая кондиционер, посудомоечную машину, телевизор
Собст",779.85,2299.0,False,https://re.kufar.by/vi/1075395891,3.0,,45.0,35.0,,1,10,6.0,25.0,2,2019.0,24,27.624237,53.922984,"Макаёнка ул, 12Ж, Минск",Екатерина
1075377768,2026-07-01T12:11:18Z,Квартира/ аренда,"ОТ СОБСТВЕННИКА! 
Сдается уютная 1-комнатная квартира на длительный срок аренды по адресу: пр-т Газеты Правла 17, 23 этаж 25-ти этажного дома. 
В квар",610.58,1800.0,False,https://re.kufar.by/vi/1075377768,3.0,320,40.0,,,1,5,23.0,25.0,2,,29,27.483938,53.865834,"Газеты Правда пр, 17, Минск",Собственник
1075360466,2026-07-01T11:09:15Z,Маяковского 15,"Предлагаем в аренду уютную двухкомнатную квартиру площадью 70 кв. м на 8‑м этаже 16‑этажного дома.

Просторная квартира в элегантном классическом стил",950.0,2800.6,False,https://re.kufar.by/vi/1075360466,,,70.0,50.0,,2,10,8.0,16.0,2,,27,27.570033,53.869449,"Маяковского ул, Минск",Оксана
1075357363,2026-07-01T10:58:17Z,Сдаю квартиру иностранцам. Rent to foreigners.,The owner is renting a two-room apartment to foreigners. You must have a Belarusian visa in your passport. You must have a notarized translation of yo,530.0,1562.44,False,https://re.kufar.by/vi/1075357363,,205,47.0,32.0,,3,1,3.0,9.0,1,1970.0,30,27.490047,53.909615,"Притыцкого ул, 38, Минск",Иван
1075318349,2026-07-01T08:51:54Z,"1-к. квартира, центр, под ключ","Сдаётся укомплектованная квартира.
Заезжай с одним чемоданом.

Полный комплект:
Мебель: 3-ех местный диван (2 спальных места), 2-ух местный диван (2 с",1017.64,3000.0,False,https://re.kufar.by/vi/1075318349,4.0,,47.0,29.4,8.7,1,10,4.0,5.0,,1950.0,29,27.541278,53.894522,"Мясникова ул, 76, Минск",Александр
1075277606,2026-07-01T04:36:58Z,2-комнатная квартира с люкс-ремонтом центре Минска 2br top-renovated apt. with in Minsk city-centre,ДОСТУПНА СЕЙЧАС. 2-х комнатная квартире в центре города. 5 минут на машине от вокзала. 3 станции метро в шаговой доступности. Мебелированная. Капиталь,680.66,2006.59,False,https://re.kufar.by/vi/1075277606,3.0,,42.0,26.0,7.2,1,5,5.0,5.0,3,1966.0,29,27.524749,53.898528,"Волоха ул, 2, Минск",Seva R.
1075249332,2026-06-30T17:00:35Z,"3-комнатная квартира, в центре Минска","Сдается на длительный срок трехкомнатная квартира в центре Минска по адресу улица Червякова, 25, квартира 8. В квартире выполнен новый дизайнерский ре",1100.0,3242.8,False,https://re.kufar.by/vi/1075249332,2.0,,55.0,35.0,20.0,1,10,4.0,5.0,3,,22,27.549461,53.925428,"Червякова ул, 25, Минск",Крылов Антон
1069884737,2026-06-30T16:49:27Z,"Аренда 4-комнатной квартиры, Сторожовская 6","Сдается просторная 4-комнатная квартира в престижном ЖК «У Троицкого» (ул. Сторожовская, 6).

Для тех, кто ценит безупречный сервис, приватность и удо",2500.0,7370.0,True,https://re.kufar.by/vi/1069884737,,260,141.8,101.2,,4,,4.0,24.0,4,2011.0,22,27.556835,53.910324,"Сторожовская ул, 6, Минск",ООО Центр недвижимости ГАЛАКТИКА
1075234068,2026-06-30T14:59:30Z,Сдается 3 комнатная квартира,"3 комнатная квартира.1 высокий этаж 9 этажного дома. Окна на улицу, в одной комнате - во двор.  3 раздельные комнаты. Раздельный су. Большая кухня. Кв",712.35,2100.0,False,https://re.kufar.by/vi/1075234068,3.0,65,78.0,44.0,13.0,1,5,1.0,9.0,1,2017.0,30,27.464355,53.919749,"Чичурина ул, 18, Минск",Наталья
1073136123,2026-06-30T00:53:25Z,Сдается отличная 3-комн. квартира у Ботанического сада,"Сдается 3-комнатная квартира 82 м² по адресу: ул. Бумажкова, 37А. В шаговой доступности — Ботанический сад и станция метро «Академическая» (3 остановк",850.0,2505.8,False,https://re.kufar.by/vi/1073136123,4.0,240,82.0,50.0,14.0,3,5,11.0,20.0,10,2012.0,25,27.61935,53.904867,"Бумажкова ул, 37А, Минск",Имя
1075095798,2026-06-29T17:30:59Z,Однокомнатная квартира. С ВНЖ. Длительно,"Сдам 1 комнатную квартиру . На длительный срок.
Можно гражданам России с регистрацией по месту жительства (пропиской) и оформлением ВНЖ. Иностранцам,",440.0,1297.12,False,https://re.kufar.by/vi/1075095798,,320,33.9,16.8,9.0,3,1,7.0,,1,,29,27.478734208952904,53.86286180941077,"Газеты Правда пр, 30, Минск",Яков
1033749356,2026-06-29T15:15:09Z,КВАРТИРА В ЧАСТНОМ ДОМЕ,"Квартира в частном доме с отдельным входом занимает 1 этаж 110 м2.
Сдается на 1-3 месяца максимум.

- Большая терраса с видом на красивый сад

- Камин",1187.25,3500.0,True,https://re.kufar.by/vi/1033749356,4.0,,110.0,,,1,5,1.0,2.0,,2012.0,29,27.458669,53.853115,"Курганная ул, Минск",ИП Ващило А.Н.
1022911082,2026-06-29T14:44:29Z,"64м2 в центре столицы на набережной в 4мин от метро, парка Горького, ул.Захарова","2-комнатная квартира, первая аренда, идеальное состояние, 64 метра, дорогой ремонт, дорогая бытовая техника, сантехника «Villeroy&Boch», 15 этаж, пано",790.0,2328.92,True,https://re.kufar.by/vi/1022911082,2.0,200,64.0,,,1,,15.0,18.0,,2008.0,25,27.584406,53.894883,"Пулихова ул, 45, Минск",ООО Гостевой дом
1071155921,2026-06-29T13:48:40Z,Сдача в аренду квартиры,"Центр Минска. Квартира теплая, уютная, домашняя.Небольшие  коммунальные платежи.Квартира  сдавалась и сдается людям без вредных привычек, не курящим.",460.0,1356.08,False,https://re.kufar.by/vi/1071155921,2.0,120,42.0,25.0,6.0,1,1,2.0,5.0,3,1967.0,23,27.572988,53.917739,"Куйбышева ул, 57, Минск",Ирина
1065058772,2026-06-29T11:29:47Z,Уникальная 3-комнатная квартира с машиноместом,Сдается уникальная трехкомнатная  квартира с изысканным интерьером с машиноместом в подземном паркинге. Интерьер в квартире выполнен в классическом ст,983.72,2900.0,True,https://re.kufar.by/vi/1065058772,,,100.0,60.0,33.0,3,5,3.0,8.0,10,2007.0,22,27.539598,53.929924,"Нововиленская ул, 13А, Минск",Бюро Городской Недвижимости
1075052312,2026-06-29T11:10:36Z,"2-комнатная квартира ул.Сурганова, д.59","Сдается уютная 2-комнатная квартира в экологически чистом районе
г. Минск, ул. Сурганова, д. 59
Общая площадь - 48,0 кв.м, жилая - 30,03 кв.м, кухня -",590.23,1740.0,True,https://re.kufar.by/vi/1075052312,,,48.0,30.0,6.6,3,1,3.0,5.0,1,1971.0,23,27.578441,53.928445,"Сурганова ул, 59, Минск",ООО МИР НЕДВИЖИМОСТИ ПРО
1075038903,2026-06-29T08:41:24Z,Сдам квартиру на короткий срок,"Сдам квартиру на 3-5 месяцев, сама квартира стоит на продаже! По всем вопросам по номеру телефона, или в сообщении!
Без мебели",550.0,1621.4,False,https://re.kufar.by/vi/1075038903,2.0,105,74.0,,,1,1,6.0,,3,2012.0,30,27.438097,53.925661,"Колесникова ул, 37, Минск",Татьяна
1054970918,2026-06-29T07:09:38Z,Сдам квартиру,Сдается студия в среднесрок. В квартире все есть для жизни. Заносите вещи и живите. Стоимость указана без учета коммунальных платежей. Только звонить,1100.0,3242.8,False,https://re.kufar.by/vi/1054970918,1.0,170,28.0,23.0,,1,5,18.0,25.0,2,2024.0,28,27.526967,53.869141,"Брилевская ул, 35, Минск",Александр
1075024633,2026-06-29T06:33:43Z,Трехкомнатная квартира в центре Минска,"Трехкомнатная квартира в центре Минска полностью оборудована. К подъезде консьерж и парковочные места во дворе дома. 
Вся бытовая техника Bosch, в том",850.0,2505.8,False,https://re.kufar.by/vi/1075024633,6.0,90,90.0,80.0,18.0,3,10,18.0,19.0,2,2015.0,22,27.530848,53.910919,"Машерова пр, 43, Минск",Татьяна собственник
1074990550,2026-06-28T20:11:34Z,Сдам квартиру,"Сдам квартиру с 15 сентября на длительный срок студентам, семье,рабочим...возможна регистрация
Метро восток 1 минута, напротив данымолл.",1000.0,2948.0,False,https://re.kufar.by/vi/1074990550,3.0,45,68.0,,,4,1,4.0,9.0,1,2000.0,24,27.648366,53.934944,"Независимости пр, 145, Минск",Николай
1061589276,2026-06-28T17:20:48Z,Недвижимость,"Сдам по договору найма просторную квартиру 52 м3:
ОДНОМУ человеку
Гражданину Беларуси
Без детей
Без животных
Без вредных привычек
Окна во двор, тамбур",400.0,1179.2,False,https://re.kufar.by/vi/1061589276,1.0,,52.0,22.0,12.0,3,15,5.0,9.0,1,2009.0,30,27.415729,53.891259,"Пимена Панченко ул, 62, Минск",Екатерина
1074975158,2026-06-28T16:47:25Z,Аренда стильная однушка у метро.,"Сдается уютная, светлая, теплая студия (1-комн. квартира, общ. площадь 48 м.кв). Возле метро. Солнечная сторона (запад). Окна во двор (отсутствие шума",580.0,1709.84,False,https://re.kufar.by/vi/1074975158,1.0,55,48.0,31.3,,1,10,4.0,13.0,2,2013.0,29,27.514966,53.885687,"Щорса ул, 11, Минск",Юлия
1074926168,2026-06-28T09:00:44Z,"Сдаётся в долгосрочную аренду светлая 3-х комнатная квартира, м. Кунцевщина.","Сдаётся в долгосрочную аренду светлая 3-х комнатная квартира, с евроремонтом, 1 минута от м. Кунцевщина, красивый вид на парк, все необходимое для ком",800.0,2358.4,False,https://re.kufar.by/vi/1074926168,4.0,,100.0,50.0,10.6,3,5,2.0,9.0,,2006.0,30,27.460941,53.906278,"Тимошенко ул, 8, Минск",Инна
1074865241,2026-06-27T17:13:49Z,Сдается 3-комнатная квартира в центре,"Сдается 3-комнатная квартира от собственника в самом центре Минска.

Адрес: пр. Победителей, 43-1. Дом находится прямо напротив стелы «Минск город-гер",848.03,2500.0,True,https://re.kufar.by/vi/1074865241,2.0,,65.0,65.0,,1,5,9.0,9.0,,,22,27.535448,53.915427,"Победителей пр, 43/1, Минск",ИП Романенко Александр Степанович
1074836028,2026-06-27T12:35:12Z,однокомнатная квартира возле метро,"Продается однокомнатная квартира в ЖК ""Минск-Мир"" Дом «Вена».
Площадь по СНБ 33.5 м2. Дом 2023 года постройки. Видеонаблюдение 24/7. 

Развитая уже ин",600.0,1768.8,False,https://re.kufar.by/vi/1074836028,2.0,170,33.5,29.5,5.0,4,5,9.0,19.0,10,2022.0,28,27.544664,53.868578,"Николы Теслы ул, 18, Минск",Жанна
1074826714,2026-06-27T11:22:24Z,Сдам в аренду квартиру,Из из мебели только кухня и шкаф-купе,0.0,0.0,False,https://re.kufar.by/vi/1074826714,,290,33.0,18.0,7.0,,,4.0,5.0,1,,30,27.483857,53.900278,"Бельского ул, 31, Минск",Иван
1074811166,2026-06-27T08:12:39Z,Сдам однокомнатную квартиру на длительный срок,"Сдам на длительный срок однокомнатную ухоженную кваптиру, тихий центр, есть все для проживания. Без животных.Договор. Без регистрации. В квартире никт",400.0,1179.2,False,https://re.kufar.by/vi/1074811166,2.0,,34.0,187.0,7.0,1,1,3.0,5.0,3,1969.0,22,27.547413,53.925852,"Осипенко ул, 4, Минск",Игорь
1074754105,2026-06-26T15:47:10Z,"Аренда 3 кв. по ул.В.Хоружей,д.21","Сдается просторная 3-комнатная квартира 68 кв.м. по ул. В.Хоружей, 21, в самом центре города - рядом Комаровский рынок.

Квартира готова к заселению.",800.0,2358.4,True,https://re.kufar.by/vi/1074754105,,120,68.77,46.8,6.83,3,,3.0,9.0,3,1973.0,23,27.568775,53.920727,"Веры Хоружей ул, 21, Минск",Агентство недвижимости Юриэлт в Минске
1074742851,2026-06-26T13:31:10Z,"Сдам квартиру, Минск","Сдается светлая, уютная квартира у м. «Кунцевщина» на длительный срок. 

Преимущества расположения:
Метро: всего 1 минута ходьбы до станции «Кунцевщин",576.83,1700.5,False,https://re.kufar.by/vi/1074742851,,80,42.0,,,,5,4.0,16.0,2,2014.0,30,27.457941,53.905307,"Притыцкого ул, 77, Минск",Vita
1074737535,2026-06-26T12:54:35Z,"Аренда 2-комнатной квартиры, Сторожовская 6",Предлагается в долгосрочную аренду двухкомнатная квартира в престижном доме с закрытой охраняемой территорией и видеонаблюдением. Дом расположен в сам,950.0,2800.6,True,https://re.kufar.by/vi/1074737535,,260,53.9,45.1,,4,,3.0,24.0,4,2011.0,22,27.556835,53.910324,"Сторожовская ул, 6, Минск",ООО Центр недвижимости ГАЛАКТИКА
1074652247,2026-06-25T20:45:20Z,Семье просторная 4-комнатная квартира в Центральном районе (на длительный срок),"Семье сдаётся 4-комнатная квартира в центре. Предоплата за месяц + коммунальные + залог. Зарегистрирован собственник, коммунальные платежи не высокие.",900.0,2653.2,False,https://re.kufar.by/vi/1074652247,4.0,,103.0,65.0,11.0,4,1,1.0,12.0,1,1998.0,22,27.547377,53.930587,"Червякова ул, 59, Минск",Юрий Боровицкий
1063335907,2026-06-25T17:39:32Z,Сдаю квартиру,"Сдаю 1 комнатную благоустроенную квартиру.на длительный срок в самом центре города. . Есть все для комфортного проживания : мебель, ЖКИ телевизор,  бо",440.98,1300.0,False,https://re.kufar.by/vi/1063335907,2.0,200,40.0,18.0,10.0,1,,,8.0,3,1982.0,25,27.58057763492008,53.897884337018006,"Пулихова ул, 23, Минск",Андрей
1074639000,2026-06-25T17:25:24Z,Сдаю 1-комнатную квартиру на Романовской Слободе.,"Хорошая квартира,чистая,шикарная лоджия. Сдача мужскому полу с образованием",450.0,1326.6,False,https://re.kufar.by/vi/1074639000,,,32.0,,,3,1,8.0,9.0,3,,29,27.544736,53.903483,"Романовская Слобода ул, Минск",Светлана
1074633645,2026-06-25T16:51:08Z,"Коллекторная 8, Аренда 2-комнатной квартиры","Работаем по факту!

На длительный срок сдается 2-комнатная квартира по улице Коллекторная 8.
Квартира укомплектована всей необходимой мебелью и техник",1000.0,2948.0,True,https://re.kufar.by/vi/1074633645,,,55.5,44.0,,1,,8.0,10.0,4,2021.0,29,27.541434,53.900867,"Коллекторная ул, Минск",ООО Центр недвижимости ГАЛАКТИКА
1069067081,2026-06-25T11:13:28Z,Сдам 2-комнатную  Минск Мир,Сдам по договору 2-комнатную квартиру евро двушку) в жк Минск Мир. На длительный срок.,600.0,1768.8,True,https://re.kufar.by/vi/1069067081,4.0,170,38.0,26.0,12.0,3,1,21.0,25.0,2,2021.0,28,27.528737,53.869078,"Михаила Савицкого ул, 4, Минск",ИП Максименко Екатерина Семёновна
1074579920,2026-06-25T08:11:19Z,"3-комнатная квартира ул.Жуковского, д.4","Сдается светлая и уютная 3-комнатная квартира
Минск, ул. Жуковского, д. 4
Общая площадь СНБ - 102,5 кв.м, жилая - 46,3 кв.м, кухня - 11,3 кв.м.
11-15",678.43,2000.0,True,https://re.kufar.by/vi/1074579920,,,102.5,46.3,11.3,3,,11.0,15.0,3,2002.0,28,27.549892,53.883914,"Жуковского ул, 4, Минск",ООО МИР НЕДВИЖИМОСТИ ПРО
1074568907,2026-06-25T06:56:31Z,Сдача в аренду квартиры,"Дом после кап ремонта,находится в 5 мин ходьбы от ст.М. Я.Колоса и ст.М. Пл.Победы",0.0,0.0,False,https://re.kufar.by/vi/1074568907,2.0,,41.0,17.0,6.0,1,1,2.0,5.0,1,1967.0,23,27.588412,53.910856,"Горный переулок, 7, Минск",Галина
1074527464,2026-06-24T20:06:53Z,Однокомнатная квартира в аренду,"Сдается просторная 1-комнатная квартира (50 м²) на длительный срок рядом со станцией метро «Грушевка».

Квартира расположена на 6 этаже высотного дома",650.0,1916.2,False,https://re.kufar.by/vi/1074527464,5.0,,50.0,,12.0,3,10,6.0,,,,29,27.519619,53.889205,"Дзержинского пр, 22, Минск",Жанна
1074518944,2026-06-24T18:05:59Z,Сдаётся просторная и светлая 1-комнатная квартира,Сдаётся просторная и светлая 1-комнатная квартира 42кв метра. Городецкая 38.полуторка.7 этаж 9этажного дома. Рядом парк с детской площадкой. Гипермарк,0.0,0.0,False,https://re.kufar.by/vi/1074518944,,280,42.0,18.0,,1,5,7.0,9.0,3,,24,27.675315,53.945677,"Городецкая ул, 38, Минск",Сергей Петрович
1074510289,2026-06-24T16:51:34Z,"4-комнатная квартира, Космонавтов 22","Сдается новая, просторная 4-комнатная квартира с террасой с современным ремонтом по адресу: ул. Космонавтов, 22.

В квартире установлены новая мебель",1500.0,4422.0,True,https://re.kufar.by/vi/1074510289,,,90.0,56.9,10.1,4,,1.0,5.0,3,2020.0,29,27.460789,53.852329,"Космонавтов ул, 22, Минск",ООО Центр недвижимости ГАЛАКТИКА
1074503122,2026-06-24T15:57:04Z,"Аренда 2 кв. по ул. Макаёнка,12К","Сдается евродвушка с видом на парк Челюскинцев и современным ремонтом в престижном районе ЖК ""Парк Челюскинцев"". ул. Макаенка, 12К на 5 этаже 8 этажно",800.0,2358.4,True,https://re.kufar.by/vi/1074503122,,,46.0,41.4,,3,,5.0,8.0,10,2023.0,24,27.624128,53.922379,"Макаёнка ул, 12К, Минск",Агентство недвижимости ''Юриэлт'' в Минске
1074475501,2026-06-24T11:45:31Z,Сдам квартиру,"Отличная квартира есть всё необходимое для вашего комфортного проживания! Консьерж, 2 лифта, сдаётся только гражданам РБ, срок сдачи до 1 марта 2027 г",576.66,1700.0,False,https://re.kufar.by/vi/1074475501,,,56.0,20.0,18.0,1,5,3.0,15.0,,,29,27.494951,53.877794,"Гурского ул, 41, Минск",Павел
1074469022,2026-06-24T10:47:31Z,Сдача квартиры в долгосрочную аренду,"Сдам в долгосрочную аренду 2- х комнатную квартиру по адресу г.Минск, ул. Сурганова, 80. Выполнен косметический ремонт. Мебель, кухонная мебель, свч-",499.0,1471.05,False,https://re.kufar.by/vi/1074469022,2.0,,50.8,30.2,8.9,1,1,2.0,9.0,1,1992.0,23,27.580929,53.931111,"Сурганова ул, 80, Минск",Пользователь
1072371699,2026-06-24T08:43:16Z,Сдам квартиру,"Сдам на длительный срок уютную студию, с изолированным спальным местом с 15 сентября. Первое заселение. Для одного или двух жильцов без детей и животн",700.0,2063.6,False,https://re.kufar.by/vi/1072371699,3.0,170,33.6,30.2,,3,10,5.0,25.0,2,2022.0,28,27.541448,53.869194,"Белградская ул, 8, Минск",Галина
1074451074,2026-06-24T07:50:51Z,"Аренда 4-комнатной квартиры, Платонова 23","Квартира с террасой 75 м2 в центре города 

- Светлая дизайнерская квартира на последнем, 19-м этаже современного дома в центре Минска
- Площадь кварт",2300.0,6780.4,True,https://re.kufar.by/vi/1074451074,,,215.2,119.18,,1,,19.0,19.0,4,2014.0,23,27.593128,53.909286,"Платонова ул, 23, Минск",ООО Центр недвижимости ГАЛАКТИКА
1074349815,2026-06-23T19:28:21Z,Сдаётся новая 2ух комнатная квартира,"Первая сдача новой евродвушки на 19ом этаже 25 этажки, площадью 39.2 кв м. Современный дизайн и планировка. Просторная кухня-гостиная, спальня, гардер",610.58,1800.0,False,https://re.kufar.by/vi/1074349815,2.0,170,39.2,37.1,,4,5,19.0,25.0,,2025.0,28,27.555318,53.865499,"Николы Теслы ул, 28, Минск",Светлана
1074343148,2026-06-23T17:59:08Z,Сдам 1-комнатную квартиру с мебелью на длительный срок,"Сдам на длительный срок 1 комнатную меблированную квартиру, хороший ремонт, плитка в ванной, новая кухня, газовая плита, застеклённый балкон с вагонко",0.0,0.0,False,https://re.kufar.by/vi/1074343148,2.0,145,42.4,17.7,9.0,3,1,2.0,9.0,1,2002.0,27,27.587289,53.836105,"Прушинских ул, 10, Минск",Наталья
1068789639,2026-06-23T17:30:14Z,Квартира ЖК Каскад,"От собственника сдается роскошная элитная 2 комнатная квартира площадью 75м2 в ЖК Каскад на ул.Скрыганова на длительный срок. Выполнен свежий ремонт,",1500.0,4422.0,False,https://re.kufar.by/vi/1068789639,2.0,,75.0,,,4,10,3.0,25.0,,,30,27.516745,53.910034,"Скрыганова ул, 4, Минск",Сергей
1066095841,2026-06-23T16:50:27Z,"Аренда 3-комнатной квартиры, Победителей 127","Работаем по факту!
Просторная трехкомнатная квартира на длительный срок. Максимально укомплектована всей необходимой мебелью и техникой для комфортног",1950.0,5748.6,True,https://re.kufar.by/vi/1066095841,,,90.6,52.2,,3,,6.0,,4,2014.0,22,27.467472,53.939767,"Победителей пр, 127, Минск",ООО Центр недвижимости ГАЛАКТИКА
1074323786,2026-06-23T15:07:18Z,"Сдается 1-комн. квартира Богдановича, 136","Если на длительный срок 650 у е, 
на 2/3/4 месяца 750 у е,
на 1 месяц 850 у е.
Квартира будет свободна с 17 августа.
Сдаётся комфортная просторная 1-к",650.0,1916.2,False,https://re.kufar.by/vi/1074323786,,220,47.0,17.8,12.7,,10,,,,,23,27.584882,53.938501,"Максима Богдановича ул, 136, Минск",SY
1074318201,2026-06-23T13:33:12Z,Двух комнатная квартира на танка.,"Квартира сдается с 3 июля. 
Два балкона.",650.0,1916.2,False,https://re.kufar.by/vi/1074318201,2.0,90,55.0,40.0,9.0,1,1,8.0,9.0,3,1987.0,22,27.533048522405377,53.90831418071112,"Максима Танка ул, 30к2, Минск",Славик
1049077053,2026-06-23T12:52:32Z,"Аренда 2-комнатной квартиры, Мира 1","Сдается светлая евро-двушка в ЖК «Минск Мир» 

 О квартире:
Уютная и современная планировка
Полностью укомплектована мебелью и техникой для комфортног",678.43,2000.0,True,https://re.kufar.by/vi/1049077053,,170,40.4,34.9,,,,14.0,24.0,4,2020.0,28,27.549929,53.870007,"Мира пр, 1, Минск",ООО Центр недвижимости ГАЛАКТИКА
1074297643,2026-06-23T10:54:16Z,Сдается 3-комнатная квартира на пр.Победителей на длительный срок,"Квартира сдается на длительный срок. Иностранцам, студентам, двум-трем мальчикам или девочкам и т.п. а также нанимателям с домашними животными квартир",550.0,1621.4,False,https://re.kufar.by/vi/1074297643,5.0,,63.1,38.2,7.4,4,,2.0,9.0,3,1983.0,22,27.534468,53.914992,"Победителей пр, 43/3, Минск",Виктор
1074267683,2026-06-23T06:29:48Z,Большая комфортная квартира возле метро,"СДАЕТСЯ  просторная  3-комнатная квартира с  тремя раздельными комнатами  в престижном ЖК «Vogue» по адресу: ул.Макаенка, 12В, в одном из самых прести",1105.83,3260.0,True,https://re.kufar.by/vi/1074267683,,,80.0,62.0,14.0,3,5,8.0,18.0,10,2019.0,24,27.625773,53.923742,"Макаёнка ул, 12В, Минск",Бюро Городской Недвижимости
1074122399,2026-06-23T06:11:27Z,"Премиум квартира с итальянской мебелью  около леса и озера, с парковкой, территория огорожена","Апартаменты в классическом итальянском стиле.
Закрытая территория, всего 6 квартир — тишина и безопасность! 
Просторная гостиная с камином! 
Итальянск",2768.79,8162.4,False,https://re.kufar.by/vi/1074122399,4.0,,151.0,140.0,12.0,4,10,1.0,3.0,3,2008.0,23,27.580435,53.946185,"4-й Измайловский переулок, Минск",Екатерина
1074217375,2026-06-22T17:10:16Z,"Сдам 2х комнатную квартиру  в Минске, Фрунзенский","Сдам 2х комнатную квартиру, уютная возле метро Молодежная. Благоустроенная с мебелью, стиральной машиной и микроволновой печью. Обращаться только заин",407.06,1200.0,False,https://re.kufar.by/vi/1074217375,2.0,,44.9,,,2,1,1.0,5.0,1,,30,27.516071,53.909938,"Скрыганова ул, Минск",Nika
1068128704,2026-06-22T15:06:38Z,"Уютная Евродвушка на улице Семашко,4Д","Двухкомнатная квартира  на улице Семашко ,4Д в  престижном жилом комплексе « Петровские верфи».
В шаговой доступности станция метро «Петровщина».
Прос",700.0,2063.6,False,https://re.kufar.by/vi/1068128704,3.0,225,47.8,35.4,18.8,3,5,13.0,18.0,10,2022.0,29,27.494781,53.863848,"Семашко ул, 4Д, Минск",Раиса Петровна
1074199431,2026-06-22T14:30:31Z,Трехкомнатная  Квартира возле метро,"Трех комнатная квартира возле метро Аэродромная, ТЦ Авиа Молл",1200.0,3537.6,True,https://re.kufar.by/vi/1074199431,3.0,170,64.0,,,1,10,12.0,25.0,2,2024.0,28,27.547287,53.864968,"Игоря Лученка ул, Минск",OOO КАЛДОРА
1064110706,2026-06-22T14:14:11Z,Современная трехкомнатная с мебелью (Минск-Мир),Вашему вниманию мы рады предложить уютную и современную трехкомнатную квартиру в аренду на восемнадцатом этаже девятнадцатиэтажного дома 2021 года пос,800.0,2358.4,True,https://re.kufar.by/vi/1064110706,3.0,170,63.4,46.3,,4,10,18.0,19.0,10,2021.0,28,27.533160880950692,53.870047630425006,"Николы Теслы ул, 8, Минск",Ассистанс Хэлс Риэлт
1074194625,2026-06-22T13:25:26Z,Аренда,"Сдается светлая 1-комнатная квартира в доме комфорт-класса. Выход из подъезда — и вы через 1 минуту на станции метро «Петровщина». Для тех, кто устал",590.0,1739.32,False,https://re.kufar.by/vi/1074194625,1.0,320,45.0,18.0,11.0,3,5,6.0,25.0,10,2016.0,29,27.483812,53.865717,"Газеты Правда пр, 17, Минск",Екатерина
1074163973,2026-06-22T08:48:49Z,Сдам 3-х комн квартиру  возле  метро ''Московская'',Сдается трехкомнатная квартира ( 110 м кв.) в частном коттедже.Отдельный вход. Уровень 3 этажа. Для молодых людей ( не более 3-х человек) (крутая лест,746.27,2200.0,False,https://re.kufar.by/vi/1074163973,,,110.0,,,1,1,3.0,3.0,,,24,27.619835,53.935251,"Ватутина ул, 31, Минск",Виктор Михайлович
1073177816,2026-06-22T07:37:12Z,Сдам квартиру,"Сдам 3 х комнатную квартиру гостям нашей страны  в центре Минска ст. м Немига.
Дом ""Панарама"" Сторожевская,8 находиться в самом центре города и в одно",0.0,0.0,False,https://re.kufar.by/vi/1073177816,,260,62.0,42.0,9.0,1,1,6.0,9.0,3,,22,27.555453,53.912972,"Сторожовская ул, 8, Минск",Лилия
1074106856,2026-06-21T19:28:05Z,"Снять 4-комнатную квартиру, г. Минск, ул. Космонавтов, 22/2","Просторная 4-комнатная квартира с дизайнерским ремонтом и большой террасой для долгосрочной аренды с серидины июля/начало августа.

Квартира полностью",1500.0,4422.0,False,https://re.kufar.by/vi/1074106856,4.0,,112.4,90.0,10.0,3,5,1.0,3.0,1,2020.0,29,27.460798,53.852329,"Космонавтов ул, 22, Минск",Елизавета
1046084371,2026-06-21T19:26:17Z,сдам квартиру,Сдам двухкомнатную квартиру в центре Минска по ул. Тимирязева  10. для строителей в количестве 7 человек. Есть все самое необходимое для проживания: к,1050.0,3095.4,False,https://re.kufar.by/vi/1046084371,9.0,,60.0,33.0,11.0,4,1,8.0,24.0,2,2017.0,22,27.524955,53.913481,"Тимирязева ул, 10, Минск",Екатерина
1074097674,2026-06-21T17:18:43Z,"Предложение о сдаче 1-комнатной квартиры на Ротмистрова, 14","Предложение о сдаче 1-комнатной квартиры. Квартира от собственника, после ремонта, Ротмистрова, 14, Минск, на длительный срок. 8-й этаж 9-и этажного д",764.93,2255.0,False,https://re.kufar.by/vi/1074097674,,310,33.0,18.0,8.0,1,5,8.0,9.0,1,,26,27.694683,53.838953,"Ротмистрова ул, 14, Минск",Владислав
1074077464,2026-06-21T14:14:23Z,Аренда квартиры,"Сдается квартира после ремонта. 
кухня 12 м
комната 22м ( кровать и диван )
два оборудованных балкона под рабочее место",600.0,1768.8,False,https://re.kufar.by/vi/1074077464,,150,50.0,,,1,5,17.0,19.0,2,2013.0,29,27.452533,53.845928,"Слободская ул, 125, Минск",Андрей
1074040924,2026-06-21T08:03:26Z,Сдаётся 2 комнатная квартира Пионерская 36,"Сдаётся 2 комнатная квартира с большой террасой
Пионерская 36",1187.25,3500.0,False,https://re.kufar.by/vi/1074040924,2.0,195,80.0,,,1,,2.0,6.0,,,22,27.481674,53.939253,"Пионерская ул, 36, Минск",ул. Пионерская
1057978262,2026-06-21T07:54:38Z,"Аренда 1-комнатной квартиры, Нововиленская 57","Работаем по факту!
Сдаётся студия в ЖК «Левада» — воплощённый в жизнь дизайн‑проект с потрясающим видом.
Квартира актуальна с конца июля и сдается на",650.0,1916.2,True,https://re.kufar.by/vi/1057978262,,,36.0,29.8,,3,,7.0,9.0,2,,22,27.52969,53.936279,"Нововиленская ул, 57, Минск",ООО Центр недвижимости ГАЛАКТИКА
1074003340,2026-06-21T04:49:02Z,Квартира,"сдается двухкомнатная квартира, раздельные 2 большие комнаты
, два TV, два кондиционера,
 есть всё для комфортного проживания, тихое уютное место, ква",900.0,2653.2,False,https://re.kufar.by/vi/1074003340,4.0,30,69.0,46.0,12.0,1,5,7.0,20.0,10,2015.0,29,27.47994522624105,53.85414254595203,"Чюрлёниса ул, 8, Минск",Женя
1045672452,2026-06-20T18:00:52Z,Сдать квартиру,Новая квартира с современным ремонтом оборудована всем необходимым.в шаговой доступности остановки общественного транспорта до метро автозаводская и п,915.88,2700.0,False,https://re.kufar.by/vi/1045672452,4.0,,45.0,30.0,8.0,1,5,15.0,17.0,10,2023.0,26,27.635744,53.862143,"Виктора Ливенцева ул, Минск",Валентина
1073963064,2026-06-20T14:21:28Z,Ищем квартиру для съема в Минске,"Молодая семья ищет квартиру для съема в Минске, в районе парка Челюскинцев - зеленый луг( или где-то рядом с ними). Без вредных привычек, детей и живо",0.0,0.0,False,https://re.kufar.by/vi/1073963064,,,10.0,,,,,,,,,24,27.613376,53.924166,Минск,дана
1073953383,2026-06-20T12:53:28Z,Евротрешка 56м2,"ЗВОНИТЕ . Актуально.
Евротрешка. 2 спальни. Зал с кухней совмещен. Балкон, лоджия, вся техника имеется. К сдаче для 1-2 человек. На несколько месяцев",770.0,2269.96,False,https://re.kufar.by/vi/1073953383,2.0,170,56.0,,,1,10,4.0,16.0,2,2023.0,28,27.527488,53.867766,"Лейтенанта Кижеватова ул, 1, Минск",Настя
1063963105,2026-06-20T11:58:27Z,"Сдам 1-ную квартиру ул Волгоградская д 59, 10 мин Челюскинцев, 15 мин Московская, 20 мин Колоса","1500 руб!!!Звоните ! Сдаю 1-ную квартиру ул Волгоградская д 59, 10 мин ст м Парк Челюскинцев, 15 мин ст м Московская, 20 мин ст м Колоса. В квартире В",508.82,1500.0,False,https://re.kufar.by/vi/1063963105,1.0,,35.0,,,1,1,,,,,24,27.609244,53.937456,"Волгоградская ул, 59, Минск",Светлана
1049152546,2026-06-20T07:50:24Z,"Аренда 3-комнатной квартиры, Киселева 17","Стильная квартира с высокими потолками и большими окнами, с тремя спальнями, кабинетом на втором уровне и двумя гардеробными.",3000.0,8844.0,True,https://re.kufar.by/vi/1049152546,,,95.5,91.5,,1,,8.0,8.0,2,2016.0,22,27.568829,53.912273,"Киселёва ул, 17, Минск",ООО Центр недвижимости ГАЛАКТИКА
1073855533,2026-06-19T15:50:02Z,"Сдаётся уютная 2-комнатная квартира в центре Минска  ул. Карастояновой, 39","Сдаётся уютная 2-комнатная квартира в центре Минска!
 ул. Карастояновой, 39

Светлая, аккуратная и ухоженная квартира расположена на комфортном 4 этаж",600.0,1768.8,False,https://re.kufar.by/vi/1073855533,,,60.0,40.0,7.0,1,5,4.0,5.0,3,1967.0,22,27.565379,53.938511,"Лили Карастояновой ул, 39, Минск",Нелли
1073836625,2026-06-19T14:44:38Z,Аренда 3 комнатной квартиры,"Сдаются 3 комнаты в 4 комнатной квартире с аккуратным ремонтом оснащенной всем для комфорта и уюта: мебель, бытовая техника, имеется посудомоечная маш",800.0,2358.4,False,https://re.kufar.by/vi/1073836625,,30,77.8,,10.2,4,5,7.0,9.0,1,2008.0,29,27.488304,53.84782,"Наполеона Орды ул, 37, Минск",Наталья
1073814123,2026-06-19T10:52:09Z,"Аренда 2к, ул.Репина","Сдается квартира в центре. Рядом центральные парки ,школы ,магазины ,рестораны ,кафе ,спорт залы ,бассейн …
Удобное расположение. 
Есть все необходимо",950.0,2800.6,False,https://re.kufar.by/vi/1073814123,,,79.0,65.0,13.0,3,5,8.0,10.0,3,,22,27.527447962509996,53.912698552992694,"Репина ул, 4, Минск",..
1073811121,2026-06-19T10:13:21Z,Квартира в Центре,Сдам 2 комнатную квартиру В Центре Минска все в шаговой доступности все интересующие вопросы  по тел,650.0,1916.2,False,https://re.kufar.by/vi/1073811121,2.0,,48.0,38.0,6.0,2,10,1.0,5.0,2,1990.0,22,27.562343,53.931429,"Орловская ул, 13, Минск",Екатерина
1073773482,2026-06-19T07:34:23Z,Новая уютная квартира,"Новая квартира. В квартире выполнен ремонт из высококачественных материалов. 
Укомплектована необходимой мебелью и бытовой техникой.
Для хранения одеж",550.0,1621.4,False,https://re.kufar.by/vi/1073773482,2.0,220,49.6,18.9,12.4,3,5,8.0,16.0,1,2023.0,23,27.600495,53.942518,"Восточная ул, 139, Минск",Лариса
1073318203,2026-06-18T11:57:48Z,Недвижимость,"Сдам студию на срок от года по договору найма возле метро Аэродромная 
-гражданам рб
-одному человеку
-без ЖИВОТНЫХ (это не шутка)
-не курящим
В случа",500.0,1474.0,False,https://re.kufar.by/vi/1073318203,1.0,170,24.0,17.0,,3,1,21.0,25.0,2,2023.0,28,27.550027,53.862977,"Игоря Лученка ул, 26, Минск",Екатерина
1004877260,2026-06-18T05:12:36Z,Квартира,Квартира ищет своих порядочных жильцов. Никто не жил.. Новая квартира с мебелью. отличный ремонт.,800.0,2358.4,False,https://re.kufar.by/vi/1004877260,6.0,170,60.0,,,4,10,6.0,15.0,,2023.0,28,27.528647,53.869725,"Михаила Савицкого ул, 2, Минск",игорь
1056173262,2026-06-17T12:56:09Z,"Аренда 3-комнатной квартиры, Победителей 47/1","Работаем по факту!
Сдается на длительный срок 3-комнатная квартира.

Квартира расположена напротив парковой зоны Комсомольское озеро, рядом ТЦ «Галере",915.88,2700.0,True,https://re.kufar.by/vi/1056173262,,,63.07,37.38,7.56,3,,14.0,16.0,3,1984.0,22,27.533194,53.916462,"Победителей пр, 47к1, Минск",ООО Центр недвижимости ГАЛАКТИКА
1059465131,2026-06-17T12:56:09Z,"Дизайнерская новая 1-комнатная квартира в ЖК ''Парк Челюскинцев'' по адресу: ул. Макаенка, д. 12Л","ПЕРВОЕ ЗАСЕЛЕНИЕ!

Сдается новая дизайнерская 1-комнатная квартира с шикарным видом на парк в ЖК ""Парк Челюскинцев"" по адресу: ул. Макаенка, д. 12Л.
В",800.0,2358.4,True,https://re.kufar.by/vi/1059465131,,,39.2,31.1,,3,,4.0,25.0,4,2020.0,24,27.624,53.9218,"Макаёнка ул, 12Л, Минск",ООО Центр недвижимости ГАЛАКТИКА
1073474560,2026-06-17T12:13:57Z,Сдам на длительный срок 1 комнатную в  Минск Мир,"Сдам на длительный срок 1 комнатную студию квартиру г.Минск, ул.Братская, 4  метро Аэродромная, ЖК «Minsk World», квартал Эмиратс, дом Марина 2 ,площа",630.0,1857.24,False,https://re.kufar.by/vi/1073474560,2.0,170,30.0,25.0,5.0,1,10,8.0,16.0,10,2020.0,28,27.553225,53.870506,"Братская ул, 4, Минск",Василий Васильевич
1073451096,2026-06-17T08:13:40Z,"Сдам 3 - х комнатная ЦЕНТР, ул Леонида Беды","Сдам 3 - х комнатная евроремонт. Центр ул Леонида Беды 26.
Жилье премиум класса,
2 квартиры на этаже, всего 16 квартир в подъезде. кирпичный дом, кухн",799.0,2355.45,False,https://re.kufar.by/vi/1073451096,6.0,220,90.0,75.0,15.0,3,10,2.0,9.0,,2016.0,23,27.592931,53.935299,"Леонида Беды ул, 26, Минск",Александр
1073361940,2026-06-16T14:25:38Z,Двухкомнатная квартира в тихом районе не далеко от станции Восток,"Сдается двухкомнатная квартира в тихом и экологически чистом районе города Минска. Станция метро Восток 790 метров. Лес, озеро, и велодорожки в 300 м.",332.43,980.0,False,https://re.kufar.by/vi/1073361940,2.0,45,46.0,39.0,6.1,1,1,3.0,5.0,1,1970.0,24,27.651204,53.934478,Минск,Ольга
1049152549,2026-06-16T12:53:11Z,2-комнатная квартира в ЖК D3 Победителей 135 с ПАРКИНГОМ,"Работаем по факту!
Сдаётся уютная 2-комнатная квартира 71 кв.м в уникальном жилом комплексе D3 по адресу: проспект Победителей, 135А — с парковочным м",1300.0,3832.4,True,https://re.kufar.by/vi/1049152549,,,71.0,63.1,,1,,5.0,26.0,2,2017.0,22,27.461803,53.942848,"Победителей пр, 135А, Минск",ООО Центр недвижимости ГАЛАКТИКА
1072954295,2026-06-16T12:25:08Z,Сдача квартиры в аренду,"Сдается уютная и стильная квартира с дизайнерским ремонтом, новой мебелью и бытовой техникой. В квартире имеется гардеробная, просторная ванная комнат",650.0,1916.2,False,https://re.kufar.by/vi/1072954295,3.0,,44.0,30.0,6.0,1,10,2.0,4.0,1,1960.0,24,27.61819296766313,53.934423053829114,"Волгоградская ул, 27, Минск",Татьяна
1073330157,2026-06-16T10:15:53Z,Аренда 1-комн квартиры у метро от собственника.,"Сдается уютная, светлая, теплая 1-комн. квартира (общ. площадь 49 м.кв). От собственника. Возле метро. Солнечная сторона (запад). Окна во двор (отсутс",500.0,1474.0,False,https://re.kufar.by/vi/1073330157,1.0,55,49.0,20.5,12.3,1,1,6.0,13.0,10,2013.0,29,27.515438068786487,53.88512922028929,"Щорса ул, 11, Минск",Максим
1073328159,2026-06-16T09:46:05Z,"8 комнатная квартира с башней на 30 спальных мест пл. Победы, вид на фонтан. В 7 раз ДЕШЕВЛЕ","В аренду - 8 комнатная квартира с башней, от собственника на 30 спальных мест.
Площадь 150 кв. метров.
Три санузла.
В тихом центре на пл. Победы, с ви",3150.0,9286.2,False,https://re.kufar.by/vi/1073328159,10.0,,150.0,120.0,20.0,,10,5.0,5.0,3,,22,27.571856,53.90832,"Независимости пр, 31, Минск",Алекс
1073321762,2026-06-16T08:41:59Z,Сдаётся 1-комнатная квартира-студия в ЖК «Нарочанский» (Лебяжий),"Сдаётся 1-комнатная квартира-студия в ЖК «Нарочанский» (Лебяжий)

г. Минск, ул. Мястровская, 8

Современная светлая квартира площадью 38,9 м² с качест",620.76,1830.0,True,https://re.kufar.by/vi/1073321762,2.0,,36.6,15.9,10.0,3,5,15.0,22.0,10,,22,27.475674,53.934212,"Мястровская ул, 8, Минск",ООО ''Оператор недвижимости ''Перспектива24-Развитие''
1073320659,2026-06-16T08:30:59Z,Квартира для организации и их сотрудников,"Ищете удобное жилье на время вахты? У нас есть несколько вариантов для временного проживания.
Эта квартира расположена в непосредственной близости от",0.0,0.0,True,https://re.kufar.by/vi/1073320659,10.0,125,74.0,,,1,1,2.0,9.0,4,,30,27.42486282012876,53.89611681867653,"Мазурова ул, 20, Минск",ИП Тестов Н.Н.
1073309649,2026-06-16T07:22:49Z,Студия возле метро в аренду,"Сдается уютная студия в шаговой доступности от метро Аэродромная и ТРЦ Avia Mall! Идеально для отдыхающих и студентов, которые ценят комфорт и свое вр",508.82,1500.0,False,https://re.kufar.by/vi/1073309649,,170,28.9,21.6,,4,5,7.0,19.0,,2022.0,28,27.544664,53.868578,"Николы Теслы ул, 18, Минск",Татьяна
1073230906,2026-06-15T15:16:55Z,Сдаётся однокомнатная квартира на длительный срок,"Сдаётся однокомнатная квартира на длительный срок. Желательно для семьи/пары. Современный дизайн интерьера. Качественные отделочные материалы, мебель",520.0,1532.96,False,https://re.kufar.by/vi/1073230906,4.0,240,42.0,17.2,9.0,1,10,8.0,9.0,1,2012.0,25,27.618587,53.900374,"Фроликова ул, 31А, Минск",Елена
249353592,2026-06-15T12:00:04Z,"Однокомнатная квартира от 1 месяца, недели.",Сдам квартиру от одного месяца (возможно  недели). В квартире есть все необходимое для проживания. Без детей и домашних животных. Оплата +коммун. Аген,576.83,1700.5,False,https://re.kufar.by/vi/249353592,2.0,80,33.8,,,1,1,,9.0,,1986.0,30,27.451195,53.895111,"Якубовского ул, 36, Минск",Юлия
1012032341,2026-06-15T11:29:52Z,Просторная 2-комнатная квартира рядом с парком,"Сдается в аренду на длительный срок просторная 2-комнатная квартира в элитном доме. Престижный и тихий район в центре Минска. Площадь 95м 2 .  

Кварт",899.0,2650.25,True,https://re.kufar.by/vi/1012032341,,,95.0,54.0,18.0,3,1,3.0,7.0,3,2002.0,22,27.529,53.914,"Чехова ул, Минск",Бюро Городской Недвижимости
1073189330,2026-06-15T08:55:48Z,Аренда квартиры Беды 33,"-ДОЛГОСРОЧНАЯ АРЕНДА 
-ГРАЖДАНИНАМ РБ
-БЕЗ ДОМАШНИХ ЖИВОТНЫХ 
-КУРИТЬ В КВАРТИРЕ ЗАПРЕЩЕНО 
-ДОГОВОР И КОММУНАЛЬНЫЕ дополнительно оплачиваются 
-ЗАЛОГ",508.82,1500.0,False,https://re.kufar.by/vi/1073189330,,220,44.2,,,1,5,2.0,,3,,23,27.593137,53.937393,"Леонида Беды ул, 33, Минск",Натали
1073172337,2026-06-15T06:55:37Z,Сдам квартиру,"Будет стараться 3х комнатная квартира, с 1.07, после косметического ремонта, на длительный срок. Состояние квартиры хорошее, без мебели, есть только н",500.0,1474.0,False,https://re.kufar.by/vi/1073172337,,100,73.0,,7.0,1,1,2.0,9.0,1,,24,27.640245805988542,53.951365994726295,"Тикоцкого ул, 50к1, Минск",Любовь
1073170655,2026-06-15T06:33:37Z,Сдается в долгосрочную аренду стильная евр-2 квартира в ЖК ''Северный Берег'',"Сдается в долгосрочную аренду стильная евр-2 квартира в одном из самых современных жилых комплексов Минска — «Северный Берег».

Адрес: ул. Виталия Цви",1127.88,3325.0,True,https://re.kufar.by/vi/1073170655,2.0,,51.7,45.7,,3,5,5.0,7.0,10,2024.0,23,27.566053,53.961953,"Виталия Цвирко ул, 78, Минск",ООО ''Оператор недвижимости ''Перспектива24-Развитие''
1073165688,2026-06-15T05:56:03Z,Сдам 1-комнатную квартиру ОЛЕШЕВА,"Квартира в отличном состоянии. В доме есть лифт, подземный паркинг, Хорошее транспортное сообщение, рядом магазины и торговый центр, парк. В квартире",550.0,1621.4,False,https://re.kufar.by/vi/1073165688,,,40.0,32.0,8.0,3,5,6.0,9.0,4,2019.0,23,27.602426,53.945761,"Олешева ул, 5, Минск",Eлена
1073134857,2026-06-15T04:22:59Z,Сдается однокомнатная квартира ул.Космонавтов 14,"Сдается уютная, однокомнатная квартира по адресу Космонавтов 14. 10 минут пешком до станции метро Малиновка, рядом остановка общественного транспорта.",450.0,1326.6,False,https://re.kufar.by/vi/1073134857,,,37.0,17.0,10.0,3,5,4.0,10.0,1,2012.0,29,27.463286,53.853455,"Космонавтов ул, 14, Минск",Руслан
1073066211,2026-06-14T19:53:06Z,Аренда квартиры,"Сдается в районе квартала ДЕПО чистая, ухоженная, уютная, ранее не сдавалась, двухкомнатная квартира после ремонта, полностью меблирована",712.35,2100.0,False,https://re.kufar.by/vi/1073066211,4.0,,60.0,30.0,6.0,1,5,3.0,5.0,3,1950.0,25,27.576184943363586,53.90875907521937,"Независимости пр, 40, Минск",Алина Маслова
1073106189,2026-06-14T16:13:00Z,Сдается 2-комнатная квартира,"Квартира с хорошим ремонтом, светлая и уютная - сдается на длительный срок.  В квартире есть вся необходимая мебель и бытовая техника. Дом с консьерже",650.0,1916.2,False,https://re.kufar.by/vi/1073106189,2.0,105,64.0,31.0,10.0,3,1,13.0,22.0,,2012.0,30,27.428512,53.908076,"Притыцкого ул, 158, Минск",Татьяна
1073089791,2026-06-14T13:29:44Z,Сдается 1 комнатная квартира,"Сдается 1 комнатная квартира (студия) 27кв. с отличным видом на длительный срок (не менее 1 года). Минск - Мир, метро Аэродромная. Квартира полностью",508.82,1500.0,False,https://re.kufar.by/vi/1073089791,2.0,170,27.0,,,1,5,14.0,25.0,5,2024.0,28,27.528611,53.872491,"Брилевская ул, 25, Минск",Юля
1064948162,2026-06-14T07:51:53Z,"Смолячкова 4, трехкомнатная квартира.","Трёхкомнатная квартира по адресу: Смолячкова 4 со всеми сопутствующими удобствами (паркинг, консьерж, видеонаблюдение, закрытая парковка, лифт) в само",1150.0,3390.2,True,https://re.kufar.by/vi/1064948162,,,56.8,30.3,18.5,4,,5.0,7.0,4,2013.0,23,27.583704,53.90934,"Смолячкова ул, 4, Минск",ООО Центр недвижимости ГАЛАКТИКА
1072945624,2026-06-13T11:03:16Z,1 комнатная Квартира,Уютная светлая квартира на месяц два три. Регистрация Первомайский Фрунзенский Московский Центральный район г Минска.,1051.56,3100.0,False,https://re.kufar.by/vi/1072945624,2.0,,36.0,20.0,6.0,2,1,2.0,8.0,3,1965.0,24,27.607609,53.924092,"Калинина ул, 1, Минск",Игорь
1072584386,2026-06-13T10:20:56Z,Сдам двухкомнатную квартиру,"Сдам с 01 Августа  2026г.2-х комнатную в микрорайоне Сокол:30мин.езды на автобусе 112С от метро «Могилевская»,проезд 1р.Прихожая:шкаф для одежды и обу",339.21,1000.0,False,https://re.kufar.by/vi/1072584386,2.0,245,54.0,32.0,9.4,3,5,4.0,5.0,1,1987.0,28,27.906326,53.877619,"Барамзиной ул, 6, Минск",Александр
1072940571,2026-06-13T09:56:26Z,"Сдается квартира по ул. Игнатовского, д.1","Добрый день! 
Сдаётся однокомнатная квартира по улице Игнатовского, д.1 (на длительный срок и 56 кв.м). Мебель включает: шкаф-купе (девушки оценят) и",475.0,1400.3,False,https://re.kufar.by/vi/1072940571,2.0,65,56.0,42.0,10.0,1,1,4.0,9.0,2,2014.0,30,27.449847,53.922936,"Всеволода Игнатовского ул, Минск",Alex
1072932919,2026-06-13T08:30:40Z,аренда квартиры,"сдаю 3-х комнатную квартиру на длительный срок, полностью меблированная, сигнализация, тихий зеленый район, в пешей доступности магазины, остановки об",627.54,1850.0,False,https://re.kufar.by/vi/1072932919,3.0,100,70.0,40.0,9.0,3,5,4.0,5.0,3,,23,27.615946,53.951691,"Кольцова ул, 3, Минск",Оксана
1064804625,2026-06-13T07:49:34Z,Современная 3-комнатная квартира с шикарным видом на водохранилище в ЖК ''Д3'' в аренду,"Сдается современная 3-комнатная квартира с шикарным видом на водохранилище  в ЖК ""Д3"" по адресу: пр-т Победителей, д.135Б. В стоимость включено машино",3000.0,8844.0,True,https://re.kufar.by/vi/1064804625,,,112.0,97.4,,3,,14.0,26.0,4,2018.0,22,27.461246,53.94326,"Победителей пр, 135Б, Минск",ООО Центр недвижимости ГАЛАКТИКА
1072913207,2026-06-13T05:25:06Z,Сдам квартиру,КВАРТИРАсдаётся по договору с20 сентября,450.0,1326.6,False,https://re.kufar.by/vi/1072913207,2.0,40,36.0,36.0,36.0,3,,5.0,,3,1998.0,22,27.510133,53.929908,"Победителей пр, 73к1, Минск",Андрей
1072840006,2026-06-12T12:53:33Z,"Аренда 4-комнатной квартиры, 4-й переулок Кольцова 91","Сдается   шикарная  4 - комнатная квартира в 
 в таун-хаусе .  4 комнаты (Кухня- гостиная + 3 изолированные комнаты) , 2 сан. узла,  2 лоджии,  собств",1300.0,3832.4,True,https://re.kufar.by/vi/1072840006,,,120.0,90.0,,3,,,,4,,23,27.589813,53.952755,"4-й переулок Кольцова, 91, Минск",ООО Центр недвижимости ГАЛАКТИКА
1072817185,2026-06-12T09:01:50Z,Сдаётся уютная 1-комнатная квартира с евроремонтом,"Отличное расположение - в пешей доступности центр города и станции метро трёх линий. Рядом магазины, школы, детские сады, остановки транспорта, зелёна",474.9,1400.0,False,https://re.kufar.by/vi/1072817185,2.0,,31.0,17.1,6.0,1,5,3.0,5.0,3,1964.0,29,27.521218,53.897514,"Волоха ул, 10, Минск",Владимир
1050815927,2026-06-11T16:48:24Z,"Аренда 2-комнатной квартиры, Казарменный 5А","Предлагается в аренду стильная 2-ух комнатная квартира в ""Сталинке"" у реки.
Качественный современный ремонт в светлых тонах. Металлическая дверь, стек",850.0,2505.8,True,https://re.kufar.by/vi/1050815927,,,60.2,31.3,7.3,2,,4.0,5.0,3,1957.0,27,27.573644,53.894124,"Казарменный переулок, 5А, Минск",ООО Центр недвижимости ГАЛАКТИКА
1072728486,2026-06-11T14:23:44Z,"2х.ком.квартира в долгосрочную аренду для организаций ,Уручье","Сдаётся 2-комнатная квартира в долгосрочную аренду для размещения командированных.Уютная квартира, укомплектована всем необходимым.Предоставление отче",0.0,0.0,False,https://re.kufar.by/vi/1072728486,4.0,50,62.0,48.0,6.0,1,1,3.0,19.0,1,2015.0,24,27.703433,53.946005,"Героев 120-й Дивизии ул, 4, Минск",Екатерина
1072716076,2026-06-11T12:23:22Z,"Однокомнатная квартира на улице  Скрыганова,4А","Просторная квартира в ЖК ""КАСКАД"" .
В шаговой доступности метро ""Молодёжная"".
Полностью меблирована.
Есть вся необходимая для жизни техника. 
Кухня 12",600.0,1768.8,False,https://re.kufar.by/vi/1072716076,2.0,110,50.0,20.0,12.5,3,5,8.0,15.0,10,2012.0,30,27.518751645507788,53.910751014553504,"Скрыганова ул, 4А, Минск",Диана
1055722991,2026-06-11T07:48:41Z,"Аренда 3-комнатной квартиры, Ратомская 34","Первое заселение! 

3-х комнатная квартира с дизайнерским ремонтом в ЖК Премиум класса ""Олимпик Парк"" , которая находится на 4-м этаже по адресу: ул.",1800.0,5306.4,True,https://re.kufar.by/vi/1055722991,,140,63.6,56.8,,4,,4.0,6.0,4,2018.0,22,27.451332,53.938852,"Ратомская ул, 34, Минск",ООО Центр недвижимости ГАЛАКТИКА
1072621714,2026-06-10T16:25:18Z,Сдается 3-к квартира в Зеленом Луге,"Сдается светлая 3-к. квартира на длительный срок, Зеленый Луг

Локация: микрорайон Зеленый Луг (Минск). Тихий, зеленый район с развитой инфраструктуро",650.0,1916.2,False,https://re.kufar.by/vi/1072621714,5.0,100,60.0,40.0,8.0,1,,8.0,9.0,1,,23,27.620419,53.957667,"Логойский тракт, 37/1, Минск",Юлия
1072612219,2026-06-10T14:24:31Z,Квартира,"Сдается в долгосрочную аренду студия,по адресу:Жореса Алферова,9.Метро Аэродромная.
В квартире имеется все необходимое для проживания.",407.06,1200.0,False,https://re.kufar.by/vi/1072612219,,170,36.0,36.0,36.0,1,5,7.0,25.0,10,2023.0,28,27.551806,53.861548,"Жореса Алфёрова ул, 9, Минск",Владислав
1072511220,2026-06-09T15:46:22Z,Долгосрочная аренда:  3-комн. по ул. Пионерская 9 (дом повышенного комфорта),"Работаем по факту!

Долгосрочная аренда:  3-комн. по ул. Пионерская 9 (дом повышенного комфорта)
Комнат: 3 (спален 2 + зал 1)
Сан.узлов: 2
Систем для",2000.0,5896.0,True,https://re.kufar.by/vi/1072511220,2.0,195,115.6,70.9,14.2,4,10,2.0,5.0,10,2008.0,22,27.485879,53.938697,"Пионерская ул, 9, Минск",ООО КАРТА ГОРОДА
1072509683,2026-06-09T15:29:29Z,"Долгосрочная аренда: 3-комн. (площадь 130,6 кв.м.) пр-т Дзержинского 19 (дом повышенного комфорта)","Работаем по факту!

Долгосрочная аренда: пр-т Дзержинского 19 (дом повышенного комфорта)
Комнат: 3 
спален: 1 + детская комната 1 + зал 1
Сан.узлов: 2",2200.0,6485.6,True,https://re.kufar.by/vi/1072509683,3.0,55,130.6,94.3,42.1,4,10,15.0,20.0,10,2017.0,29,27.516098,53.886154,"Дзержинского пр, 19, Минск",ООО КАРТА ГОРОДА
1072481008,2026-06-09T11:07:08Z,Двушка в Курасовщине,"Квартира свободна к заселению с 01.09.26  по договору в РСЦ с оплатой по ветке ЕРИП на карту, плата единоразово за 2 месяца на условиях предоплаты. За",474.9,1400.0,False,https://re.kufar.by/vi/1072481008,2.0,135,46.64,27.44,7.14,1,,4.0,9.0,1,1975.0,28,27.499299,53.846529,"Корженевского ул, 21, Минск",Юлия
1072407164,2026-06-08T19:07:07Z,Сдаётся 1 комнатная квартира,"Сдаётся в долгосрочную аренду однокомнатная квартира в центре Минска, улица Восточная. Удобное транспортное сообщение. В  шаговой доступности магазины",440.98,1300.0,False,https://re.kufar.by/vi/1072407164,3.0,,33.0,17.0,7.0,3,5,6.0,9.0,1,1977.0,23,27.600306,53.936926,"Восточная ул, 52, Минск",Дина Владимировна
1060715774,2026-06-08T16:50:02Z,"Аренда 2-комнатной квартиры, Нововиленская 55","Сдается уютная светлая двухкомнатная квартира в ЖК «Левада».

Квартира состоит из гостиной совмещенной с кухней, спальни, совмещенный санузел, простор",1100.0,3242.8,True,https://re.kufar.by/vi/1060715774,,,52.3,36.2,,3,,7.0,9.0,4,2011.0,22,27.530346,53.936604,"Нововиленская ул, 55, Минск",ООО Центр недвижимости ГАЛАКТИКА
1072383881,2026-06-08T15:50:26Z,Сдам квартиру,"Сдаю Квартиру на недолгий срок, желательно мужчине",407.06,1200.0,False,https://re.kufar.by/vi/1072383881,2.0,230,32.5,17.2,6.1,1,1,4.0,5.0,1,1993.0,27,27.60366883594492,53.868571755306974,"Рокоссовского пр, 47, Минск",Татьяна
1072382156,2026-06-08T15:30:29Z,Сдача квартиры,"Сдаётся 2-х комнатная квартира по ул. Янковского в Сухарево. В квартире - кухонный гарнитур, холодильник, печь СВЧ, стиральная машина, 2 шкафа-купе, 3",0.0,0.0,False,https://re.kufar.by/vi/1072382156,3.0,,54.0,28.4,12.9,1,,7.0,9.0,1,,30,27.446155,53.87902,"Янковского ул, Минск",Галина
1072378726,2026-06-08T14:47:18Z,Сдаю 2-х комнатную квартиру ул.Червякова 2 к.1.,Сдается 2-х комнатная квартира с видом на Комсомольское озеро. Кирпичный дом после капремонта. Солнечная сторона. Стеклопакеты. Металлическая входная,600.0,1768.8,False,https://re.kufar.by/vi/1072378726,4.0,,55.0,34.0,7.5,1,1,7.0,9.0,3,1982.0,22,27.552596,53.919479,"Червякова ул, 2к1, Минск",OLDMAN131058
1064774234,2026-06-08T09:34:36Z,Сдаётся в аренду 1-комнатная квартира в самом центре Минска,"Сдаётся 1-комнатная квартира в центре Минска на ул. Сторожовская 6
Отличная квартира с качественным ремонтом
Укомплектована мебелью, бытовой техникой,",550.0,1621.4,True,https://re.kufar.by/vi/1064774234,2.0,260,38.0,28.0,7.9,3,,,,2,2012.0,22,27.555453,53.912972,"Сторожовская ул, 8, Минск",ООО ВСП недвижимость-Инвест
1072331879,2026-06-08T08:48:21Z,Квартира,"Сдается квартира в шаговой доступности от метро Фрунзенская.
В квартире есть все для проживания.
Квартира сдается с 05 июля.",0.0,0.0,False,https://re.kufar.by/vi/1072331879,4.0,90,55.0,31.0,9.0,4,1,7.0,8.0,3,1980.0,22,27.540155,53.906756,"Максима Танка ул, 4, Минск",Татьяна
1072224376,2026-06-07T15:55:59Z,Квартира,Очень хорошая квартира. Приятные соседи.,500.0,1474.0,False,https://re.kufar.by/vi/1072224376,1.0,265,41.0,25.0,9.0,2,5,7.0,9.0,2,2011.0,30,27.42694,53.889035,"Сухаревская ул, 46, Минск",Виктор
1072185518,2026-06-07T12:35:33Z,"Сдам 2-комнатную квартиру, г. Минск ул. Туровского (с 1 сентября)","С 1 сентября

- оплата фиксируется в рублях на весь срок договора;
- аренда на долгосрок через договор; 
- в квартире прописан 1 человек;",848.03,2500.0,False,https://re.kufar.by/vi/1072185518,2.0,325,67.0,65.0,,3,10,6.0,19.0,,2017.0,24,27.654798,53.932787,"Кирилла Туровского ул, 6, Минск",Алексей
1069755812,2026-06-07T10:20:40Z,Сдам новую квартиру на долгий срок,"Просторная квартира с новым ремонтом. Иностранцев из дальнего зарубежъя не рассматриваю. Сдам аккуратным платёжеспособным людям без животных. 
Отдельн",600.0,1768.8,False,https://re.kufar.by/vi/1069755812,2.0,170,50.0,,,3,5,14.0,21.0,10,2025.0,28,27.555282,53.859212,"Леонида Щемелёва ул, 28, Минск",Светлана
1068300503,2026-06-06T20:00:22Z,Сдаю в аренду на длительный срок,"Первая квартсдача после капитального ремонта. В квартире новые полы, стены, двери, санузел и кухня. Потолки 3.7 м.",559.7,1650.0,False,https://re.kufar.by/vi/1068300503,4.0,,42.0,34.0,6.5,2,5,2.0,4.0,3,1953.0,27,27.570555954185174,53.86612478242334,"Маяковского ул, Минск",Ольга
1072087091,2026-06-06T19:45:54Z,"Сдаётся 2-комнатная квартира в центре Минска, долгосрочная аренда","Сдаётся светлая 2-комнатная квартира в центре Минска на длительный срок, по договору, без посредников.

Квартира продумана для комфортного проживания",580.0,1709.84,False,https://re.kufar.by/vi/1072087091,1.0,,42.0,,,1,10,5.0,5.0,3,1965.0,23,27.592131,53.909344,"Платонова ул, 31, Минск",Катерина
1063893746,2026-06-06T13:24:58Z,"Квартира, аренда","Сдам 3-у квартиру в центре города. Квартира находится рядом с метро площадь Якуба Коласа, ЦУМ, Комаровский рынок. 
Рядом школа, детские сады, универси",800.0,2358.4,False,https://re.kufar.by/vi/1063893746,3.0,,60.8,43.1,,3,1,3.0,5.0,3,1968.0,23,27.589885,53.914186,"Гикало ул, 6, Минск",Иван
1071985254,2026-06-06T11:49:10Z,Сдаю однокомнатную квартиру,"Квартира по улице Бачило,4 сдана уже сдана.",0.0,0.0,False,https://re.kufar.by/vi/1071985254,,310,32.9,17.0,7.0,3,1,4.0,9.0,1,,26,27.702462,53.841716,"Алеся Бачило ул, 4, Минск",Елена
1071979937,2026-06-06T10:50:05Z,Сдаётся 1-комнатная квартира на Каменной горке,"Сдается 1-комнатная квартира на Каменной горке (с 18 августа). В квартире свежий ремонт, много удобных мест хранения.

Предпочтение - работающие молод",550.0,1621.4,False,https://re.kufar.by/vi/1071979937,,105,42.0,38.0,10.0,3,10,7.0,9.0,1,2010.0,30,27.416933,53.913327,"Каменногорская ул, 20, Минск",Лия
1071925337,2026-06-06T06:31:17Z,Сдать в аренду,"Сдается, (от собственника, прописан  ) в центре , в ЖК Каскад ,  1 комнатная  современная , благоустроенная квартира , 50  кв.м , на длительный срок.",700.0,2063.6,False,https://re.kufar.by/vi/1071925337,2.0,110,50.0,20.0,14.0,3,10,5.0,25.0,2,2012.0,30,27.51961232596819,53.909959818943996,"Скрыганова ул, 4Б, Минск",Андрей
1071918739,2026-06-06T05:32:53Z,аренда квартиры в центре Минска на ул Захарова,"Сдам на длительный срок в аренду квартиру, расположенную в центре г. Минска, по адресу: г. Минск, ул. Захарова 67 корпус 1. Данная квартира имеет 3 ко",949.8,2800.0,False,https://re.kufar.by/vi/1071918739,,200,104.0,,,4,,5.0,16.0,2,2009.0,25,27.588179,53.897461,"Захарова ул, 67к1, Минск",Сергей
1055673473,2026-06-05T16:39:55Z,"Аренда квартиры г. Минск, ул. Туровского 14","Предлагается просторная и уютная квартира для аренды в современном 25-этажном доме. Квартира расположена на 18 этаже, откуда открывается прекрасный ви",1200.0,3537.6,False,https://re.kufar.by/vi/1055673473,2.0,325,50.0,35.0,8.0,2,10,18.0,25.0,2,2018.0,24,27.655157,53.931233,"Кирилла Туровского ул, 14, Минск",Дима
1071795837,2026-06-05T08:51:09Z,Сдача квартиры,"Сдается квартира с 9 августа,на месяц либо на год. звонить на второй номер.",430.0,1267.64,False,https://re.kufar.by/vi/1071795837,3.0,15,33.0,,6.0,2,1,2.0,5.0,3,,28,27.534334,53.873797,"Чкалова ул, 34, Минск",Андрей
1071716650,2026-06-05T04:31:44Z,Аренда квартиры. В живописном месте Серебрянки,"Развитая инфраструктура района: детсады, школы, гимназии, взрослая и детская поликлиника. Огромный торгово-развлекательный центр PRIZMA.Рядом с домом",508.82,1500.0,False,https://re.kufar.by/vi/1071716650,4.0,230,49.8,34.4,6.1,1,5,5.0,5.0,1,1974.0,27,27.615083,53.858325,"Рокоссовского пр, 113, Минск",Татьяна
1071703678,2026-06-04T18:06:45Z,Сдам квартиру в Минске,Стильная и светлая квартира с дизайнерским ремонтом у метро Аэродромная. Абсолютно новая! Делали ремонт для себя поэтому квартира укомплектована для к,750.0,2211.0,False,https://re.kufar.by/vi/1071703678,4.0,170,46.0,,,3,10,17.0,21.0,10,2025.0,28,27.554115,53.86372,"Жореса Алфёрова ул, 5, Минск",Даниил
1067957624,2026-06-04T16:59:35Z,Сдам квартиру,"Сдам квартиру в частной застройке в Центральном районе Минска. Квартира находится на первом этаже дома, отдельный вход, раздельный санузел. Высокоскор",700.0,2063.6,False,https://re.kufar.by/vi/1067957624,4.0,180,100.0,,,,,1.0,,,,22,27.532079,53.955617,"Ярошевичская ул, Минск",Юлия
1071662235,2026-06-04T16:10:30Z,Сдам 2-х комнатную квартиру,"Сдается 2-х комнатная квартира, по ул.Берута 24, к1., 3 этаж. г. Минск. Под ключ. Евроремонт, вся мебель, техника: TV, микроволновка, холодильник, сти",0.0,0.0,False,https://re.kufar.by/vi/1071662235,3.0,290,45.0,30.0,5.0,1,5,3.0,5.0,3,,30,27.50601,53.899048,"Болеслава Берута ул, 24/1, Минск",Анастасия
1071573394,2026-06-04T08:01:35Z,Долгосрочная аренда,"Квартира 1+1 (евро двушка)  хорошим ремонтов в аренду по договору.
Коммунальные включены в стоимость.",692.2,2040.6,False,https://re.kufar.by/vi/1071573394,,,59.0,,,3,1,8.0,10.0,,2013.0,22,27.472979,53.93302,"Ильянская ул, 4, Минск",Татьяна
1071550633,2026-06-04T07:01:01Z,Сдается 2 комнатная кв. район пл. Бангалор,Сдается уютная и просторная 2комн.квартира. Оснащена всей необходимой техникой и мебелью. Прекрасный вид. Удобная инфраструктура и транспортное сообще,620.0,1827.76,False,https://re.kufar.by/vi/1071550633,2.0,,65.0,42.0,9.0,3,5,15.0,16.0,10,2004.0,23,27.583247,53.936396,"Максима Богдановича ул, 120, Минск",Елена
1071452673,2026-06-03T13:28:50Z,Сдать 2-комнатную квартиру,"Квартира сдаётся с сентября.
Дом кирпичный, расположен во дворе, рядом парк им. Горького, набережная Свислочи.
     Две квартиры на площадке, видеодом",700.0,2063.6,False,https://re.kufar.by/vi/1071452673,3.0,200,54.0,34.0,8.6,3,1,5.0,8.0,3,1978.0,25,27.576303,53.90031,"Первомайская ул, 20к2, Минск",Диана
1071445224,2026-06-03T12:37:28Z,"Аренда 3-комнатной квартиры, Туровского 10",Сдается трехкомнатная квартира в ЖК Маяк Минск. Ул. Кирилла Туровского 10. Две отдельные спальни и кухня-гостиная.квартира укомплектована всем необход,1200.0,3537.6,True,https://re.kufar.by/vi/1071445224,,325,91.0,89.2,,3,,4.0,10.0,,,24,27.655067,53.932037,"Кирилла Туровского ул, 10, Минск",ООО Центр недвижимости ГАЛАКТИКА
1068931455,2026-06-03T12:32:46Z,"Аренда 4-комнатной квартиры, Мстиславца 3","Актуальна к просмотру и заселению с 28 июля
4-х комнатная квартира-студия с шикарным видом, которая находится на 8-м этаже по адресу: ул. Мстиславца,",1400.0,4127.2,True,https://re.kufar.by/vi/1068931455,,325,82.1,73.9,,2,,8.0,25.0,4,2018.0,24,27.654097,53.927654,"Петра Мстиславца ул, 3, Минск",ООО Центр недвижимости ГАЛАКТИКА
1071330814,2026-06-03T04:01:21Z,Сдаётся 3-хкомнатная квартира с сентября,"Сдаётся евротрешка в ЖК Минск -Мир. 
Квартира светлая, теплая. Имеется две изолированные спальни и кухня- гостиная. 
Окна выходят на две стороны. С од",700.0,2063.6,False,https://re.kufar.by/vi/1071330814,5.0,170,54.0,,,3,5,15.0,25.0,4,2022.0,28,27.55118238137212,53.86120552757319,"Жореса Алфёрова ул, 11, Минск",Ольга
1071315075,2026-06-02T17:19:45Z,Сдается двухкомнатная квартира,Без посредников на длительный срок,508.82,1500.0,False,https://re.kufar.by/vi/1071315075,,240,61.0,36.0,10.0,3,5,1.0,9.0,1,,25,27.63348985156537,53.908590512279645,"Филимонова ул, 8, Минск",Людмила
1071272514,2026-06-02T11:16:20Z,Квартиры,"Сдается уютная, современная квартира рядом с метро.Евродвушка в ЖК ""Vogue"" г.Минск ул. Макаенка 12А. Квартира укомплектована всей необходимой техникой",576.66,1700.0,False,https://re.kufar.by/vi/1071272514,2.0,,45.0,35.0,5.0,3,5,4.0,19.0,,2018.0,24,27.624824646700766,53.9217150872239,"Макаёнка ул, 12А, Минск",Зоя
1071233557,2026-06-02T07:37:17Z,Аренда,"Чистая, светлая, зимой очень теплая. Иностранным студентам из Африки не сдается.",795.0,2343.66,False,https://re.kufar.by/vi/1071233557,,230,90.05,58.0,12.0,1,1,,,1,2005.0,27,27.601025,53.86192,"Плеханова ул, 46, Минск",Андрей
1071192814,2026-06-02T07:23:49Z,сдам,сдам на длительный срок без животных,1100.0,3242.8,False,https://re.kufar.by/vi/1071192814,2.0,,45.0,19.0,7.0,2,5,,,1,1979.0,30,27.486992,53.903477,"Одоевского ул, 40, Минск",Ирина
1071138686,2026-06-01T10:18:44Z,Аренда квартир,"ЖК мечты "" Левада"": у реки и современного города. Квартира с дизайнерским ремонтом.

В уютном жилом комплексе с развитой инфраструктурой. С одной стор",1050.0,3095.4,False,https://re.kufar.by/vi/1071138686,2.0,,50.0,25.0,10.0,3,10,3.0,7.0,2,2025.0,22,27.526554,53.942274,"Нововиленская ул, Минск",Юлия
1071134909,2026-06-01T09:33:49Z,Сдадим квартиру,"Сдаётся на длительный срок однокомнатная квартира в центральном районе Минска, ул. Червякова, 2/2, 3-й этаж девятиэтажного дома, санузел раздельный, б",407.06,1200.0,False,https://re.kufar.by/vi/1071134909,3.0,,34.0,16.9,7.2,3,5,3.0,9.0,1,1984.0,22,27.55371,53.920926,"Червякова ул, 2к2, Минск",Нина
1071129100,2026-06-01T08:51:29Z,2-комнатная квартира в центра. Собственник. Метро 5 мин,"2-комнатная квартира в центре Минска (Собственник). Подходит для иностранных граждан.

Готова к заселению. Квартира светлая, просторная и полностью ме",750.0,2211.0,False,https://re.kufar.by/vi/1071129100,2.0,,56.0,33.0,7.0,2,5,5.0,5.0,3,,29,27.55256,53.897727,"Независимости пр, 13, Минск",Елена
1071067415,2026-05-31T18:21:38Z,Сдам квартиру,"Сдается  современная квартира на длительный срок, в шаговой доступности станция метро Аэродромная, ТЦ Avia Mall. Возле дома бесплатная  свободная парк",550.0,1621.4,False,https://re.kufar.by/vi/1071067415,,170,29.0,28.0,,1,5,16.0,25.0,,2025.0,28,27.547287,53.864968,"Игоря Лученка ул, Минск",валя
1071049871,2026-05-31T16:42:23Z,"Сдается квартира-студия в Минск-Мире, дом Румба","Сдается квартира-студия в Минске в долгосрочную аренду, идеально подходящая для комфортного проживания!

Расположенная по адресу: ул. Брилевская-27, в",600.0,1768.8,False,https://re.kufar.by/vi/1071049871,2.0,170,29.7,23.9,,3,10,20.0,25.0,5,2024.0,28,27.527983,53.872937,"Брилевская ул, 27, Минск",Александр
1069194317,2026-05-31T12:20:25Z,Сдам квартиру,2-х комнатная квартира. Комнаты по 17 метров. Коридор и кухня по 9 квадратов. Цена 1400 б. р. + коммуналка,440.98,1300.0,False,https://re.kufar.by/vi/1069194317,,205,59.0,34.0,9.0,1,1,4.0,9.0,1,,30,27.473922,53.922257,"Петра Глебки ул, Минск",Ольга
1071001525,2026-05-31T09:34:11Z,Квартира в аренду,"Квартира будет свободна с 15 августа. Сдается однокомнатная квартира. Недавно сделан косметический ремонт. Можно иностранцам, два человека.",500.0,1474.0,False,https://re.kufar.by/vi/1071001525,3.0,,37.0,,,1,1,2.0,2.0,3,,25,27.6088252959141,53.88424378431052,"Ученический переулок, 4, Минск",Георгий
1070989109,2026-05-31T07:57:16Z,"Сдаю 1-комнатную квартиру, г. Минск","Дизайнерская квартира премиум-класса на 9-м этаже ЖК «Парк Челюскинцев». Закрытая территория с круглосуточным видеонаблюдением, детские и спортивные п",800.0,2358.4,False,https://re.kufar.by/vi/1070989109,2.0,,33.0,28.0,,2,10,9.0,9.0,,2021.0,24,27.622827,53.925025,"Независимости пр, 88, Минск",Елена
1070028337,2026-05-31T06:02:27Z,Сдам квартиру в Минске на длительный срок.,"Свободна с 20.08.!
Сдам однокомнатную квартиру в Минске. Официально через договор.
В квартире новый ремонт, заменено все. В самом доме был кап. ремонт",424.02,1250.0,False,https://re.kufar.by/vi/1070028337,,205,35.9,17.3,7.4,3,5,5.0,9.0,1,1974.0,30,27.474434,53.91425,"Матусевича ул, 27, Минск",Кира
1070786012,2026-05-30T11:00:31Z,Современная 1-комнатная квартира в аренду,"Звонить в будний день с 17:30-23:00, выходной 9:00-23:00
Сдается на длительный срок однокомнатная квартира.
В квартире есть всё необходимое для комфор",440.98,1300.0,False,https://re.kufar.by/vi/1070786012,,170,28.0,,,,10,3.0,24.0,,,28,27.55018,53.862117,"Жореса Алфёрова ул, 12, Минск",_пользователь_
1070870062,2026-05-30T07:58:27Z,Квартира (аренда),Недалеко от м. Могилевская,0.0,0.0,False,https://re.kufar.by/vi/1070870062,,10,35.0,,,1,1,,,,,26,27.685251,53.881828,"Герасименко ул, Минск",Александр
1058592331,2026-05-30T07:38:39Z,1 Комнатная квартира от собственника.,"Сообщения не читаю!. Звоните на указанный номер телефона.
1 комнатная квартира, от собственника. На длительный срок!  Свежий ремонт. 
Сдается всем! Бе",440.98,1300.0,False,https://re.kufar.by/vi/1058592331,2.0,,32.0,18.0,6.0,1,1,4.0,4.0,3,1967.0,29,27.539598,53.902475,"Короля ул, 15, Минск",Олег
1059624209,2026-05-29T11:46:17Z,Большая квартира с камином и гаражом на 2 автомобиля от собственника,"В двух минутах ходьбы до Севастопольского парка большая светлая 4х комнатная квартира с гаражом на 2 автомобиля и действующим камином!
О квартире:
Рас",1400.0,4127.2,False,https://re.kufar.by/vi/1059624209,4.0,,140.0,63.0,46.3,2,10,2.0,3.0,3,2008.0,24,27.620114,53.936359,"Ильменская ул, 8, Минск","Дмитрий, Светлана"
1069765201,2026-05-28T16:00:18Z,Сдам 2-х квартиру в самом центре. Новый ремонт.,"Сдаётся 2-х комнатная квартира в самом центре Минска! Возле Цирка, новый ремонт

Ищете идеальное место для жизни в сердце столицы? У нас есть уникальн",1017.64,3000.0,False,https://re.kufar.by/vi/1069765201,2.0,,65.0,35.0,10.0,2,10,,,,1956.0,27,27.566511,53.903642,"Янки Купалы ул, 17, Минск",Полина
1070638265,2026-05-28T10:29:55Z,Квартира,"Престижный жилой комплекс Левада!Малоэтажная застройка на набережной реки Свислочь. В черте центра города!Комплекс современный, аутентичный, на террит",590.0,1739.32,False,https://re.kufar.by/vi/1070638265,,,43.0,31.0,,3,5,8.0,9.0,,,22,27.533990576945193,53.93309160595627,"Нововиленская ул, 29, Минск",нина
1070619351,2026-05-28T07:32:20Z,Квартира в центре,"Роскошная квартира в центре.Индивидуальные условия аренды.Возможность аренды на короткий период.

Стоимость 1 месяца аренды + коммунальные не большие",700.0,2063.6,False,https://re.kufar.by/vi/1070619351,4.0,,38.0,,,2,5,13.0,23.0,,2019.0,22,27.527354,53.911874,"Грибоедова ул, 1, Минск",Татьяна
1056272675,2026-05-28T07:03:05Z,Сдам в аренду бизнес-аппаратаменты (проживание+ведения бизнеса),"Аренда бизнес-аппаратоментов в уникальном жилом комплексе, с возможностью регистрации юридического адреса по месту проживания. Позволяет жить и работа",950.0,2800.6,False,https://re.kufar.by/vi/1056272675,2.0,170,42.0,38.0,,3,20,9.0,16.0,2,2026.0,28,27.539688,53.860667,"Жореса Алфёрова ул, 22, Минск",Яна
1070613285,2026-05-28T07:02:32Z,Аренда квартиры,"Сдам квартиру гражданам РБ по договору найма с продлением, без права регистрации. Оплата в день заключения договора плюс залог. Прописан 1. Без животн",315.0,928.62,False,https://re.kufar.by/vi/1070613285,2.0,320,33.0,17.0,7.0,1,1,7.0,9.0,1,1988.0,29,27.462639,53.856291,"Белецкого ул, 10к2, Минск",Александр
1064164434,2026-05-28T06:42:16Z,Аренда 3к квартиры,"Сдаётся на длительный срок окна во двор и на парк. Развитая инфраструктура. Рядом магазины, парки, слепянское водохранилеще. Все в пешей доступности.",650.0,1916.2,False,https://re.kufar.by/vi/1064164434,,240,67.9,,,4,5,1.0,9.0,,,25,27.622773,53.908554,"2-й переулок Багратиона, 17, Минск",Юрий
1030129727,2026-05-28T06:19:37Z,Сдается 1-комнатная кв студия Минск Мир,"Сдается новая квартира/студия от собственника в жилом комплексе Минск-Мир по ул.Братская 12.
Второй этаж (отдельный вход с черного входа по лестнице,",508.82,1500.0,False,https://re.kufar.by/vi/1030129727,1.0,170,32.0,,,2,10,2.0,19.0,10,2020.0,28,27.549452,53.865515,"Братская ул, Минск",Таня
1036933610,2026-05-27T19:50:10Z,Двухкомнатная квартира,"Сдам  2-хкомнатную квартиру в Минске ! 
С двумя отдельными комнатами и кухней. Идеальный комфорт и лучшая локация! Вся необходимая техника и мебель.
Ч",700.0,2063.6,False,https://re.kufar.by/vi/1036933610,2.0,40,63.0,,,1,5,4.0,9.0,,,22,27.499452,53.934955,"Победителей пр, Минск",Надежда
1068550376,2026-05-27T18:26:32Z,Квартира для организаций в Минске,"Сдается в долгосрочную аренду  организациям для размещения командированных специалистов по договору . 
Обеспечительный залог плюс оплата за последний",0.0,0.0,False,https://re.kufar.by/vi/1068550376,4.0,55,53.0,42.0,,1,5,4.0,10.0,,2018.0,29,27.520796,53.888223,"Дзержинского пр, 11, Минск",Игорь
1060742901,2026-05-27T17:15:54Z,Просторная 1-к. квартира 36 кв.м. в Зелёном луге,"Объявление актуально.

Просторная квартира 36 кв.м. в Зелёном луге, напротив Севастопольского парка. 
На длительный срок, договор, регистрация. 
Пряма",474.9,1400.0,False,https://re.kufar.by/vi/1060742901,5.0,,36.0,19.0,9.0,,5,1.0,3.0,4,1994.0,23,27.610133,53.947516,"Полиграфическая ул, 6, Минск",Громых
1070545782,2026-05-27T16:49:16Z,"Аренда 5-комнатной квартиры, Кульман 15","Сдается эксклюзивная квартира в центре города: ул. Кульман 15 общей площадью по СНБ 130 кв.м.. Квартира состоит из 5 раздельных комнат, два раздельных",850.0,2505.8,True,https://re.kufar.by/vi/1070545782,,120,124.3,88.0,11.5,3,,3.0,9.0,3,,23,27.574587,53.924229,"Кульман ул, 15, Минск",ООО Центр недвижимости ГАЛАКТИКА
1051864089,2026-05-27T13:36:42Z,Сдаётся однокомнатная квартира,"Сдаётся однокомнатная квартира , полностью укомплектована для комфортного проживания , вся необходимая инфраструктура рядом в шаговой доступности .Зал",406.04,1197.0,False,https://re.kufar.by/vi/1051864089,,,38.0,,7.5,3,5,4.0,9.0,1,1984.0,26,27.630013,53.858049,"Крупской ул, 2, Минск",Lena
1003070215,2026-05-27T12:09:26Z,Аренда квартиры для сотрудников иностранцы можно,"Сдам  двухкомнатную квартиру  в аренду в Шабанах  для сотрудников организаций (  можно иностранцам ) 
--
Квартира в хорошем состоянии 
Все  убрано вещ",500.0,1474.0,False,https://re.kufar.by/vi/1003070215,,310,55.0,,,1,1,3.0,9.0,,1995.0,26,27.69648,53.847182,"Ротмистрова ул, 62, Минск",tavto
1058606997,2026-05-27T08:12:47Z,"Квартира, 2 комн, 39 м кв, этаж 16","Сдаётся стильная квартира с дизайнерским ремонтом на 16 этаже
- Район Старого аэропорта

- Отличное расположение:
— метро «Аэродромная» — 8 минут пешк",550.0,1621.4,False,https://re.kufar.by/vi/1058606997,4.0,15,39.0,36.0,11.0,1,5,16.0,25.0,,2021.0,28,27.545383,53.872682,"Аэродромная ул, Минск",Darya
1070480547,2026-05-27T06:51:17Z,"Снять 2-комнатную квартиру, г. Минск, ул. Чечота, 36","В квартире есть все необходимое для комфортного проживания: интернет, мебель, кухонная мебель, стиральная машина, холодильник, СВЧ-печь. Имеется гарде",620.0,1827.76,False,https://re.kufar.by/vi/1070480547,5.0,30,60.0,45.0,15.0,3,5,13.0,14.0,3,2011.0,29,27.481899,53.847506,"Яна Чечота ул, 36, Минск",Дмитрий
1051603737,2026-05-26T15:25:14Z,Сдам 2-х комн квартиру на Победителей,"Сдается двухкомнатная квартира в Славянском квартале, готова к заселению. 2 сан узла, 2 балкона, вай фай, тв, общественная парковка. Можно не длительн",671.64,1980.0,False,https://re.kufar.by/vi/1051603737,2.0,90,68.3,,,4,5,8.0,20.0,1,,22,27.539831,53.911874,"Победителей пр, 27, Минск",Анна
1070399466,2026-05-26T14:55:58Z,1-к квартира с 01.09,"По всем вопросам пишите в мессенджеры V, W (здесь и на звонки не смогу отвечать). 1к квартира, без мебели, есть только кухонный гарнитур и электроплит",440.98,1300.0,False,https://re.kufar.by/vi/1070399466,,,52.8,23.9,11.0,3,,9.0,,,2017.0,24,27.672836,53.933947,"Академика Высоцкого ул, Минск",Галина
1052325024,2026-05-26T14:26:09Z,Квартира сдается,"Уютная и аккуратная однокомнатная квартира близко от центра, отличное транспортное сообщение (10 минут от ЖД вокзала на общественном транспорте), вбли",400.0,1179.2,False,https://re.kufar.by/vi/1052325024,2.0,,30.0,18.0,6.0,1,1,2.0,,4,1963.0,27,27.570024,53.860805,"Маяковского ул, 172Б, Минск",Сергей
1070389519,2026-05-26T13:09:56Z,Однокомнатная квартира,"Сдаётся однокомнатная квартира только гражданам РБ и только по договору аренды сроком на 1 месяц с последующими продлениями, т.к. квартира будет выста",271.37,800.0,False,https://re.kufar.by/vi/1070389519,2.0,310,38.0,16.7,7.2,3,1,9.0,9.0,1,1993.0,26,27.700738,53.840318,"Алеся Бачило ул, 7к3, Минск",user
1070377832,2026-05-26T11:36:48Z,Квартира,Залог за месяц. Связь по телефону. Без торга. Квартира в центре.,373.13,1100.0,False,https://re.kufar.by/vi/1070377832,2.0,200,35.0,20.0,5.5,1,1,5.0,5.0,4,1970.0,25,27.588727,53.900666,"Антоновская ул, 10, Минск",Елена
1070366028,2026-05-26T09:18:24Z,Сдается 1 -комнатная квартира у метро «Кунцевщина»,"Сдается 1-комнатная квартира на длительный срок. Идеальное расположение, сразу возле входа в метро «Кунцевщина». Рядом множество магазинов, торговых ц",520.0,1532.96,False,https://re.kufar.by/vi/1070366028,1.0,130,37.0,,,1,1,11.0,12.0,1,,30,27.452138,53.907668,"Лещинского ул, 5, Минск",Надежда
1066367748,2026-05-25T19:13:17Z,"Снять 2-комнатную квартиру, г. Минск, ул. Асаналиева, 36/2","ВСЕ ВОПРОСЫ ПО ТЕЛЕФОНУ () — обо всём расскажем и договоримся!

С животными - нельзя.

Квартира сдается в аренду. Состояние хорошее. 10 мин пешком от",400.0,1179.2,False,https://re.kufar.by/vi/1066367748,,235,52.0,48.0,,3,1,3.0,9.0,1,1979.0,28,27.542374,53.852823,"Асаналиева ул, 36к2, Минск",Arseny Latushko
1070267485,2026-05-25T14:22:13Z,Сдается квартира в аренду,Сдается полноценная двухкомнатная квартира с раздельными комнатами и санузлами на длительный срок.,670.0,1975.16,False,https://re.kufar.by/vi/1070267485,3.0,325,62.0,35.0,11.0,3,5,9.0,10.0,2,2013.0,24,27.652112695471292,53.92918610183876,"Петра Мстиславца ул, 5, Минск",ИРИНА
1069287870,2026-05-25T08:27:19Z,Сдается квартира ст.м.  Аэродромная,"Сдается квартира на длительный срок! Первая сдача, в квартире сделан хороший ремонт со всем необходимым! Идеальное расположение, метро «Аэродромная» с",500.0,1474.0,False,https://re.kufar.by/vi/1069287870,2.0,170,32.0,27.0,,4,5,10.0,25.0,,,28,27.547287,53.864968,"Игоря Лученка ул, Минск",Марина
1070219730,2026-05-25T07:07:04Z,Сдаю квартиру на длительный срок,Без курения . Без котов и собак,700.0,2063.6,False,https://re.kufar.by/vi/1070219730,2.0,,70.0,55.0,9.0,3,5,10.0,12.0,,2015.0,24,27.595527,53.910691,"Платонова ул, Минск",Елена
1033804107,2026-05-25T06:46:29Z,Квартира с видом на парк Челюскинцев,"Сдается в аренду от месяца 2-ух комнатная ,коллекционная квартира с новым ремонтом.Вся инфраструктура в пешей доступности.Необходимое все имеется.",1200.0,3537.6,False,https://re.kufar.by/vi/1033804107,3.0,,48.0,,,3,10,22.0,25.0,,2020.0,24,27.624021,53.921785,"Макаёнка ул, 12Л, Минск",Валерий
1025833641,2026-05-25T06:38:40Z,Сдам трехкомнатную квартиру в Малиновке,"Квартира для  ценителей  восточного стиля и старинной мебели!  Это квартира для тех, кто верит в волшебство!)
Обрамлена восточными узорами и мандалами",450.0,1326.6,False,https://re.kufar.by/vi/1025833641,2.0,150,65.0,,,3,10,5.0,9.0,,1995.0,29,27.431072,53.864745,"Сергея Есенина ул, 131, Минск",Волшебница
1065414700,2026-05-25T05:53:30Z,Просторная 4-квартира на длительный срок в самом сердце города,Сдается просторная 4-комнатная квартира в центре Минска! Идеальный вариант для комфортного проживания в тихом районе в шаговой доступности от ТЦ с хор,1200.0,3537.6,False,https://re.kufar.by/vi/1065414700,4.0,,83.5,55.6,9.0,4,5,1.0,9.0,1,2005.0,22,27.559891,53.916053,"Старовиленская ул, Минск",Наталия
1052272500,2026-05-24T17:27:03Z,Сдача квартиры,"Таунхаус с отделкой и мебелью, уютное место для семьи
Свой участок на 4.5 сотки 
Парковочные места для двух авто свои во дворе
Свое отопление (газовый",1099.0,3239.85,False,https://re.kufar.by/vi/1052272500,6.0,,106.0,90.0,10.0,2,5,,,1,2023.0,22,27.52898,53.968378,"Ивана Науменко ул, 11, Минск",Максим
1070120507,2026-05-24T11:56:15Z,"Сдача 2-ух комнатная квартира в центре Минска (ул. Грибоедова, 1)","Шикарная евродвушка «Ван Гог» в районе Стелы
(1000 символов):
 Квартира в центре города в новостройке. В шаговой доступности станция метро «Молодежная",950.0,2800.6,False,https://re.kufar.by/vi/1070120507,2.0,,60.5,43.0,12.0,1,10,6.0,24.0,2,2018.0,22,27.527354,53.911874,"Грибоедова ул, 1, Минск",Елена
1070118481,2026-05-24T11:37:56Z,сдается 2-комнатная квартира,"Сдам квартиру ул. Купревича 16 под коммерческие нужды: под склад товара или размещение оборудования. Помещение сухое, теплое, свободный доступ. От соб",250.0,737.0,False,https://re.kufar.by/vi/1070118481,,,71.6,,,3,15,1.0,16.0,,2024.0,24,27.695132,53.930284,"Академика Купревича ул, 16, Минск",Екатерина
1051792798,2026-05-24T08:41:20Z,3-х комнатная квартира в районе Маяк Минска с двумя спальнями,"Сдается уютная квартира в р-не Маяк Минска на бульваре Пикассо, с двумя спальнями и кухней-гостиной на срок от 1 суток.Квартира укомплектована посудой",1300.0,3832.4,False,https://re.kufar.by/vi/1051792798,3.0,325,72.0,67.8,20.0,3,5,6.0,11.0,10,2019.0,24,27.651932,53.93091,"Петра Мстиславца ул, 8, Минск",Маша
253360771,2026-05-24T06:27:29Z,квартира для организации и их сотрудников,"Сдается 4х комнатная квартира  по ул Байкальская 62 кор 1 ,  квартира полностью укомплектована всем необходимым для комфортного проживания! 5 сп мест,",0.0,0.0,True,https://re.kufar.by/vi/253360771,5.0,10,,,,,,,9.0,,,26,27.685305,53.865228,"Байкальская ул, 62к1, Минск",ИП Моисеева Анжела Владимировна
251883105,2026-05-23T08:46:30Z,квартира для организации и их сотрудников,Сдается 3х комнатная квартира для Организаций и их командированных сотрудников. В квартире имеется все необходимое для комфортного проживания. Предост,0.0,0.0,True,https://re.kufar.by/vi/251883105,5.0,215,,,,1,,1.0,8.0,,,26,27.668892,53.868626,"Алтайская ул, 64к1, Минск",ИП Моисеева Анжела Владимировна
1052171402,2026-05-23T06:39:12Z,2к квартира на месяц,"Сдается двухкомнатная квартира в центре Минска, с мебелью, посудой и всем необходимым для проживания. Сдается на неделю, месяц, два. Стоимость зависит",650.0,1916.2,False,https://re.kufar.by/vi/1052171402,2.0,,48.0,31.0,,3,5,5.0,5.0,3,,23,27.584514,53.912219,"Золотая Горка ул, 13, Минск",Павел
1051891969,2026-05-23T06:38:01Z,аренда,"Сдаётся просторная и уютная однокомнатная квартира в элитном районе ""Лебяжий"". В квартире есть все необходимое для комфортного проживания: интернет, м",550.0,1621.4,False,https://re.kufar.by/vi/1051891969,1.0,,44.0,38.0,12.0,1,5,8.0,8.0,10,2021.0,22,27.470104,53.936423,"Мястровская ул, 15, Минск",Наталья
1061659068,2026-05-23T06:08:19Z,"Расположение в 2 минутах от метро, есть подземный паркинг",В квартире есть всё. Сдается впервые.,650.0,1916.2,False,https://re.kufar.by/vi/1061659068,,170,33.0,,,,10,2.0,6.0,3,2025.0,28,27.54205,53.866253,"Игоря Лученка ул, 16, Минск",Игорь
1011052425,2026-05-23T04:29:07Z,Сдам квартиру,"Сдам квартиру от собственника. Огороженная территория, видеонаблюдение, высота потолков-3 м,VIP.",950.0,2800.6,False,https://re.kufar.by/vi/1011052425,,,95.0,55.0,18.0,,5,3.0,7.0,3,2002.0,22,27.529456,53.914266,"Чехова ул, 3, Минск",Александр
1046497519,2026-05-22T20:03:28Z,"Квартира, 1 комн., 28 м², этаж 2 из 9","Сдаётся однокомнатная квартира. С 9.08 2026г.
Можно не на продолжительный срок. От месяца до полугода. 
Можно иностранцем.
 Сделаем регистрацию. 
Рядо",610.58,1800.0,True,https://re.kufar.by/vi/1046497519,2.0,,28.0,14.0,8.5,1,1,2.0,9.0,3,1990.0,28,27.556711,53.881802,"Левкова ул, 3к2, Минск",ИП Слесарев Павел Сергеевич
1069912687,2026-05-22T18:06:17Z,Квартира 2х комнатная,"Видео вышлю, в квартире есть всё для проживания, сдается на 3 месяца",650.0,1916.2,False,https://re.kufar.by/vi/1069912687,,305,48.0,,6.2,1,5,2.0,5.0,3,,26,27.646497619917568,53.84357819520025,"Уборевича ул, 44, Минск",Таня
1069164472,2026-05-22T16:08:33Z,Сдам новую квартиру на длительный срок,"Хорошая квартира на Лобанка 97, 10 мин от метро . 
в кВ есть все необходимое для комфортного жилья",407.06,1200.0,False,https://re.kufar.by/vi/1069164472,3.0,265,65.0,50.0,15.0,1,1,9.0,9.0,1,2015.0,30,27.433282,53.883622,"Лобанка ул, 97, Минск",Олег
1019235091,2026-05-22T16:03:55Z,Квартира,"Сдается трехкомнатная квартира на трех уровнях, площадью 140 кв.м, по адресу: улица Тимошенко, 10. Кухня 25 м2, гостиная 38 м2, 2 спальни по 25 м2, 2",1000.0,2948.0,False,https://re.kufar.by/vi/1019235091,,80,140.0,,,1,,9.0,9.0,,,30,27.462199,53.904984,"Тимошенко ул, 10, Минск",Сергей
1052045390,2026-05-22T13:45:56Z,Сдается большая квартира студия в центре Минска,"Сдается на месяц.
Комфортная квартира в центре Минска. Метро «Грушевка». ""Институт культуры""
Квартира со всем необходимым для комфортного проживания:",983.72,2900.0,False,https://re.kufar.by/vi/1052045390,5.0,55,45.0,,,1,10,3.0,9.0,10,2014.0,29,27.518701160616985,53.88091399156639,"Щорса ул, 1, Минск",Антон
1069884740,2026-05-22T12:56:28Z,"Аренда 3-комнатной квартиры, Тимирязева , 126","С 1-го сентября сдается просторная (92 квадрата) трехкомнатная квартира в престижном ЖК ""Олимпик Парк"". Квартира полностью укомплектована всем необход",2000.0,5896.0,True,https://re.kufar.by/vi/1069884740,,140,91.8,63.4,,1,,4.0,7.0,4,2023.0,22,27.44656,53.939056,"Тимирязева ул, 126, Минск",ООО Центр недвижимости ГАЛАКТИКА
1065891256,2026-05-22T09:06:58Z,2х комнатная квартира в аренду пл.Победы от собственника.,Сдаётся двухкомнатная квартира (2 раздельные комнаты) на длительный срок в районе Площади  Победы от собственника. Дом после капитального ремонта. Чис,600.0,1768.8,False,https://re.kufar.by/vi/1065891256,2.0,120,41.0,25.0,6.0,2,,1.0,5.0,3,1961.0,23,27.574533,53.914542,"Машерова пр, 14, Минск",Вячеслав
1052326305,2026-05-22T08:11:23Z,"Сдам 1-комнатную квартиру на 15 дней и более долгосрочно до 2-ух месяцев(заочникам, командировочным)","Квартира доступна с 16 сентября 2026. 

Цена по курсу за 15 суток, рассматривается аренда на больший срок до 2 месяцев (с корректировкой цены пропорци",340.0,1002.32,False,https://re.kufar.by/vi/1052326305,3.0,,33.0,15.0,7.0,1,5,7.0,9.0,3,1989.0,28,27.556387,53.882386,"Левкова ул, 3к1, Минск",Пользователь
244348036,2026-05-22T06:29:02Z,квартира для организации и их сотрудников,"Сдается 2х комнатная квартира с хорошим ремонтом для командированных работников юр. лиц, на длительный период ( от 15 дней) посуточно. Договор заключа",0.0,0.0,True,https://re.kufar.by/vi/244348036,3.0,,,,,,,,,,,26,27.637227,53.872528,"Партизанский пр, 68, Минск",ИП Моисеева Анжела Владимировна
1063114837,2026-05-22T00:50:51Z,Сдам 2 комнатную квартиру по  ул. Голодеда 13,Сдам 2 комнатную квартиру на длительный срок по предооплате,400.0,1179.2,False,https://re.kufar.by/vi/1063114837,3.0,305,47.0,31.0,6.0,1,1,3.0,5.0,1,1969.0,26,27.642338,53.83907,"Голодеда ул, 13, Минск",Анна
1059633921,2026-05-21T21:49:41Z,"Уютная 3-х комнатная квартира, Фрунзенский р-н, г. Минск","Сдается уютная 3-х комнатная квартира. Тихий район, парк, рядом школа, гимназия, детский садик, магазины, торговые центры, остановки общественного тра",750.0,2211.0,False,https://re.kufar.by/vi/1059633921,4.0,125,90.0,,,3,5,9.0,9.0,4,,30,27.42612444980608,53.89701908595683,"Мазурова ул, 16, Минск",Василий
1067961584,2026-05-21T21:29:13Z,Сдам трехкомнатную квартиру евро формата,"Сдам на длительный срок трехкомнатную квартиру евро формата. Две изолированные комнаты и просторная кухня совмещенная с гостиной. Никто не жил, первое",900.0,2653.2,False,https://re.kufar.by/vi/1067961584,3.0,170,63.0,35.0,25.0,3,10,10.0,24.0,10,2025.0,28,27.554115,53.86372,"Жореса Алфёрова ул, 5, Минск",Евгений
1069791239,2026-05-21T18:05:20Z,Квартира для студентов,Квартира освобождается 31.08. Есть сушильная машина. Идеально для студентов. Иностранных студентов заселяю. Предоставляется временная регистрация. Риэ,745.0,2196.26,False,https://re.kufar.by/vi/1069791239,3.0,30,70.0,50.0,9.0,2,5,17.0,19.0,2,2015.0,29,27.478944,53.854422,"Чюрлёниса ул, 6, Минск","Наталья, Михаил"
1051374915,2026-05-21T14:14:47Z,Сдам квартиру Макаёнка,"Сдам новую большую уютную квартиру, дизайн ремонтом и всеми удобствами, мебель, техника, всё что нужно для жизни, квартира расположена в парке челюски",1500.0,4422.0,False,https://re.kufar.by/vi/1051374915,5.0,,100.0,80.0,30.0,1,10,9.0,18.0,2,2020.0,24,27.62536,53.921679,"Макаёнка ул, 12А, Минск",zzz
1069757920,2026-05-21T13:08:03Z,Сдаётся однокомнатная квартира,"Сдаётся однокомнатная квартира , по договору, залог .Район фрунзенский находится в 10 минутах ходьбы от метро Каменная горка, рядом вся инфраструктура",600.0,1768.8,False,https://re.kufar.by/vi/1069757920,2.0,80,40.0,17.8,9.3,1,5,8.0,9.0,1,1990.0,30,27.44417,53.898538,"Одинцова ул, 35, Минск",Виталий
1069757366,2026-05-21T13:01:06Z,"Аренда 2 х комнатной квартиры в г. Минск, ул. Притыцкого, 105","Сдаётся в аренду на длительный срок просторная 2-комнатная квартира в пару минутах ходьбы от метро «Каменная горка».

В квартире есть все необходимое",610.58,1800.0,True,https://re.kufar.by/vi/1069757366,,125,61.0,31.0,10.0,3,5,8.0,18.0,10,2013.0,30,27.430623,53.906262,"Притыцкого ул, 105, Минск",Твой Маентак
1069752670,2026-05-21T12:03:48Z,Сдаю на длительную аренду,"Сдам на длительный срок 2-х  квартиру рядом со стадионом Динамо , 14/15 этажного дома, площадью 89/47,4/14, лоджия, охраняемая территория, парковочное",700.0,2063.6,False,https://re.kufar.by/vi/1069752670,4.0,,89.0,47.4,14.7,3,1,14.0,15.0,10,2003.0,27,27.563313,53.890436,"Белорусская ул, 17, Минск",Ирина
1069721122,2026-05-21T06:43:26Z,Сдается квартира,"Сдается 3-х комнатная квартира общей площадью 66 кв. м., проспект Дзержинского 19, дом рядом с метро Грушевка. В квартире есть все для комфортного про",800.0,2358.4,False,https://re.kufar.by/vi/1069721122,3.0,55,66.0,55.0,8.0,1,5,15.0,21.0,,,29,27.516098,53.886154,"Дзержинского пр, 19, Минск",Иван
1064122508,2026-05-20T23:42:15Z,"Сдам квартиру в Минск мире, можно с животными","Можно с животными. Сдам квартиру по договору, все для жизни есть, на 1 этаже продуктовый магазин. 

Делала ремонт для себя, все новое, квартира сдана",550.0,1621.4,False,https://re.kufar.by/vi/1064122508,4.0,170,34.0,25.0,,3,10,2.0,20.0,,2025.0,28,27.553962,53.863741,"Жореса Алфёрова ул, 5, Минск",Полина
1069645383,2026-05-20T15:01:04Z,Сдаётся однокомнатная квартира.,Сдаётся однокомнатная квартира.,0.0,0.0,False,https://re.kufar.by/vi/1069645383,,215,34.0,,,1,,,,,,26,27.666476,53.878346,"Алтайская ул, Минск",Леонид
1069620511,2026-05-20T10:57:43Z,Сдам квартиру,"Сдам двухкомнатную квартиру семье с детьми по договору аренды на длительный срок. Квартира без ремонта, мебель старая, есть холодильник двухкамерный (",373.13,1100.0,False,https://re.kufar.by/vi/1069620511,,,39.0,21.0,9.0,1,1,2.0,2.0,3,1950.0,25,27.605417,53.890107,"Чеботарёва ул, 21, Минск",Александр
1068971336,2026-05-20T09:21:29Z,Сдается 1-ком.квартира43/18/9.4.ул.Есенина д.58  м. Малиновка,"Сдается с 1 сентября.                          Сдается уютная, светлая, аккуратная 1 комнатная квартира в микрорайоне Малиновка Общая площадь43.3 комн",450.0,1326.6,False,https://re.kufar.by/vi/1068971336,2.0,,43.3,18.1,9.4,1,5,5.0,19.0,,2010.0,29,27.44646085992721,53.85539098118388,"Сергея Есенина ул, 58, Минск",Светлана
1052501885,2026-05-20T09:00:16Z,"Аренда 3-комнатной квартиры, Червякова 62","Уютная квартира с классной энергетикой. Центр. 
3х комнатная квартира, 2 отдельные спальни, без общей стены, хорошая мебель, с хорошим ремонтом. Дружн",850.0,2505.8,True,https://re.kufar.by/vi/1052501885,,,70.2,53.5,,1,,2.0,19.0,,,22,27.549461,53.930019,"Червякова ул, 62, Минск",ООО Центр недвижимости ГАЛАКТИКА
1063518083,2026-05-20T07:52:36Z,Квартира сдаётся от месяца,"Сдаётся квартира от месяца,метро 50 метров! Плюс коммунальные и залог! Сдается молодой паре без детей и животных!",700.0,2063.6,False,https://re.kufar.by/vi/1063518083,5.0,,47.0,16.8,12.0,1,5,8.0,18.0,10,2014.0,29,27.517348671911602,53.88832515552432,"Дзержинского пр, 24, Минск",Сергей
1067965868,2026-05-20T04:49:15Z,Сдаётся двухкомнатная квартира «Грушевка»,"Сдаётся двухкомнатная квартира в центре Минска. Квартира расположена в Московском районе по адресу ул.3-я Щорса 8. Рядом находится: - метро ""Грушевка""",600.0,1768.8,False,https://re.kufar.by/vi/1067965868,2.0,55,58.0,30.0,12.5,1,5,5.0,15.0,4,2008.0,29,27.512702,53.883463,"3-я  Щорса ул, 8, Минск",Валерия
1061295408,2026-05-20T02:30:01Z,Сдам квартиру с дизайнерским ремонтом,Сдам квартиру с дизайнерским ремонтом. Первое заселение. Возможна последующая продажа данной квартиры.,1200.0,3537.6,False,https://re.kufar.by/vi/1061295408,,55,91.5,,,1,10,4.0,15.0,10,2024.0,29,27.50875,53.88359,"Дзержинского пр, 21, Минск",Продавец
1069567632,2026-05-19T20:56:54Z,3-х комнатная квартира  внаем,"Сдается 3-комнатная квартира 74/48/10 одна комната смежная в доме сталинской постройки в центре.
Достойная благоустроенная квартира в центре Минска в",1000.0,2948.0,False,https://re.kufar.by/vi/1069567632,4.0,,74.0,48.0,11.0,1,5,2.0,4.0,3,1955.0,28,27.554168,53.893084,"Свердлова ул, 24, Минск",Жанна
1069556280,2026-05-19T17:55:40Z,Сдается большая 1-ая квартира,Сдается большая 1-ая квартира с мебелью и техникой. Гардеробная. Шлагбаум. Срок аренды от 1 месяца и больше . Без животных. Прописан 1 человек. Коммун,560.0,1650.88,False,https://re.kufar.by/vi/1069556280,3.0,,50.0,17.0,12.9,1,5,14.0,17.0,2,2009.0,23,27.608175,53.944717,"Олешева ул, 1, Минск",s.a
1065590364,2026-05-19T17:46:48Z,Сдача квартиры в аренду,"Квартира находится возле метро Петровщина (200м), тёплая, уютная, светлая. 
Хорошая локация, рядом множество магазинов, мест отдыха, школы, детсады.",457.94,1350.0,False,https://re.kufar.by/vi/1065590364,2.0,320,41.0,17.0,10.0,3,1,15.0,25.0,10,2010.0,29,27.486602152572292,53.868012443235486,"Дзержинского пр, 82, Минск",Виктор
1069511236,2026-05-19T12:32:53Z,Сдача квартиры,Сдается на длительный срок 2х комнатная квартира в кирпичном доме в центре Минска. Тел.  Юрий,0.0,0.0,False,https://re.kufar.by/vi/1069511236,3.0,,54.0,34.0,7.0,3,1,7.0,9.0,3,1976.0,23,27.594727,53.933375,"Восточная ул, 38, Минск",юрий
1069499174,2026-05-19T10:39:58Z,Сдача в аренду,"Квартира от собственника. Агентствам просьба не беспокоить.

Впервые сдаётся просторная 4-комнатная квартира площадью 108 м² в одном из самых благопол",1119.4,3300.0,False,https://re.kufar.by/vi/1069499174,,100,108.0,70.0,12.5,3,10,1.0,11.0,10,2004.0,23,27.61845285486049,53.9570626540204,"Гамарника ул, 4, Минск",Андрей
1063719742,2026-05-19T09:03:30Z,Аренда квартиры,"Сдаётся 2-х комнатная квартира в многоуровневом жилом доме . Лифт , мебель , отличный ремонт , превосходная локация ( центр , остановки общественного",700.0,2063.6,False,https://re.kufar.by/vi/1063719742,,,61.0,58.6,12.0,1,5,3.0,17.0,,2012.0,27,27.568191,53.874063,"Маяковского ул, 100, Минск",Игорь
1065326978,2026-05-19T07:44:26Z,Сдам квартиру,"Сдается 3-х комнатнпя квартира с 2 балконами на 4 этаже на  долгосрочной основе семье(),студентам(), метро восток 1 минута, напротив т.ц. ДАна Молл, Б",950.0,2800.6,False,https://re.kufar.by/vi/1065326978,,45,75.0,,7.0,4,1,4.0,10.0,1,1992.0,24,27.647629,53.934939,"Независимости пр, 145, Минск",андрей
1000366802,2026-05-19T07:19:19Z,квартира для организации и их сотрудников,"Сдается 2х ком квартира, для ОРГАНИЗАЦИЙ и их командированных сотрудников. 4 раздельных спальных места. квартира полностью укомплектована всем необход",0.0,0.0,True,https://re.kufar.by/vi/1000366802,4.0,10,40.0,,,,1,4.0,5.0,1,,26,27.681639,53.867172,"Ангарская ул, 18к1, Минск",ИП Моисеева Анжела Владимировна
253363027,2026-05-19T06:25:29Z,квартира для организации и их сотрудников,"Сдается 2х комнатная квартира по ул Жилуновича 41, полностью укомплектована всем необходимым для комфортного проживания, 3 спальных места.  До ст метр",0.0,0.0,True,https://re.kufar.by/vi/253363027,3.0,,,,,,,5.0,5.0,,,26,27.629196,53.869624,"Жилуновича ул, 41, Минск",ИП Моисеева Анжела Владимировна
1069465702,2026-05-19T05:02:13Z,Сдам квартиру,Сдам квартиру по договору 1500,500.0,1474.0,False,https://re.kufar.by/vi/1069465702,1.0,170,33.0,,,1,5,5.0,27.0,1,,28,27.542553,53.86758,"Игоря Лученка ул, 11, Минск",Артур
1069440029,2026-05-18T18:59:51Z,Сдается современная 2-комнатная квартира Алибегова 10,"Описание
Сдается на длительный срок Современная 2-комнатная квартира по адресу: ул. Алибегова 10.
Площадь 57,9 кв.м. Из них гостиная 18 кВ м, спальня",630.0,1857.24,False,https://re.kufar.by/vi/1069440029,4.0,,57.9,,9.6,1,5,6.0,14.0,1,,29,27.480417,53.874094,"Алибегова ул, 10, Минск",Андрей
1069409518,2026-05-18T13:56:35Z,Сдаю 3_х комнатную кв. ул. Кальварийская 4,"3х-комнатная квартира в шаговой доступности от станции метро ""Фрунзенская и Юбилейная"" с качественным ремонтом, мебелью и бытовой техникой.
В зале: ло",700.0,2063.6,False,https://re.kufar.by/vi/1069409518,3.0,,95.0,57.0,13.0,1,,9.0,10.0,3,1978.0,22,27.539194,53.905976,"Кальварийская ул, 4, Минск",николай валькевич
1058252059,2026-05-18T13:49:47Z,"Снять 4-комнатную квартиру в Минске, Советский район","Предлагается в аренду комфортабельная 4-комнатная квартира с  ремонтом, на 1-ом высоком этаже дома клубного типа (2017г.п) на 6 квартир.

Просторная (",1200.0,3537.6,True,https://re.kufar.by/vi/1058252059,,,150.0,68.0,28.0,,5,1.0,3.0,3,2017.0,23,27.582133,53.948623,"Широкая ул, Минск",ООО Партнер для всех
1069365760,2026-05-18T07:31:42Z,Сдается двухкомнатная квартира в ЖК Каскад с хорошим видом. ТОЛЬКО ЗВОНИТЬ,Сдается полностью укомплектованная двухкомнатная квартира в центре города Минска с хорошим видом на центр города. Только звонить!,650.0,1916.2,False,https://re.kufar.by/vi/1069365760,,110,63.0,36.0,15.0,3,5,5.0,11.0,10,2011.0,30,27.518065,53.910787,"Скрыганова ул, 4А, Минск",Нина Ивановна
1060032835,2026-05-17T16:57:09Z,Аренда,"Только сделан полный ремонт.очень спокойный район.рядом лошицкий парк,магазины школа.цена зависит от срока аренды.",700.0,2063.6,False,https://re.kufar.by/vi/1060032835,4.0,,61.0,36.0,9.1,1,5,,,1,2015.0,27,27.566750723594343,53.86198955255355,"Козыревская ул, 34, Минск",Юрий
1069305256,2026-05-17T16:49:41Z,Сдается светлая однокомнатная квартира  /студия в Минск - Мир Minsk World,Сдаётся однокомнатная квартира с дизайнерским ремонтом на длительный срок с 01.08.26г. Светлая еврооднушка /студия с видом на финансовый цент — первая,712.35,2100.0,False,https://re.kufar.by/vi/1069305256,4.0,170,38.6,30.1,,4,10,,21.0,4,2021.0,28,27.539265,53.86903,"Игоря Лученка ул, 5, Минск",Галина
1069283272,2026-05-17T13:16:48Z,Сдается 1 комнатная квартира на длительный срок.,"Сдаётся однокомнатная квартира на длительный срок по договору аренды: без детей, без животных, не студентам. Иностранцев, субарендаторов, арендаторов",373.13,1100.0,False,https://re.kufar.by/vi/1069283272,2.0,230,37.5,17.2,9.0,3,1,1.0,12.0,1,1990.0,27,27.593694,53.856525,"Якубова ул, 48к3, Минск",Виктор
1069275114,2026-05-17T12:19:44Z,Дизайнерская студия для 1 человека.,"Светлая студия 42 м² в центре. Идеально для IT  либо сотрудников посольств.

Премиальная студия в центре города для одного ответственного человека. Бе",600.0,1768.8,False,https://re.kufar.by/vi/1069275114,2.0,,42.0,,,1,10,3.0,5.0,3,1964.0,23,27.598388992188887,53.93047897293223,"Якуба Коласа ул, 49, Минск",CS
1067833822,2026-05-17T12:08:05Z,Сдам квартиру,"Сдам квартиру на долгий срок, по адресу Леонида Беды 26, современная новая квартира, рядом находится универсам Рига и ТЦ Европа, так же напротив дома",750.0,2211.0,False,https://re.kufar.by/vi/1067833822,2.0,220,80.0,44.0,12.0,1,5,8.0,10.0,3,2016.0,23,27.59283715770258,53.93512526158193,"Леонида Беды ул, 26, Минск",Вугар
1069271392,2026-05-17T11:54:53Z,Сдается 2-комнатная квартира,"Сдаётся 2-комнатная квартира площадью 68.6 кв. м в миниполисе «Каскад» с хорошим ремонтом.

В квартире есть всё необходимое для комфортного проживания",650.0,1916.2,False,https://re.kufar.by/vi/1069271392,,110,68.6,,,3,10,,,,,30,27.516736,53.908978,"Скрыганова ул, 2, Минск",Артем
1069266866,2026-05-17T11:08:45Z,Аренда,Сдам однокомнатную квартиру в живописном районе города Минска. Рядом Лошицкий парк. Развитая инфраструктура. Замечательные соседи. Чистый аккуратный п,500.0,1474.0,False,https://re.kufar.by/vi/1069266866,,145,90.0,60.0,10.0,1,1,8.0,9.0,1,2004.0,27,27.568982,53.843155,"Игуменский тракт, 22, Минск",Татьяна
1067819677,2026-05-17T08:24:39Z,"Сдается 1-комн. квартира по ул. Богдановича,144","Сдаётся однокомнатная квартира-студия по ул.Богдановича, 144 ‎21 этаж. В доме 3 лифта ,один из них грузовой .
‎Квартира со свежим качественным ремонто",700.0,2063.6,False,https://re.kufar.by/vi/1067819677,1.0,220,40.7,30.3,,3,10,21.0,26.0,10,,23,27.586337,53.939513,"Максима Богдановича ул, 144, Минск",Андрей
1069235638,2026-05-17T06:08:13Z,Уютная квартира в аренду семье,"Порядочной, аккуратной семье предлагается для долгосрочной аренды БЕЗ ПОСРЕДНИКОВ просторная четырёхкомнатная квартира (101 кв.м.) в столичном микрора",899.0,2650.25,False,https://re.kufar.by/vi/1069235638,7.0,230,101.0,61.0,12.0,4,5,13.0,15.0,1,2004.0,27,27.602165,53.864219,"Рокоссовского пр, 76, Минск",Дмитрий
248568810,2026-05-16T18:43:12Z,КВАРТИРА(РЕГИСТРАЦИЯ-ПРОПИСКА),"Сдается новая  квартира-студия-аквариум, без отделки , есть балкон и   застеклённая лоджия , есть сан узел (на фото  ), есть две розетки , до метро аэ",250.0,737.0,False,https://re.kufar.by/vi/248568810,,170,44.0,,,3,20,5.0,17.0,,2022.0,28,27.539382,53.868993,"Игоря Лученка ул, 5, Минск",сергей
1047450816,2026-05-16T13:31:12Z,1-ая квартира метро Партизанская,"Однокомнатная квартира в 7 минутах от метро станция Партизанская. Рядом магазины, банк, аптека, в шаговой доступности кинотеатр Комсомолец. Аренда с с",848.03,2500.0,False,https://re.kufar.by/vi/1047450816,2.0,,40.0,17.0,9.0,1,1,9.0,10.0,1,2025.0,26,27.626797,53.867113,"Грекова ул, 4, Минск",ПР
1069159910,2026-05-16T12:15:14Z,Сдам  квартиру в долгосрочную аренду Минск,"Сдаётся в аренду  1-комнатная квартира , в пешей доступности от станции метро «Пушкинская». 
    ТОЛЬКО   гражданам  РБ, без  животных,  на длительный",250.0,737.0,False,https://re.kufar.by/vi/1069159910,,290,40.0,20.0,,3,,,9.0,1,,30,27.509343,53.901361,"Болеслава Берута ул, 17к3, Минск",Артем
1058316760,2026-05-16T11:31:21Z,Квартира,"На 1-3 месяца!! Только сдам. Все для проживания,кровать,стиральная машина,интернет,вст.кухня.",499.0,1471.05,False,https://re.kufar.by/vi/1058316760,4.0,,22.0,14.0,6.0,3,1,4.0,5.0,3,,23,27.576006,53.928519,"Максима Богдановича ул, 88, Минск",Петр
1065948205,2026-05-16T05:50:41Z,Сдам квартиру,"Сдается в аренду квартира-студия, можно сроком от месяца. Преимущества: прекрасный вид на парк Челюскинцев  (высокий этаж), в 7-ми минутах хотьбы метр",800.0,2358.4,False,https://re.kufar.by/vi/1065948205,2.0,,39.0,,,3,,,25.0,10,2021.0,24,27.624021,53.921785,"Макаёнка ул, 12Л, Минск",Alina
1069074453,2026-05-15T16:52:34Z,"Аренда 1-комнатной квартиры, Независимости 88","Работаем по факту!
Светлая и просторная квартира-студия 41м2 расположена на 11 этаже у входа в Парк Челюскинцев. Укомплектована всей необходимой мебел",749.88,2210.65,True,https://re.kufar.by/vi/1069074453,,,38.4,35.3,,3,,11.0,15.0,4,2021.0,24,27.62307,53.925091,"Независимости пр, 88, Минск",ООО Центр недвижимости ГАЛАКТИКА
1069039984,2026-05-15T10:48:16Z,Сдам квартиру на длительный срок,Сам 3-х комнатну кваритиру .Фрунзенксий район не далеко в 15 минутах ходьбы  метро каменная горка .От 6 месяцев и больше .Для бригады строителей 6 чел,525.0,1547.7,False,https://re.kufar.by/vi/1069039984,6.0,265,98.0,87.0,11.0,3,1,5.0,9.0,4,,30,27.419233,53.884519,"Пимена Панченко ул, 40, Минск",Наталья
1026807845,2026-05-15T06:06:01Z,Сдается квартира ул. Долгобродская 9 можно по безналу,"Сдается красивая квартира ул. Долгобродская, д. 9.
1 этаж девушке
Комм-ые летом 100 руб +эл-во 
Зимой 200 руб
В квартире можно работать в сфере бьюти,",474.9,1400.0,False,https://re.kufar.by/vi/1026807845,2.0,,54.0,,,2,5,1.0,5.0,,,25,27.604097,53.899716,"Долгобродская ул, 9, Минск",ул. Пионерская
1029546408,2026-05-15T05:48:45Z,Квартира можно иностранцам дороже,"Цена для белорусов От года 
Залог обязательно 
Квартира 2 комнатная  можно иностранцам ,но будет дороже",500.0,1474.0,False,https://re.kufar.by/vi/1029546408,4.0,,46.0,,,1,5,4.0,6.0,,2003.0,29,27.514211,53.890213,"Розы Люксембург ул, Минск",Квартира
1058002307,2026-05-14T22:28:59Z,Сдаётся уютная квартира в историческом центре Минска - долгосрочная аренда,"Квартира после свежего авторского ремонта 2026 года в стиле французской неоклассики. Никто не жил после ремонта — состояние новое.

• Высота потолков",1150.0,3390.2,False,https://re.kufar.by/vi/1058002307,2.0,,55.0,32.0,7.3,1,10,3.0,5.0,3,1958.0,28,27.55795589814668,53.89111276328199,"Свердлова ул, 32, Минск",Polina
1029443055,2026-05-14T18:10:47Z,Жилье в центре в 2 минутах от метро,"Собственник сдаст жильё в самом центре Минска, возле пл.Победы, окна на проспект. 
Локация- конфетка!

Состояние комнат и санузла- после косметическог",0.0,0.0,False,https://re.kufar.by/vi/1029443055,4.0,,43.0,,,1,1,3.0,7.0,,,23,27.578998,53.912441,"Независимости пр, 43, Минск",ЭкоЗдорово
