ad_id,list_time,subject,body_short,price_usd,price_byn,company_ad,ad_link,district,area_total,area_living,area_kitchen,balcony,condition,floor,floors_total,building_type,building_year,area_code,location_lon,location_lat,address,contact_name,rooms
1079197424,2026-08-04T08:41:22Z,Двухкомнатная квартира после ремонта,"Сдается светлая, уютная квартира после полного обновления. 

Здесь все новое: от стяжки пола до розеток. Никаких ""бабушкиных"" диванов и старой сантехн",550.19,1600.0,True,https://re.kufar.by/vi/1079197424,290,44.8,30.9,6.0,1,1,4.0,5.0,1,1967.0,30,27.507726,53.904331,"Одоевского ул, 23, Минск",Бюро Городской Недвижимости,
1079656873,2026-08-04T08:40:15Z,Сдаётся квартира,"С 15.09.2026 сдаётся уютная студия в современном жилом комплексе Минск-Мир на длителный срок, от года. Квартира идеально подойдёт для одного человека",450.0,1308.65,False,https://re.kufar.by/vi/1079656873,170,32.0,30.0,,1,10,18.0,25.0,10,,28,27.531441,53.866099,"Леонида Левина ул, 11, Минск",Андрей,2.0
1079656260,2026-08-04T08:39:02Z,Сдам квартиру,"Сдам однокомнатную квартиру в хорошем состоянии на длительный срок. Рядом магазины,тихий двор. Хорошее транспортное сообщение,метро в 10 минутах. Зало",400.0,1163.24,False,https://re.kufar.by/vi/1079656260,150,33.0,17.0,7.0,3,1,6.0,,1,1996.0,29,27.439463,53.850943,"Громова ул, 46, Минск",Наталья,2.0
1079656240,2026-08-04T08:38:58Z,"1 комн., 30 м².,2 минуты до ст.м. ПУШКИНСКАЯ","2 минуты до ст.м Пушкинская

В шаговой доступности все,  что нужно: круглосуточный магазин, кинотеатр, спортзал,  кофейни и ТД. 

Ищем порядочного ква",460.0,1337.73,False,https://re.kufar.by/vi/1079656240,205,35.5,18.0,8.0,1,1,8.0,9.0,,1973.0,30,27.49043815226918,53.90973464994529,"Притыцкого ул, 38, Минск",Маргарита,2.0
1079654124,2026-08-04T08:34:00Z,Сдам в аренду квартиру (1этаж дома),"Сдам в аренду 1 этаж дома, отличный ремонт со всеми удобствами. Большая кухня и гостиная. Наличие стиральной машины. Парковка для авто возле дома. Дол",515.8,1500.0,False,https://re.kufar.by/vi/1079654124,215,100.0,,,2,5,1.0,2.0,3,,26,27.664503747293935,53.87319106805268,"Днепровская ул, 59, Минск",Геннадий,3.0
1074737764,2026-08-04T08:30:46Z,СУПЕР СТИЛЬНАЯ СТУДИЯ в Минск Мире,"Сдается новая студия в микрорайоне Минск Мир. С продуманной планировкой и стильным ремонтом.
В квартире есть отдельное спальное место (кровать) и дива",550.0,1599.46,False,https://re.kufar.by/vi/1074737764,170,30.0,24.2,,1,10,4.0,25.0,10,2025.0,28,27.555085,53.859185,"Леонида Щемелёва ул, 28, Минск",Валерия,2.0
1065365730,2026-08-04T08:29:50Z,Сдаем трехкомнатную квартиру с ремонтом,"Сдаётся 3-х комнатная квартира-студия с прекрасным видом на Свислочь. Современная планировка, квартира оборудована всем необходимым для комфортного пр",750.0,2181.08,False,https://re.kufar.by/vi/1065365730,220,95.0,60.0,14.0,3,10,9.0,15.0,10,2009.0,27,27.568865,53.882587,"Маяковского ул, 15, Минск",Leonid,3.0
1079207088,2026-08-04T08:24:33Z,Уютная с дизайнерским ремонтом евродвушка в престижном  доме Волна,"Собственником сдаётся премиальная евро двушка, метраж около 44 м2 с балконом в престижном доме Волна Маяк Минска, с дизайнерским ремонтом. Квартира ос",0.0,0.0,False,https://re.kufar.by/vi/1079207088,170,44.0,40.0,,1,10,6.0,21.0,2,2022.0,28,27.549991,53.869784,"Мира пр, 1, Минск",Алина,
1079643192,2026-08-04T08:09:22Z,1-комн.квартира сдается бульвар Шевченко 6,"Сдается 1комн.квартира в Центральном районе бульвар Шевченко 6,на длительный срок. Квартира с мебелью .Холодильник,стиральная машина . Официально по д",378.25,1100.0,True,https://re.kufar.by/vi/1079643192,,31.0,,,,1,,,,,22,27.557034,53.924309,"Шевченко бул, 6, Минск",ООО Альфа-риэлт,
1078952561,2026-08-04T07:59:31Z,аренда просторной двухкомнатной квартиры,"Сдаётся совершенно новая уютная светлая, просторная двухкомнатная (евротрёшка) квартира с огромной кухней-гостиной и двумя изолированными комнатами (в",750.0,2181.08,False,https://re.kufar.by/vi/1078952561,,84.0,,25.0,4,5,14.0,16.0,2,2025.0,24,27.695132,53.930284,"Академика Купревича ул, 16, Минск",Алла,
1079637503,2026-08-04T07:56:42Z,Квартира в аренду.,"Квартира в аренду по ул. Янковского 5. Напротив  магазин, спортзал. Хорошее транспортное сообщение. Сдается квартира только гражданам РБ по договору а",400.0,1163.24,False,https://re.kufar.by/vi/1079637503,265,42.0,,,1,1,3.0,9.0,,,30,27.44140086662441,53.880968861703714,"Янковского ул, 5, Минск",Павел,2.0
1079636880,2026-08-04T07:55:23Z,Сдаётся квартира,Сдается 1 комнатная квартира в Серебрянке. Без детей и животных. По договору. Не агентство. Залог за 1 месяц.писать и звонить по тел +,380.0,1105.08,True,https://re.kufar.by/vi/1079636880,230,40.0,,,1,1,2.0,,,,27,27.606594,53.856785,"Рокоссовского пр, 112, Минск",ИП Мороз Владислав Викторович,2.0
1079631987,2026-08-04T07:48:36Z,Сдаётся однокомнатная квартира,Сдаётся однокомнатная квартира.Частично с мебелью.Курасовщина(ул.Корженевского). Остановка пл.Казинца.До ст.метро Слуцкий Гостинец 7 минут.Кроме метро,350.0,1017.84,False,https://re.kufar.by/vi/1079631987,135,33.0,,,1,,7.0,9.0,,,28,27.514723,53.84391,"Корженевского ул, Минск",Наталья,
1078114496,2026-08-04T07:46:26Z,Сдается 2-х комнатная Захарова 64 пл.Победы.,"Сдается 2-х комнатная квартира рядом с пл. Победы на длительный срок. Чистая,аккуратная. Из спальных мест-диван. Тихий центр. Все в шаговой доступност",420.0,1221.4,True,https://re.kufar.by/vi/1078114496,200,50.0,,,3,1,,,,,25,27.585196,53.897005,"Захарова ул, 64, Минск",ООО Альфа-риэлт,
1078831559,2026-08-04T07:44:21Z,Долгосрочная аренда квартиры Минск,"Впервые предлагается в аренду уютная и ухоженная 2-комнатная квартира, в которой ранее проживал только собственник. Квартира подготовлена к комфортном",800.0,2326.48,False,https://re.kufar.by/vi/1078831559,80,61.1,58.2,13.0,3,1,2.0,7.0,1,2004.0,30,27.477327,53.90683,"Притыцкого ул, 41, Минск",Ольга,4.0
1077034402,2026-08-04T07:42:02Z,Длительная аренда квартиры ( от года),Без животных и детей.,500.0,1454.05,False,https://re.kufar.by/vi/1077034402,55,42.0,,,1,5,19.0,21.0,,,29,27.52041,53.886934,"Дзержинского пр, 15, Минск",Елена,4.0
1079630383,2026-08-04T07:41:16Z,Сдам 1-ую квартиру,Сдам однокомнатную квартиру студию на длительный срок (без животных),687.73,2000.0,False,https://re.kufar.by/vi/1079630383,,42.4,,,,5,14.0,19.0,2,2019.0,24,27.625773,53.923742,"Макаёнка ул, 12В, Минск",Вероника,
1079191975,2026-08-04T07:39:18Z,Сдается квартира,"Сдается уютная, полностью укомплектованная однокомнатная квартира-студия по адресу ул. Николы Теслы, 8. Идеальный вариант для тех, кто ценит комфорт,",484.85,1410.0,False,https://re.kufar.by/vi/1079191975,170,32.0,28.0,,1,5,4.0,19.0,10,2020.0,28,27.533326127807356,53.869802553770526,"Николы Теслы ул, 8, Минск",Ди,3.0
1079629606,2026-08-04T07:34:39Z,2к квартира Северный Берег,"Сдается новая квартира на длительный срок в прекрасном районе Северного берега, I квартал рядом с Lake Side, 5 этаж из 7, окна на южную сторону. Кварт",722.12,2100.0,False,https://re.kufar.by/vi/1079629606,,47.0,,,1,10,5.0,7.0,2,2025.0,23,27.568344,53.965158,"Виталия Цвирко ул, 102, Минск",Продавец,3.0
1079629519,2026-08-04T07:33:28Z,2 комнатная квартира по ул. Берута 22,"в аренду 2 комнатная квартира по ул. Берута 22. Метро пушкинская 10минут. Все есть для проживания. Можно кота. Звоните. 
Выбор квартир и комнат по гор",450.0,1308.65,True,https://re.kufar.by/vi/1079629519,290,46.2,30.7,5.8,,1,,,,,30,27.504483,53.899833,"Болеслава Берута ул, 22к2, Минск",ООО Альфа-риэлт,
1079629423,2026-08-04T07:33:12Z,Cдам квартиру 4 комнаты Уручье,"Сдаётся уютная четырехкомнатная квартира от собственника на 1 этаже 9-ти этажного панельного дома. Квартира сдаётся без мебели. 
Только граждане РБ.
В",750.0,2181.08,False,https://re.kufar.by/vi/1079629423,280,90.0,82.0,7.1,4,5,1.0,9.0,1,1987.0,24,27.689077,53.942608,"Руссиянова ул, 12, Минск",Юрий,
1077566654,2026-08-04T07:29:28Z,Однокомнатная квартира,"Сдаётся 1 комнатная квартира (Евродвушка) в престижном доме с отличным ремонтом в Фрунзенском районе столицы. Квартира находится на 6 этаже, укомплект",515.8,1500.0,False,https://re.kufar.by/vi/1077566654,290,54.0,19.0,12.0,3,5,6.0,16.0,10,2009.0,30,27.507025,53.901812,"Болеслава Берута ул, 11А, Минск",Игорь,2.0
1068931466,2026-08-04T07:28:47Z,"Аренда 2-комнатной квартиры, Друйская 61","РАБОТАЕМ ПО ФАКТУ 
Сдается 2-х комнатная квартира по ул. Друйская 61 общ.пл.  70,9 кв.м. Клубный дом «Вилла Рива»  находится в необычном уютном дворе,",900.0,2617.29,True,https://re.kufar.by/vi/1068931466,,70.9,51.3,,3,,1.0,3.0,4,2016.0,23,27.586113,53.96703,"Друйская ул, 61, Минск",ООО Центр недвижимости ГАЛАКТИКА,
1072459442,2026-08-04T07:27:24Z,"Аренда 1-комнатной квартиры, Ливенцева 4","Сдается аккуратная 1-комнатная квартира на ул. Ливенцева 4 

Сдается светлая и уютная однокомнатная квартира со свежим ремонтом на длительный срок. В",450.0,1308.65,True,https://re.kufar.by/vi/1072459442,,42.4,17.9,9.2,3,,16.0,17.0,1,2022.0,26,27.636463,53.861855,"Виктора Ливенцева ул, 4, Минск",ООО Центр недвижимости ГАЛАКТИКА,
1079277109,2026-08-04T07:21:52Z,Аренда квартиры,"Сдается стильная, абсолютно новая квартира с дизайнерским ремонтом в доме клубного типа, есть абсолютно все для комфортной жизни, вся техника и мебель",850.0,2471.89,False,https://re.kufar.by/vi/1079277109,220,45.0,45.0,,1,10,1.0,2.0,4,2025.0,23,27.584846,53.943901,"переулок Максима Богдановича, 28, Минск",Борис,2.0
1078571864,2026-08-04T07:17:45Z,Сдам уютную двухкомнатную квартиру в центре Минска,"Сдаётся двухкомнатная, уютная квартира в центре Минска от собственника.",530.0,1541.29,True,https://re.kufar.by/vi/1078571864,120,40.0,24.0,7.5,3,5,3.0,9.0,1,,23,27.576213,53.924993,"Кульман ул, 26, Минск",ИП Головня Михаил Михайлович,
1079625837,2026-08-04T07:15:26Z,Сдам 3- комнатную квартиру в Лошице,"Уютная 3-комнатная квартира в хорошем районе.
Ремонт выполнен, мебель есть.
Рядом всё необходимое: остановка, магазины, Лошицкий парк.
Прекрасные сосе",687.73,2000.0,False,https://re.kufar.by/vi/1079625837,145,65.0,,,1,1,8.0,9.0,1,2004.0,27,27.573312,53.837348,"Игуменский тракт, 36, Минск",европочта,
1079626118,2026-08-04T07:14:52Z,Квартира,"Из мебели только кухня, если нет своей предоставим",378.25,1100.0,False,https://re.kufar.by/vi/1079626118,80,40.0,,8.0,2,1,3.0,,1,,30,27.450529895904452,53.897083994774206,"Одинцова ул, 11, Минск",Ирина,1.0
1075556749,2026-08-04T07:11:04Z,Квартира у Площади Победы к сентябрю,"Ищу хороших людей для съёма квартиры.
Иностранцам можно.
Регистрация  будет.
Залог подлежит обсуждению.
Мелкие животные возможно,нужно обсуждать.
Квар",680.0,1977.51,False,https://re.kufar.by/vi/1075556749,,36.0,25.0,4.5,2,10,1.0,3.0,3,,24,27.598833,53.904013,"Козлова ул, 35, Минск",Петра Румянцева 17    м.Площадь Победы,4.0
1079624776,2026-08-04T07:02:33Z,Сдам квартиру,Сдам квартиру на длительный срок без животных. все новое никто не жил. Рассмотрю варианты с детьми от 6 лет. Все вопросы по телефону. Фото по запросу,700.0,2035.67,False,https://re.kufar.by/vi/1079624776,,72.0,,,1,5,17.0,19.0,2,2017.0,29,27.441924,53.873574,"Маршала Лосика ул, 31, Минск",Андрей,
1079513254,2026-08-04T07:00:40Z,Сдается жилье для работников,Сдается жилье для работников. Квартира в частном доме с отдельным входом и своим двором. 3 комнаты: 2 изолированные (3 надувные кровати и 4 кровати с,756.51,2200.0,False,https://re.kufar.by/vi/1079513254,290,60.0,42.0,9.0,2,,,,,,30,27.510924,53.902862,"Верещагина ул, 24, Минск",Николай,7.0
1079132757,2026-08-04T06:56:27Z,"Сдается 1 комнатная квартира, Сухарево","Сдаётся однокомнатная квартира в Сухарево-5 (ул. Скрипникова,11). 
Хороший ремонт. На встроенной кухне имеется холодильник, варочная электрическая пан",500.0,1454.05,False,https://re.kufar.by/vi/1079132757,,47.1,19.2,9.6,1,5,6.0,16.0,4,2007.0,30,27.420364,53.890755,"Скрипникова ул, 11, Минск",Илона,2.0
1064906946,2026-08-04T06:56:07Z,Сдается стильная двухуровневая 6-ти комнатная квартира в 100м от универсама ''Рига'',"Сдается на длительный срок стильная двухуровневая квартира в чистом, благоустроенном районе города. Предоплата не менее, чем за 3 месяца.
Полностью го",1249.0,3632.22,True,https://re.kufar.by/vi/1064906946,,186.7,120.5,33.7,4,5,9.0,10.0,3,2000.0,23,27.589903,53.931207,"Леонида Беды ул, 6, Минск",УП Дианэст,10.0
1055936774,2026-08-04T06:52:11Z,Сдам квартиру в г. Минск для командированных,"Предлагаем квартиру для КОМАНДИРОВОЧНЫХ. Работаем с ЮРЛИЦАМИ
Отчетные документы, наличный и безналичный расчет.
От 1 до 6 человек
Долгосрочная аренда",0.0,0.0,True,https://re.kufar.by/vi/1055936774,255,64.0,,,3,5,2.0,9.0,,,25,27.675198,53.915263,"Высокая ул, 11В, Минск",ООО ШаКоХаус,4.0
1079623957,2026-08-04T06:45:20Z,Сдам квартиру,"Сдается 3-х комнатная квартира гражданам РБ и РФ. Есть мебель, бытовая техника, кондиционеры. Квартира чистая, светлая. В 30 метрах от подъезда зарядк",600.0,1744.86,False,https://re.kufar.by/vi/1079623957,,70.0,50.0,12.0,3,5,12.0,12.0,3,2006.0,27,27.567949,53.871429,"Маяковского ул, 140, Минск",Алиса,5.0
1078733342,2026-08-04T06:36:43Z,СДАЁТСЯ 2-Х КОМНАТНАЯ КВАРТИРА,"Сдаётся 2-х комнатная квартира на длительный срок от собственника,с 5 августа .
ТОЛЬКО ГРАЖДАНАМ РБ,  ДВУМ ДЕВУШКАМ СТАРШЕ 21 ГОДА!!! Рядом магазины,а",450.0,1308.65,False,https://re.kufar.by/vi/1078733342,135,51.0,,,1,1,3.0,9.0,1,,28,27.518092,53.850242,"Брестская ул, 78, Минск",Елена,2.0
1079623043,2026-08-04T06:34:13Z,Сдам квартиру 1-комн. Минск метро рядом,"Чистая, уютная, не захламленная квартира. 
Сдаётся исключительно семье без вредных привычек, без домашних животных на длительный срок. 
Укомплектованн",350.0,1017.84,False,https://re.kufar.by/vi/1079623043,265,50.0,,,1,1,,,,,30,27.425772,53.893275,"Ивана Шамякина ул, Минск",Екатерина,
1079599611,2026-08-04T06:31:19Z,Однокомнатная квартира,"В хорошем состоянии,хозяйка одна.Развитая инфраструктура,через дорогу гипермаркет Гиппо. Сдается желательно парам,рассмотрим все варианты.",343.87,1000.0,False,https://re.kufar.by/vi/1079599611,,40.0,17.0,12.0,3,1,9.0,19.0,2,2018.0,30,27.460968,53.87625,"Максима Горецкого ул, 3, Минск",titokat,
1079622952,2026-08-04T06:29:43Z,Уютная 2-к квартира в Чижовке,"Сдаётся 2-х комн. квартира (51,5 кв. м.), 8-й этаж 9-ти этажного дома. 

Полностью укомплектована всей необходимой мебелью и бытовой техникой (холодил",420.0,1221.4,False,https://re.kufar.by/vi/1079622952,305,51.5,33.0,7.0,3,1,8.0,9.0,3,1974.0,26,27.632232,53.839399,"Голодеда ул, 31, Минск",Валерия,6.0
1079598650,2026-08-04T06:25:40Z,Студия в Минск-Мир,"Сдаётся уютная студия в современном жилом комплексе Минск-Мир. Квартира идеально подойдёт для одного человека или пары, удобное расположение (3 минуты",447.03,1300.0,False,https://re.kufar.by/vi/1079598650,170,33.0,28.0,6.0,4,5,6.0,19.0,2,2021.0,28,27.54479670708597,53.86865643995664,"Николы Теслы ул, 18, Минск",Снежана,2.0
1079620975,2026-08-04T06:20:43Z,Квартира-студия,"Сдается квартира-студия в Лошице. Спокойный спальный район с развитой инфраструктурой.
Квартира готова к проживанию и оснащена всем необходимым:
- хол",378.25,1100.0,False,https://re.kufar.by/vi/1079620975,145,30.0,,,2,,1.0,9.0,2,2020.0,27,27.585627,53.841413,"Аркадия Смолича ул, Минск",Станислав,2.0
1079598424,2026-08-04T06:18:15Z,Сдам 1-комнатную квартиру,Сдается 1-комнатную квартиру.микрорайон Сосны.без мебели на длительный срок,0.0,0.0,False,https://re.kufar.by/vi/1079598424,250,47.0,,,1,15,2.0,,2,,26,27.769854,53.826226,"Академика Красина ул, 45, Минск",Александр,
1079598333,2026-08-04T06:16:21Z,1 к кв сдам около метро,"Уютная, тихая квартира в трёх минутах от метро Спортивная. Рядом магазины и вся инфраструктура.
Сдается порядочным платежеспособным людям по договору",447.03,1300.0,False,https://re.kufar.by/vi/1079598333,,37.0,,,3,1,,,,,30,27.482052,53.90491,"Бельского ул, 17, Минск",Вера Максимовна,
1078268864,2026-08-04T06:12:25Z,"4-к квартира  Академическая ул., 17","Потрясающая 4-комнатная квартира (159 кв.м.) + МАШИНОМЕСТО. Высота потолков 3,2 метра. Квартира оптимальна для комфортного проживания. Авторский дизай",1733.63,5041.56,True,https://re.kufar.by/vi/1078268864,5,159.3,91.9,26.1,3,,9.0,10.0,,2004.0,24,27.6013,53.9175,"Академическая ул, 17, Минск",ООО ТВОЯ СТОЛИЦА,
1059440907,2026-08-04T06:12:13Z,"4-к квартира  Казарменный пер., 4","Сдается в аренду просторная 4-комнатная квартира в Минске, расположенная по адресу: ул. Казарменный пер., в Ленинском районе. Это идеальное предложени",950.0,2762.7,True,https://re.kufar.by/vi/1059440907,,109.0,66.3,11.7,3,,4.0,9.0,,2002.0,27,27.5727,53.8951,"Казарменный переулок, 4, Минск",ООО ТВОЯ СТОЛИЦА,
1070256490,2026-08-04T06:12:02Z,"2-к квартира  Сторожовская ул., 6","Сдается превосходная 2-комнатная квартира в аренду в Минске, расположенная в самом сердце престижного Центрального района, по адресу: ул. Сторожевская",1199.05,3486.96,True,https://re.kufar.by/vi/1070256490,260,56.0,,,3,,12.0,12.0,,2011.0,22,27.5568,53.9103,"Сторожовская ул, 6, Минск",ООО ТВОЯ СТОЛИЦА,
1076924038,2026-08-04T06:11:53Z,"3-к квартира  Горецкого ул., 61","Сдается просторная 3-комнатная квартира в аренду в Минске, расположенная по адресу: ул. Горецкого. Это идеальное предложение для долгосрочной аренды в",599.53,1743.48,True,https://re.kufar.by/vi/1076924038,265,77.5,45.0,12.7,3,,6.0,9.0,,2000.0,30,27.4402,53.8897,"Максима Горецкого ул, 61, Минск",ООО ТВОЯ СТОЛИЦА,
1078178673,2026-08-04T06:11:35Z,Аренда квартиры (2 закрытые комнаты + кухня),"Долгосрочная аренда квартиры в Минск-Мире 
- Две изолированные комнаты с отдельной кухней!!!
- Много естественно света в каждой комнате
- Мебель, элек",680.0,1977.51,False,https://re.kufar.by/vi/1078178673,170,50.0,,,3,,6.0,20.0,,2021.0,28,27.53132437069689,53.86509326380384,"Лейтенанта Кижеватова ул, 3А, Минск",Дарья,5.0
1078268863,2026-08-04T06:11:26Z,"4-к квартира  Ратомская ул., 34","Новая четырехкомнатная квартира в ЖК «Олимпик парк». Дизайнерский ремонт. Современный малоквартирный дом 2018 года постройки, установлено видеонаблюде",2498.02,7264.5,True,https://re.kufar.by/vi/1078268863,140,128.0,,,3,,5.0,7.0,,2019.0,22,27.4519,53.9394,"Ратомская ул, 34, Минск",ООО ТВОЯ СТОЛИЦА,
1079118623,2026-08-04T06:11:10Z,"4-к квартира  Маяковского ул., 99",Просторная четырехкомнатная квартира в Ленинском районе. Общая площадь 100 м.кв. Год постройки дома 2013. Для комфортного проживания квартира полность,899.29,2615.22,True,https://re.kufar.by/vi/1079118623,,100.0,63.0,,3,,3.0,16.0,,2013.0,27,27.5721,53.8643,"Маяковского ул, 99, Минск",ООО ТВОЯ СТОЛИЦА,
1079613931,2026-08-04T06:10:55Z,Студия(1 комнатная квартира),"Сдам студию с заключением договора
Залог за месяц
БЕЗ детей и животных",500.0,1454.05,False,https://re.kufar.by/vi/1079613931,170,33.3,27.0,,3,,5.0,25.0,,,28,27.534896773701828,53.86371977181736,"Белградская ул, 16, Минск",Евгения,2.0
1059915801,2026-08-04T06:10:54Z,"3-к квартира  Победителей просп., 27","Трёхкомнатная квартира в ЖК «Славянский квартал. Площадь 82 кв.м. Дом 2012 года постройки. Ремонт выполнен по дизайнерскому проекту, вся мебель импорт",1400.0,4071.34,True,https://re.kufar.by/vi/1059915801,90,82.0,,,3,,13.0,25.0,,2012.0,22,27.5398,53.9117,"Победителей пр, 27, Минск",ООО ТВОЯ СТОЛИЦА,
1077269159,2026-08-04T06:10:39Z,"3-к квартира  Победителей просп., 27","Трёхкомнатная квартира в ЖК «Славянский квартал. Площадь 82 кв.м. Дом 2012 года постройки. Ремонт выполнен по дизайнерскому проекту, вся мебель импорт",1300.0,3780.53,True,https://re.kufar.by/vi/1077269159,90,82.0,55.0,,1,,13.0,25.0,,2012.0,22,27.5398,53.9121,"Победителей пр, 27, Минск",ООО ТВОЯ СТОЛИЦА,
1074277848,2026-08-04T06:10:26Z,"2-к квартира  Немига ул., 10","Вы современны, с хорошим вкусом, и с желанием провести частичку своей жизни в атмосфере стильного комфорта и домашнего уюта? Вам импонирует жить в сер",1470.0,4274.91,True,https://re.kufar.by/vi/1074277848,,54.0,28.7,6.9,2,,6.0,10.0,,1986.0,22,27.5495,53.9036,"Немига ул, 10, Минск",ООО ТВОЯ СТОЛИЦА,
1051518372,2026-08-04T06:10:10Z,"3-к квартира  Немига ул., 14","Трехкомнатная квартира в самом центре г. Минска. Общая площадь 64,6 м. кв.  Для комфортного проживания квартира укомплектована всей необходимой мебель",900.0,2617.29,True,https://re.kufar.by/vi/1051518372,,64.6,42.2,,3,,4.0,12.0,,1991.0,22,27.5487,53.9029,"Немига ул, 12, Минск",ООО ТВОЯ СТОЛИЦА,
1072960101,2026-08-04T06:09:56Z,"3-к квартира  Беды ул., 26","Ищете комфортную 3-комнатную квартиру в аренду в Минске? Предлагается просторная квартира в престижном Советском районе, на улице Беды. Идеальный вари",899.29,2615.22,True,https://re.kufar.by/vi/1072960101,220,89.3,68.5,,3,,9.0,10.0,,2015.0,23,27.5928,53.9354,"Леонида Беды ул, 26, Минск",ООО ТВОЯ СТОЛИЦА,
1075517573,2026-08-04T06:09:46Z,"2-к квартира  Мястровская ул., 8","Стильная двухкомнатная квартира, притягивающая своим комфортом и уютом. Новый дом (2013 год постройки), видеонаблюдение, рядом детская площадка. Площа",799.37,2324.64,True,https://re.kufar.by/vi/1075517573,,61.4,38.1,9.3,3,,15.0,22.0,,2013.0,22,27.4758,53.9342,"Мястровская ул, 8, Минск",ООО ТВОЯ СТОЛИЦА,
1071446696,2026-08-04T06:09:24Z,"2-к квартира  Победителей просп., 27","Просторная 2-комнатная квартира в Минске с машиноместом в паркинге!!! 

 Ищете идеальную квартиру для аренды в Минске? Представляем вашему вниманию 2-",1398.89,4068.12,True,https://re.kufar.by/vi/1071446696,90,70.0,,,3,,6.0,24.0,,2012.0,22,27.5398,53.9117,"Победителей пр, 27, Минск",ООО ТВОЯ СТОЛИЦА,
1076413873,2026-08-04T06:09:11Z,"4-к квартира  Лукьяновича ул., 2/В","Стильная четырехкомнатная квартира в скандинавском стиле. Площадь 121 кв.м. Квартира находится в новом доме, расположенном в в одном из самых экологич",1498.81,4358.7,True,https://re.kufar.by/vi/1076413873,,121.0,88.0,,2,,7.0,17.0,,2014.0,23,27.6063,53.9432,"Лукьяновича ул, 2, Минск",ООО ТВОЯ СТОЛИЦА,
1077550399,2026-08-04T06:09:01Z,"4-к квартира  Червякова ул., 55","Сдается просторная 4-комнатная квартира в престижном Центральном районе Минска, на улице Червякова. Этот идеальный вариант для комфортного проживания",1348.93,3922.83,True,https://re.kufar.by/vi/1077550399,,147.4,102.7,43.7,1,,7.0,9.0,,2010.0,22,27.5482,53.9293,"Червякова ул, 55, Минск",ООО ТВОЯ СТОЛИЦА,
1057607923,2026-08-04T06:08:48Z,"4-к квартира  Сурганова ул., 27","Сдается просторная 4-комнатная квартира в Минске! Идеальный вариант для комфортного проживания в Советском районе.  

  Расположенная по адресу ул. Су",2000.0,5816.2,True,https://re.kufar.by/vi/1057607923,,239.0,147.0,,3,,3.0,7.0,,2004.0,23,27.5952,53.9249,"Сурганова ул, 27, Минск",ООО ТВОЯ СТОЛИЦА,
1027966967,2026-08-04T06:08:25Z,"4-к квартира  Чехова ул., 3","Элитная 4-х комнатная квартира 188 кв.м с машиноместом в подземном гараже, кухней 30 кв.м, гостиной 40 кв.м двумя санузлами, роялем Steinway и большой",1988.43,5782.54,True,https://re.kufar.by/vi/1027966967,,231.6,136.7,28.9,3,,4.0,8.0,,2002.0,22,27.5295,53.9144,"Чехова ул, 3, Минск",ООО ТВОЯ СТОЛИЦА,
1079613314,2026-08-04T06:08:24Z,Сдам квартиру-студию,"Квартира полностью готова для проживания,сдаём по договору для чистоплотный пары, до апреля, вся техника новая до метро Аэродромная 5 минут",515.8,1500.0,False,https://re.kufar.by/vi/1079613314,170,31.0,20.0,9.0,3,5,9.0,25.0,2,2023.0,28,27.547431,53.863189,"Братская ул, 13, Минск",Ольга,2.0
1078753594,2026-08-04T06:08:09Z,"2-к квартира  Партизанский просп., 76","Двухкомнатная квартира в Заводском районе. В квартире есть вся необходимая мебель и бытовая техника: холодильник, стиральная машина автомат, печь СВЧ,",484.62,1409.31,True,https://re.kufar.by/vi/1078753594,,42.18,29.83,,1,,5.0,5.0,,1962.0,26,27.6417,53.8706,"Партизанский пр, 76, Минск",ООО ТВОЯ СТОЛИЦА,
1074277850,2026-08-04T06:07:58Z,"2-к квартира  Сторожевская ул., 6","Роскошная квартира в центре Минска в престижном доме: контроль доступа, 24-часовая охрана и услуги консьержа, камеры видеонаблюдения, 3 смарт-лифта, c",1800.0,5234.58,True,https://re.kufar.by/vi/1074277850,260,66.0,50.0,,3,,14.0,16.0,,2012.0,22,27.5568,53.9103,"Сторожовская ул, 6, Минск",ООО ТВОЯ СТОЛИЦА,
1057850496,2026-08-04T06:07:32Z,"2-к квартира  Богдановича ул., 136","Новая стильная двухкомнатная квартира в современном доме. Дом 2010 г. постройки. 

 Общая площадь 65,8 кв.м. Просторная кухня 13,1 м.кв. 

 Ремонт вып",749.41,2179.35,True,https://re.kufar.by/vi/1057850496,220,65.0,34.0,13.0,3,,8.0,26.0,,2010.0,23,27.5849,53.9384,"Максима Богдановича ул, 136, Минск",ООО ТВОЯ СТОЛИЦА,
1079310578,2026-08-04T06:06:51Z,"3-к квартира  Рокоссовского просп., 80","Сдается просторная и уютная 3-комнатная квартира в Ленинском районе — отличный вариант для комфортной жизни вашей семьи!  

 Квартира расположена на 3",649.49,1888.77,True,https://re.kufar.by/vi/1079310578,230,95.0,56.0,13.0,3,,3.0,8.0,,2007.0,27,27.6039,53.8631,"Рокоссовского пр, 80, Минск",ООО ТВОЯ СТОЛИЦА,
1043363278,2026-08-04T06:06:40Z,"4-к квартира  Привабная ул., 5","Четырехкомнатная квартира общей площадью 176 м2 на улице Привабная, 5 в малоквартирном доме. 

 Месторасположение отличается удачным сочетанием зелено",2600.0,7561.06,True,https://re.kufar.by/vi/1043363278,165,176.0,,,2,,2.0,4.0,,2005.0,30,27.4699,53.9003,"Привабная ул, 5, Минск",ООО ТВОЯ СТОЛИЦА,
1065272668,2026-08-04T06:06:29Z,"2-к квартира  Сторожовская ул., 6","Двухкомнатная квартира в самом сердце исторического центра Минска. Знаменитый дом «У Троицкого»- повышенный уровень безопасности, огороженная территор",1800.0,5234.58,True,https://re.kufar.by/vi/1065272668,260,71.0,62.5,,3,,5.0,6.0,,2011.0,22,27.557,53.9102,"Сторожовская ул, 6, Минск",ООО ТВОЯ СТОЛИЦА,
1042683945,2026-08-04T06:06:14Z,"2-к квартира  Туровского ул., 24","Ищете уютное жильё в престижном районе? Предлагаем современную 2-комнатную квартиру по адресу: ул. Туровского, всего в нескольких минутах ходьбы от ме",699.45,2034.06,True,https://re.kufar.by/vi/1042683945,325,45.4,39.6,,3,,5.0,10.0,,2018.0,24,27.6533,53.931,"Кирилла Туровского ул, 24, Минск",ООО ТВОЯ СТОЛИЦА,
1026397415,2026-08-04T06:06:00Z,"4-к квартира  Чехова ул., 3","Ищете стильную и уютную квартиру в престижном районе? Эта элегантная четырехкомнатная квартира, расположенная в Центральном районе, создана для тех, к",2448.06,7119.21,True,https://re.kufar.by/vi/1026397415,,147.0,,,1,,2.0,7.0,,2002.0,22,27.5295,53.9144,"Чехова ул, 3, Минск",ООО ТВОЯ СТОЛИЦА,
1078501134,2026-08-04T06:05:50Z,"2-к квартира  Чичурина ул., 14","Сдается уютная 2-комнатная квартира в аренду в Минске, расположенная по адресу: ул. Чичурина. Идеальный вариант для комфортного проживания в современн",749.41,2179.35,True,https://re.kufar.by/vi/1078501134,65,57.0,,,3,,10.0,10.0,,2012.0,30,27.4624,53.9197,"Чичурина ул, 14, Минск",ООО ТВОЯ СТОЛИЦА,
1052892510,2026-08-04T06:05:19Z,"2-к квартира  Пионерская ул., 7","Сдается уютная 2-комнатная квартира в Минске, расположенная по адресу: ул. Пионерская, в престижном Центральном районе. Идеальный вариант для комфортн",1000.0,2908.1,True,https://re.kufar.by/vi/1052892510,195,70.0,,,3,,3.0,5.0,,2008.0,22,27.4878,53.9389,"Пионерская ул, 7, Минск",ООО ТВОЯ СТОЛИЦА,
1060027996,2026-08-04T06:05:06Z,"4-к квартира  Независимости просп., 85/б","Сдается просторная 4-комнатная квартира в Минске! Идеальное предложение для тех, кто ищет комфорт и престиж в одном из лучших районов столицы. Квартир",3000.0,8724.3,True,https://re.kufar.by/vi/1060027996,,158.0,100.0,,3,,3.0,8.0,,2008.0,24,27.6027,53.9233,"Независимости пр, 85, Минск",ООО ТВОЯ СТОЛИЦА,
1076245640,2026-08-04T06:04:55Z,"2-к квартира  Коммунистическая ул., 10","Сдается уникальная видовая 2-комнатная квартира в Центральном районе Минска, на улице Коммунистической. Идеальный вариант для тех, кто ищет комфортное",1185.06,3446.28,True,https://re.kufar.by/vi/1076245640,,65.0,58.0,,3,,6.0,6.0,,1954.0,22,27.569,53.9101,"Коммунистическая ул, 10, Минск",ООО ТВОЯ СТОЛИЦА,
1064104863,2026-08-04T06:04:23Z,"3-к квартира  Грибоедова ул., 11","Первое заселение!!! Сдается просторная 3-комнатная квартира в престижном Центральном районе Минска, по ул. Грибоедова. Это идеальное предложение для т",2500.0,7270.25,True,https://re.kufar.by/vi/1064104863,,145.0,,,2,,2.0,5.0,,2016.0,22,27.5269,53.9143,"Грибоедова ул, 11, Минск",ООО ТВОЯ СТОЛИЦА,
1070353894,2026-08-04T06:03:49Z,"3-к квартира  Независимости просп., 22","Сдается просторная 3-комнатная квартира в самом сердце Минска! 

  

 Ищете идеальное жилье в центре столицы? Предлагаем в аренду шикарную 3-комнатную",1898.5,5521.02,True,https://re.kufar.by/vi/1070353894,,100.0,84.0,7.33,3,,4.0,5.0,,1954.0,27,27.5604,53.9009,"Независимости пр, 22, Минск",ООО ТВОЯ СТОЛИЦА,
1072863148,2026-08-04T06:02:59Z,"2-к квартира  Козлова ул., 9","Сдается в аренду просторная 2-комнатная квартира-сталинка в Минске, расположенная по адресу: ул. Козлова. Первое заселение! Идеальное предложение для",1498.81,4358.7,True,https://re.kufar.by/vi/1072863148,,56.0,,,1,,2.0,5.0,,1958.0,23,27.5834,53.9085,"Козлова ул, 9, Минск",ООО ТВОЯ СТОЛИЦА,
1079594266,2026-08-04T06:02:16Z,Сдам новую квартиру в Леваде в аренду,"Свежий ремонт, тишина двора и всё включено — идеальная «двушка» на Леваде ждёт Вас. 
Адрес и локация г. Минск, район Левада, ул. Нововиленская, 41 Авт",850.0,2471.89,False,https://re.kufar.by/vi/1079594266,,50.5,,,3,10,6.0,9.0,2,,22,27.534235,53.935289,"Нововиленская ул, 41, Минск",Максим,4.0
1076413874,2026-08-04T06:02:11Z,"4-к квартира  Червякова ул., 50","Сдается современная просторная 4-комнатная квартира в аренду в престижном Центральном районе Минска, по улице Червякова. Этот современный одноподъездн",1998.42,5811.6,True,https://re.kufar.by/vi/1076413874,,131.0,83.5,11.2,3,,3.0,4.0,,2013.0,22,27.5493,53.9286,"Червякова ул, 50, Минск",ООО ТВОЯ СТОЛИЦА,
1074736911,2026-08-04T06:01:54Z,"3-к квартира  Игоря Лученка ул., 15","Сдается в аренду просторная 3-комнатная квартира в Минске, расположенная по адресу: ул. Игоря Лученка. Это идеальное предложение для тех, кто ценит ко",1199.05,3486.96,True,https://re.kufar.by/vi/1074736911,170,71.0,43.0,25.0,3,,21.0,25.0,,2025.0,28,27.5393,53.8689,"Игоря Лученка ул, 5, Минск",ООО ТВОЯ СТОЛИЦА,
1079497561,2026-08-04T06:01:42Z,Аренда квартиры,"От Собственника . Сдается одному, парам  современная 1 квартира в центре Минска, метро 5 минут, чистая , магазины рядом .Рада людям любого гражданства",650.0,1890.27,False,https://re.kufar.by/vi/1079497561,,47.1,16.5,11.9,3,5,11.0,19.0,2,2017.0,29,27.519320389209234,53.88918649700463,"Дзержинского пр, 22, Минск",Ирина,1.0
1077243103,2026-08-04T06:01:41Z,"2-к квартира  Городской Вал ул., 9","Сдается уютная двухкомнатная квартира в аренду в самом сердце Минска! 

 Идеальное расположение в престижном Центральном районе, всего в шаге от станц",699.45,2034.06,True,https://re.kufar.by/vi/1077243103,,43.9,31.1,,3,,2.0,5.0,,1961.0,29,27.5516,53.8996,"Городской Вал ул, 9, Минск",ООО ТВОЯ СТОЛИЦА,
1079593684,2026-08-04T06:01:34Z,Сдается VIP3-комнат. с сауной и панорамным видом,"Хотите после работы попариться в собственной сауне, не выходя из дома? Это ваш вариант! Квартира новая, с отличным видом из окна – встречайте рассветы",888.0,2582.39,False,https://re.kufar.by/vi/1079593684,220,77.0,48.0,17.0,3,5,14.0,26.0,10,2023.0,23,27.586337,53.939513,"Максима Богдановича ул, 144, Минск",Татьяна,
1077243102,2026-08-04T06:01:10Z,"2-к квартира  Скрыганова ул., 4/А","Сдается современная уютная 2-комнатная квартира в Минске, Фрунзенский район, по адресу ул. Скрыганова. Идеальный вариант для комфортного проживания!",749.41,2179.35,True,https://re.kufar.by/vi/1077243102,,62.3,34.8,12.9,3,,6.0,15.0,,2011.0,30,27.5168,53.9102,"Скрыганова ул, 4, Минск",ООО ТВОЯ СТОЛИЦА,
1078414435,2026-08-04T06:00:55Z,"3-к квартира  Грибоедова ул., 1","Сдается просторная 3-комнатная квартира в престижном Центральном районе Минска, на улице Грибоедова. Это идеальный вариант для комфортного проживания",1398.89,4068.12,True,https://re.kufar.by/vi/1078414435,,89.2,60.0,,3,,12.0,24.0,,2017.0,22,27.5268,53.9119,"Грибоедова ул, 1А, Минск",ООО ТВОЯ СТОЛИЦА,
1078753597,2026-08-04T06:00:41Z,"2-к квартира  Лосика ул., 57","Первое заселение. Сдается в аренду превосходная 2-комнатная квартира в Минске, расположенная в престижном Фрунзенском районе по ул. Лосика. Эта стильн",649.49,1888.77,True,https://re.kufar.by/vi/1078753597,320,50.6,,,3,,9.0,12.0,,2024.0,29,27.4422,53.8732,"Московский район, Минск",ООО ТВОЯ СТОЛИЦА,
1076667561,2026-08-04T06:00:23Z,"2-к квартира  Виталия Цвирко ул., 96","Сдается в аренду стильная 2-комнатная квартира-студия в престижном ЖК Северный берег, по улице Виталия Цвирко. Идеальный вариант для тех, кто ценит ко",699.45,2034.06,True,https://re.kufar.by/vi/1076667561,220,43.0,,,2,,1.0,7.0,,2025.0,23,27.5702,53.9656,"Советский район, Минск",ООО ТВОЯ СТОЛИЦА,
1077908694,2026-08-04T06:00:09Z,"5-к квартира  Жасминовая ул., 2/д","Сдается в аренду роскошная 5-комнатная двухуровневая квартира в сердце Минска, по адресу: ул.Жасминовая. Это эксклюзивное предложение для тех, кто цен",2797.79,8136.24,True,https://re.kufar.by/vi/1077908694,,235.2,218.5,,1,,5.0,5.0,,2011.0,25,27.6495,53.9246,"Жасминовая ул, 2, Минск",ООО ТВОЯ СТОЛИЦА,
1078130962,2026-08-04T05:59:40Z,"3-к квартира  Жасминовая ул., 3/г","Сдается просторная 3-комнатная квартира в аренду в Минске! 

 Предлагаем снять уютную 3-комнатную квартиру по адресу: ул. Жасминовая, расположенную в",1298.97,3777.54,True,https://re.kufar.by/vi/1078130962,,83.3,75.2,25.0,1,,6.0,6.0,,2015.0,25,27.6505,53.9255,"Жасминовая ул, 3, Минск",ООО ТВОЯ СТОЛИЦА,
1078294706,2026-08-04T05:59:17Z,"4-к квартира  Филимонова ул., 14","Сдается в аренду просторная 4-комнатная квартира в Минске, расположенная в престижном Партизанском районе. Идеальный вариант для комфортной жизни! Ква",1036.18,3013.31,True,https://re.kufar.by/vi/1078294706,240,100.5,60.8,11.5,1,,2.0,19.0,,2003.0,25,27.6354,53.9108,"Филимонова ул, 14, Минск",ООО ТВОЯ СТОЛИЦА,
1078007423,2026-08-04T05:58:49Z,"4-к квартира  Раковская ул., 16/Б","Просторная светлая четырехкомнатная квартира (164 кв.м.), расположенная в одном чудесных домов с характером, построенных в тихом историческом центре М",2997.63,8717.4,True,https://re.kufar.by/vi/1078007423,,163.5,108.6,20.2,2,,4.0,4.0,,2006.0,22,27.549,53.9049,"Раковская ул, 16, Минск",ООО ТВОЯ СТОЛИЦА,
1074218276,2026-08-04T05:58:43Z,квартиры,Сдаётся светлая 3-комнатная квартира в элитном монолитном доме (2018. постройки) с видом на проспект Машерова и улицу Грибоедова . Дом — это закрытая,1400.0,4071.34,False,https://re.kufar.by/vi/1074218276,,89.0,,,3,10,12.0,24.0,2,2018.0,22,27.527354,53.911874,"Грибоедова ул, 1, Минск",Ольга,
1078722110,2026-08-04T05:58:37Z,Сдается современная уютная студия в Минск Мире,"Сдается современная уютная студия в Минск Мире, на срок от года, с возможностью продления по взаимной симпатии. Светлая, теплая, уютная. Ремонт дизайн",550.0,1599.46,False,https://re.kufar.by/vi/1078722110,170,30.1,27.4,,3,10,20.0,25.0,10,2022.0,28,27.539391,53.866359,"Белградская ул, Минск",Полина,2.0
1078974894,2026-08-04T05:58:35Z,"2-к квартира  Чкалова ул., 22","Сдается уютная 2-комнатная квартира в Октябрьском районе Минска, на ул. Чкалова. 

  

 Квартира общей площадью 45 кв.м находится на 3 этаже 5-этажног",599.53,1743.48,True,https://re.kufar.by/vi/1078974894,15,44.92,28.95,6.0,1,,3.0,5.0,,1965.0,28,27.5341,53.8767,"Чкалова ул, 22, Минск",ООО ТВОЯ СТОЛИЦА,
1078692651,2026-08-04T05:57:58Z,"3-к квартира  Логойский тракт, 17/а","Сдается просторная 3-комнатная квартира с парковочным местом в подземном паркинге в Минске, расположенная в Первомайском районе по адресу: Логойский т",949.25,2760.51,True,https://re.kufar.by/vi/1078692651,100,89.8,50.0,12.7,3,,6.0,10.0,,2010.0,24,27.617,53.9509,"Логойский тракт, Минск",ООО ТВОЯ СТОЛИЦА,
1079605319,2026-08-04T05:55:28Z,"1 комнате квартиру в хорошем ремонта и состояние,","1 комнате квартиру в хорошем ремонта и состояние, Предоплата 1 месяц, и 1 месяц залога.

Сдам в долгосрочную аренду 1 комнатную квартиру по адресу Аса",450.0,1308.65,False,https://re.kufar.by/vi/1079605319,235,38.0,18.0,9.0,1,1,8.0,8.0,,,28,27.555022,53.852584,"Асаналиева ул, 2, Минск",имад,
1079604578,2026-08-04T05:41:04Z,Сдам квартиру,"Студия с современным ремонтом около станции метро на длительный срок сдаётся молодой паре без животных.Депозит за 1 месяц,договор,заселение возможно с",618.96,1800.0,False,https://re.kufar.by/vi/1079604578,170,44.0,30.0,10.0,1,5,13.0,25.0,2,2020.0,28,27.543371,53.867278,"Игоря Лученка ул, 13, Минск",Ирина,2.0
1079599379,2026-08-04T05:26:58Z,Сдается 2- ком.кв-ра по ул Богдановича 25,"Сдается 2- комнатная квартира по ул Богдановича 25.
Центр города. Отличное расположение.

Сталинка. Хорошее состояние.
Стеклопакеты, метдверь, кафель,",800.0,2326.48,False,https://re.kufar.by/vi/1079599379,260,60.0,40.0,10.0,1,1,3.0,3.0,3,1956.0,22,27.558193,53.910039,"Максима Богдановича ул, 25, Минск",Надежда,2.0
1079592052,2026-08-04T05:21:27Z,Сдается светлая 3-ком. квартира на длительный срок,"Ищете вариант, чтобы заехать и забыть о быте? Всё уже есть:
Евроремонт, паркет.
Мебель и техника: ТВ, холодильник, стеклокерамика, стиральная машина,",555.0,1614.0,True,https://re.kufar.by/vi/1079592052,320,68.0,40.0,8.0,3,5,8.0,9.0,1,2000.0,29,27.449847,53.86252,"Рафиева ул, 51, Минск",ИП Король Серей Александрович,
1079592001,2026-08-04T05:21:01Z,Сдам 2-х комнатную квартиру на длительный срок,"Сдам квартиру на длительный срок. Квартира поле ремонта: два спальных места, два шкафа, телевизор, стиральная машина, варочная панель, духовой шкаф, с",636.15,1850.0,False,https://re.kufar.by/vi/1079592001,,44.0,30.0,6.0,1,5,3.0,5.0,3,1971.0,23,27.578441,53.928445,"Сурганова ул, 59, Минск",Юрий,2.0
1079591943,2026-08-04T05:19:09Z,Квартира,Сдается однокомнатная квартира в самом центре города Минска (ул. Первомайская).все вопросы по телефону  (Николай).Только звонить.,0.0,0.0,False,https://re.kufar.by/vi/1079591943,200,30.0,,,,,,,,,25,27.577013,53.901573,"Первомайская ул, Минск",Алеся,
1048019749,2026-08-04T05:14:51Z,"Квартира, 1 комн., 35 м², этаж 6","Сдается однокомнатная квартира , все есть для комфортного проживания ,мебелированная , красивый вид из окна на реку , парк, меблирована, в шаговой дос",428.8,1247.0,False,https://re.kufar.by/vi/1048019749,,35.0,19.0,7.0,3,5,6.0,,1,1985.0,26,27.630013,53.858049,"Крупской ул, 2, Минск",Елена,
1079600015,2026-08-04T05:14:34Z,Сдается квартира ул. Калинина 15а,Долгосрочная аренда. 5мин до метро. Сдается только гражданам РБ. Без животных. Договор. Предоплата+залог за 1 месяц+комунальные платежи. Агенствам не,532.99,1550.0,False,https://re.kufar.by/vi/1079600015,,41.4,29.7,5.4,1,1,3.0,4.0,3,1958.0,24,27.604663,53.928037,"Калинина ул, Минск",Виталий,3.0
1076913717,2026-08-04T05:14:06Z,"Сдается трехкомнатная квартира ,на Воронянского 52","Сдается трехкомнатная квартира,одна комната проходная.Месторасположение хорошее,около дома автобусная остановка и метро 5 мин. Ковальская слобода.Мага",500.0,1454.05,False,https://re.kufar.by/vi/1076913717,15,65.0,50.0,7.0,3,1,9.0,9.0,1,1973.0,28,27.55636,53.876212,"Воронянского ул, 52, Минск",Жанна,3.0
1046201108,2026-08-04T05:05:37Z,Сдам квартиру,Сдам 1-ком квартиру с дизайнерским ремонтом. Вид на парк Челюскинцев. Дом премиум класса с подземным паркингом .Панорамные окна открывают лучший вид н,880.0,2559.13,False,https://re.kufar.by/vi/1046201108,,52.0,36.7,,,10,24.0,25.0,10,2021.0,24,27.624021,53.921785,"Макаёнка ул, 12Л, Минск",Павел,4.0
1079591017,2026-08-04T05:00:35Z,Уютная однокомнатная квартира Минск-Мир,"Уютная студия сдаётся в долгосрочную аренду. Только гражданам Беларуси, без детей, не студенты, без котов и кошек.

В квартире имеется гардероб площад",498.61,1450.0,False,https://re.kufar.by/vi/1079591017,170,30.6,18.3,,3,10,7.0,25.0,4,2021.0,28,27.537792,53.864315,"Белградская ул, 9, Минск",Максим,2.0
1079590880,2026-08-04T05:00:06Z,Аренда квартиры,"Сдам 1 -комнатную квартиру на длительный срок, 10 минут пешком от станции метро  Кунцевщина , полностью меблирована",464.22,1350.0,False,https://re.kufar.by/vi/1079590880,130,42.0,,,1,1,16.0,19.0,,2009.0,30,27.448895,53.912749,"Лещинского ул, 35, Минск",Наталья,2.0
1078578309,2026-08-04T04:54:07Z,Однокомнатная квартира в центре,"Квартира с мебелью и техникой в самом центре от собственника. Светлая, чистая и уютная. Двор тихий, спокойный, соседи тоже.

Вход в метро Фрунзенская",450.0,1308.65,False,https://re.kufar.by/vi/1078578309,,30.1,16.8,5.7,1,,4.0,5.0,3,1962.0,29,27.537891,53.905201,"Кальварийская ул, 3, Минск",Татьяна,
1075002695,2026-08-04T04:45:23Z,Сдается квартира,"Уютная 2-комнатная квартира 71 кв. м. сдаётся с 1 июля на длительный срок.
Помещения: большой зал с застекленным балконом, спальня, кухня с лоджией, в",608.64,1770.0,False,https://re.kufar.by/vi/1075002695,55,71.0,,,4,,9.0,10.0,2,,29,27.51396735816081,53.88140708139348,"Грушевская ул, 91, Минск",Петр Иванович,
1057250522,2026-08-04T04:37:49Z,Квартира,"Сдаю квартиру в элитном доме на улице Беды ( 4 сезона) . Вся мебель и посуда новая. ПЕРВОЕ ЗАСЕЛЕНИЕ. В квартире все есть, заезжай и живите. Ремонт  д",680.0,1977.51,False,https://re.kufar.by/vi/1057250522,220,43.0,40.0,12.0,3,5,9.0,16.0,2,2022.0,23,27.599165,53.94219,"Леонида Беды ул, 44, Минск",Алекс,2.0
1071004501,2026-08-04T03:56:43Z,Сдам в аренду двухуровневую эксклюзивную квартиру,"Эксклюзивная двухуровневая квартира в одном из самых престижных районов Минска

Уникальное предложение для тех, кто ценит пространство, статус и идеал",3000.0,8724.3,False,https://re.kufar.by/vi/1071004501,,360.0,,26.0,3,10,,7.0,3,,22,27.528755,53.913014,"Грибоедова ул, 4, Минск",Наталья,4.0
1066514761,2026-08-03T20:34:06Z,Квартира для строителей,"Сдаётся  уютная двухкомнатная квартира. 
ул.Славинского,25 (рядом ст.м.Восток)

(НЕ АГЕНТСТВО!)

Идеальное размещение персонала, рабочих,строителей.
К",687.73,2000.0,False,https://re.kufar.by/vi/1066514761,45,45.0,,,4,1,3.0,5.0,3,1993.0,24,27.637694,53.938564,"Славинского ул, 25, Минск",Павел,7.0
1079242875,2026-08-03T20:06:01Z,Сдается 2-к. квартира от собств. на длинный срок,"Сдается солнечная, теплая, уютная 2-я квартира в хорошем состоянии. Желательно семье на длительный срок.

В квартире имеется холодильник, стиральная м",500.0,1454.05,False,https://re.kufar.by/vi/1079242875,320,47.0,29.0,7.1,3,1,4.0,9.0,1,1991.0,29,27.459558,53.859185,"Газеты Звязда пр, 48, Минск",Валентин,2.0
1079590619,2026-08-03T20:02:04Z,100м от метро Грушевка Сдаётся 3х комн. квартира,"100 м от станции метро ""грушевка"" сдаётся в долгосрочную аренду от собственника трёхкомнатная квартира. Уютная, светлая, престижный район. рядом есть",760.0,2210.16,False,https://re.kufar.by/vi/1079590619,55,72.0,42.0,11.0,3,5,3.0,14.0,2,2013.0,29,27.514578751437334,53.88559447777349,"Щорса ул, 11, Минск",Владимир,6.0
1079590593,2026-08-03T20:02:00Z,"3 комн, 68,4 м², этаж 13 из 17","Светлая и уютная 3-комнатная квартира в новом доме (2022 г.) с современным ремонтом. Полностью готова к проживанию: мебель, вся необходимая бытовая те",700.0,2035.67,False,https://re.kufar.by/vi/1079590593,55,68.4,63.6,,1,5,13.0,17.0,,2022.0,29,27.5258,53.885623,"Грушевская ул, 21, Минск",Илья,2.0
1079590185,2026-08-03T19:59:59Z,Сдаётся евродвушка на длительный срок,"Сдаётся уютная, светлая квартира в одном из самых красивых и современных районов — Маяк Минска. В квартире есть всё необходимое для комфортного прожив",800.0,2326.48,False,https://re.kufar.by/vi/1079590185,325,65.0,32.9,,3,5,2.0,21.0,,,24,27.65195,53.931573,"Петра Мстиславца ул, 18, Минск",Артём,2.0
1079590183,2026-08-03T19:59:52Z,Трехкомнатная квартира без залога.Собственник,"Сдаются Три комнаты в квартире. Юго запад.
ул.Белецкого 14/1. Без залога
В квартире есть все необходимое для комфортного проживания: спальные места в",618.96,1800.0,False,https://re.kufar.by/vi/1079590183,320,65.0,,7.5,3,,6.0,9.0,1,,29,27.460663,53.855829,"Белецкого ул, 14к1, Минск",Минск.Юго запад,6.0
1079589154,2026-08-03T19:46:47Z,Аренда квартиры,"Сдам уютную, светлую, тёплую двухкомнатную квартиру в аренду на длительный срок (от года. Обязательное составление договора, предоплата за месяц. Позж",584.57,1700.0,False,https://re.kufar.by/vi/1079589154,,48.8,46.7,7.1,1,1,6.0,9.0,1,1985.0,28,27.548662,53.88298,"Жуковского ул, 6к1, Минск",Екатерина,3.0
1079587962,2026-08-03T19:46:12Z,Сдам 3х комнатную квартиру (Уручье),"Сдаётся уютная трёхкомнатная квартира от собственника на 9 этаже 9-ти этажного
панельного дома с лифтом.
Состоит из двух спален и гостиной, отдельной",550.19,1600.0,False,https://re.kufar.by/vi/1079587962,280,68.3,43.3,14.3,1,1,9.0,9.0,1,1989.0,24,27.687362,53.937743,"Руссиянова ул, Минск",Анастасия,
1079587802,2026-08-03T19:46:07Z,сдам двухкомнатную квартиру в Минске,"Сдается на длительный срок просторная, чистая, ухоженная двухкомнатная квартира в Минске! Есть посуда, столовые приборы, микроволновка, стиральная маш",490.0,1424.97,False,https://re.kufar.by/vi/1079587802,180,59.0,32.3,9.8,4,5,5.0,,4,2009.0,22,27.548509,53.958399,"Выготского ул, 43, Минск",Собственник,4.0
1079587474,2026-08-03T19:45:36Z,"Сдается 1-комнатная квартира, ул. Волоха, д.6","Сдается 1-комнатная квартира в Московском районе,  ул. Волоха, д.6. Срок аренды длительный, от года.
Порядочным, платежеспособным людям (1-2 человека)",300.0,872.43,False,https://re.kufar.by/vi/1079587474,,30.8,18.8,5.8,1,1,3.0,5.0,3,1965.0,29,27.52359,53.898528,"Волоха ул, 6, Минск",Наталья,2.0
1079587235,2026-08-03T19:45:10Z,Аренда однокомнатной квартиры,"Однокомнатная квартира после ремонта, первое заселение. Квартира укомплектована мебелью и техникой, готова для заселения.",550.0,1599.46,False,https://re.kufar.by/vi/1079587235,40,33.0,33.0,,1,10,9.0,9.0,1,1986.0,22,27.50814883186442,53.929144823331946,"Орловская ул, 86к4, Минск",Дмитрий,
1070521745,2026-08-03T19:25:59Z,Сдаю квартиру,"Удобная, квартира в шаговой доступности метро торговый центр",730.0,2122.91,False,https://re.kufar.by/vi/1070521745,170,40.0,,18.0,1,5,10.0,25.0,1,2021.0,28,27.549991,53.869784,"Мира пр, 1, Минск",Анна,
1078535911,2026-08-03T19:19:34Z,Панорамная квартира в центре. 25 этаж. Собственник,Панорамная квартира в центре Минска. 25 этаж. Собственник. Заезд возможен с 31 октября. Шикарный вид. Уникальный дизайн. Дорогой интерьер. Подземный г,2000.0,5816.2,False,https://re.kufar.by/vi/1078535911,,100.0,,,,10,25.0,30.0,,,30,27.532564,53.90674,"Кальварийская ул, 16, Минск",Вера,
1079587069,2026-08-03T19:06:01Z,"Снять 1-комнатную квартиру, г. Минск, ул. Денисовская, 6","Сдается очень уютная аккуратная квартира. Полуторка( отдельная закрывающаяся комната). Развитая инфраструктура. Рядом Корона-сити, Лошицкий парк. Удоб",400.0,1163.24,False,https://re.kufar.by/vi/1079587069,,36.1,17.0,9.0,3,1,6.0,12.0,3,,27,27.567323992702885,53.87187448355071,"Денисовская ул, 6, Минск",Сергей Иванович,
1078990994,2026-08-03T18:56:57Z,Аренда 2-комнатной квартиры,"Сдается в аренду двухкомнатная квартира.
Кухня оборудована холодильником, посудомоечной машиной, варочной панелью, духовым шкафом, вытяжкой. WiFi., ме",620.0,1803.02,False,https://re.kufar.by/vi/1078990994,55,59.4,29.0,10.0,3,5,2.0,13.0,2,2014.0,29,27.514966,53.885687,"Щорса ул, 11, Минск",Алена,
1079586372,2026-08-03T18:54:41Z,Сдать квартиру,"Срочно сдается уютная новостройка!
В шаговой доступности метро. 
В квартире все есть для комфортного проживания.
Развитая инфраструктура.
Великолепная",618.96,1800.0,False,https://re.kufar.by/vi/1079586372,170,47.0,,11.0,1,5,18.0,25.0,2,2024.0,28,27.548689,53.861198,"Жореса Алфёрова ул, 16, Минск",Ольга,4.0
1079586168,2026-08-03T18:51:36Z,Сдается квартира,"Сдается чистая, уютная, просторная 1-ком. квартира по ул.Ф.Скорины, 47 на длительный срок. В наличии мебель и техника для комфортного проживания: кухо",429.83,1250.0,False,https://re.kufar.by/vi/1079586168,,42.8,18.0,9.5,3,1,6.0,19.0,1,2014.0,24,27.697899,53.930952,"Франциска Скорины ул, 47, Минск",Тереза Витольдовна,2.0
1077857372,2026-08-03T18:49:10Z,Сдам квартиру,"Сдается 1к кв.ЖК Грушевский посад. Площадь 46, этаж 15, метро Грушевка 50м.
Техника Bosh: холодильник, стир машина, Siemens:варочный панель, дух шкаф.",620.0,1803.02,False,https://re.kufar.by/vi/1077857372,,45.0,17.0,12.3,3,1,15.0,18.0,2,2014.0,29,27.517077,53.888282,"Дзержинского пр, 24, Минск",Марина,3.0
1079585765,2026-08-03T18:45:52Z,Аренда квартиры,"Сдается комната в двухкомнатной квартире ( вторая комната закрыта). Есть всё для жизни    холодильник, стиральная машина, электрическая плита, СВЧ, те",515.8,1500.0,False,https://re.kufar.by/vi/1079585765,90,51.0,12.1,,2,,2.0,9.0,3,1991.0,22,27.54593364435183,53.90822273082349,"Обойная ул, 4к2, Минск",Наталья,
1055844044,2026-08-03T18:38:40Z,2-х комнатная квартира пр. Машерова 54 в аренду,"Аренда от собственника. Престижный центральный район. Ухоженный кирпичный жилой дом с чистым подъездом и спокойной атмосферой, порядочные соседи. Квар",1000.0,2908.1,False,https://re.kufar.by/vi/1055844044,,73.0,40.0,14.0,3,10,9.0,11.0,3,,23,27.558085,53.917914,"Машерова пр, 54, Минск",Владимир Васильевич,4.0
1079583789,2026-08-03T18:21:35Z,Квартира,"Комфортная 2х комнатная квартира, с евро ремонтом , в удобном тихом центре Минска, рядом парки , магазины, школа и детский сад, кинотеатр, хорошее тра",800.0,2326.48,False,https://re.kufar.by/vi/1079583789,,71.0,65.0,,2,5,5.0,9.0,10,2014.0,22,27.548267,53.928169,"Червякова ул, 55, Минск",Елена,3.0
1069066422,2026-08-03T18:15:59Z,Квартира в долгосрочную аренду,"Сдаётся в долгосрочную аренду, от собственника, не агенство, звонить с 9 до 21 часов",800.0,2326.48,False,https://re.kufar.by/vi/1069066422,,78.0,46.0,10.5,3,5,3.0,9.0,1,2008.0,22,27.548761,53.93065,"Червякова ул, 64, Минск",Зоя,4.0
1079582801,2026-08-03T18:08:01Z,Сдам 2-ух комн квартиру от собственника ДОЛГОСРОК,"Сдается от собственника на длительный срок 2ух комнатная квартира с современным ремонтом ,по улице Гинтовта д26 

В квартире есть всё для комфортного",653.35,1900.0,False,https://re.kufar.by/vi/1079582801,280,50.0,30.0,7.0,1,10,4.0,9.0,1,2000.0,24,27.67395,53.949375,"Гинтовта ул, 26, Минск",Александр,4.0
1076038984,2026-08-03T18:06:15Z,Сдам 3 комнатную квартиру с хорошим ремонтом,Хорошая трехкомнатная квартира для комфортного проживания! Метро в шаговой доступности ! Отличное транспортное сообщение! Вдалеке от шума и городской,700.0,2035.67,False,https://re.kufar.by/vi/1076038984,,55.6,,,1,10,2.0,5.0,3,1981.0,24,27.610367,53.936227,"Волгоградская ул, 53А, Минск",Инна,3.0
1079582555,2026-08-03T18:04:58Z,Двухкомнатная квартира на втором этаже «хрущевки» после капремонта,"Двухкомнатная квартира на втором этаже «хрущевки» после капитального ремонта. Перепланирована, отремонтирована. Кухня 5,8 метра, санузел совмещенный 2",395.45,1150.0,False,https://re.kufar.by/vi/1079582555,100,44.9,,,1,1,,,,,24,27.623527,53.9499,"Калиновского ул, 25, Минск",Владимир Владимирович,
1079339366,2026-08-03T18:04:41Z,Двухкомнатная ДОЛГОСРОЧНАЯ аренда дом около метро,"Двухкомнатная квартира 
Самый первый дом возле метро Грушевка (100 м).

Просторная квартира с большими раздельными комнатами. 
Обратите внимание на пл",756.51,2200.0,False,https://re.kufar.by/vi/1079339366,55,64.0,36.0,9.0,1,5,7.0,14.0,2,2013.0,29,27.514966,53.885687,"Щорса ул, 11, Минск",Дмитрий,4.0
1079223111,2026-08-03T17:55:56Z,Сдача квартиры внаем,"Сдается впервые новая квартира-студия, расположенная по адресу: ул. Леонида Щемелева (Мехико-Сити). Отличный вариант для тех, кто ищет комфортное жиль",532.99,1550.0,False,https://re.kufar.by/vi/1079223111,170,30.8,23.9,,1,5,17.0,19.0,2,2025.0,28,27.556535865831336,53.862528298658006,"Леонида Щемелёва ул, 14, Минск",Светлана,2.0
1079581659,2026-08-03T17:54:37Z,"г. Минск, ул. О. Кошевого, 2-х комнатная квартира",Квартира на длительный срок. Сдаёт собственник по договору. По возникшим вопросам по возможности пишите пожалуйста на .,550.19,1600.0,False,https://re.kufar.by/vi/1079581659,,45.1,38.0,5.0,3,10,3.0,5.0,3,1965.0,25,27.6053371404127,53.88346428608906,"Олега Кошевого ул, 21А, Минск",Александр,
1078882945,2026-08-03T17:47:53Z,4-к квартира премиум-класса в  ЖК «Престижино'',"Сдаётся в долгосрочную аренду стильная четырёхкомнатная квартира в самом сердце Минска. Идеальный вариант для тех, кто ценит высокий статус, приватнос",1700.0,4943.77,False,https://re.kufar.by/vi/1078882945,120,98.5,75.0,15.0,4,10,6.0,9.0,4,2018.0,23,27.567895,53.918842,"Максима Богдановича ул, 52Г, Минск",Артур,4.0
1078171236,2026-08-03T17:46:55Z,В долгосрочную аренду 3-к квартира (105 м²) от собственника,"Сдаётся на длительный срок просторная 3-комнатная квартира в пяти минутах езды от центра города, рядом с метро Грушевская. 

Локация и инфраструктура:",1100.0,3198.91,False,https://re.kufar.by/vi/1078171236,55,105.0,60.0,12.2,4,10,9.0,10.0,4,2005.0,29,27.514014,53.881451,"Грушевская ул, 91, Минск",Артур,3.0
1067902962,2026-08-03T17:44:32Z,Сдается квартира на длительный срок,"Сдается отличная квартира в центре Минска с хорошей инфраструктурой в пешей близости метро (Тракторный завод и Площадь победы) ,рядом парк и теннисные",650.0,1890.27,False,https://re.kufar.by/vi/1067902962,,82.0,57.0,,1,5,3.0,5.0,3,,25,27.614122,53.890224,"Долгобродская ул, Минск",Андрей,2.0
1074168531,2026-08-03T17:44:17Z,Сдается 2 комнатная квартира ЖК Левада с парковкой,"Сдается на длительный срок 2-х комн. квартира с Парковкой! Первое заселение! Квартира светлая с новой мебелью и техникой. Гостиная совмещена с кухней,",820.0,2384.64,False,https://re.kufar.by/vi/1074168531,,59.0,41.0,,3,5,7.0,9.0,,2024.0,22,27.52792,53.936683,"Нововиленская ул, 61, Минск",Ольга,4.0
1079579583,2026-08-03T17:41:47Z,Сдам 1комн квартиру,Сдам квартиру на длительный срок по договору Есть все что на фото Холодильник ст машина два дивана ( один раскладывается) два шкафа купе( один в прихо,400.0,1163.24,False,https://re.kufar.by/vi/1079579583,150,33.0,17.0,7.0,1,5,8.0,9.0,,1987.0,29,27.460807,53.85012,"Сергея Есенина ул, 18, Минск",наталия,
1072513802,2026-08-03T17:41:10Z,Сдам 1 комнатную квартиру на длительный срок,"Сдам на длительный срок просторную и уютную 1-комнатную квартиру.

Квартира находится на 4 этаже 9-этажного дома 2007 года постройки. Общая площадь —",420.0,1221.4,False,https://re.kufar.by/vi/1072513802,,49.7,24.7,,3,1,4.0,9.0,1,2007.0,30,27.416484,53.886435,"Пимена Панченко ул, Минск",Андрей,
1079580311,2026-08-03T17:36:00Z,1-комнатная квартира,"Сдается уютная однокомнатная квартира (4ый этаж) от собственника.
Есть все необходимое для комфортного проживания: современная кухня, холодильник (no",480.0,1395.89,False,https://re.kufar.by/vi/1079580311,240,43.0,17.9,9.5,3,10,4.0,19.0,1,2005.0,25,27.635065194638315,53.911048948306984,"Филимонова ул, 14, Минск",Елена,2.0
1017952870,2026-08-03T17:33:57Z,"Сдаётся на месяц квартира, 2 комн., 54 м², этаж 8 из 10","Сдается  квартира, евро-двушка в микрорайоне Минск Мир, можно на месяц с 1 сентября. Современный дом Эмиратская волна. Имеется всё необходимое для ком",962.83,2800.0,False,https://re.kufar.by/vi/1017952870,170,54.0,,,3,5,8.0,10.0,,2021.0,28,27.549991,53.869784,"Мира пр, 1, Минск",Виктория,2.0
1078736611,2026-08-03T17:29:59Z,Аренда двухкомнатной квартиры,Уютная двухкомнатная квартира в самом центре Минска. Развитая инфраструктура.,650.0,1890.27,False,https://re.kufar.by/vi/1078736611,,55.0,30.0,7.5,2,5,5.0,5.0,3,1953.0,28,27.55221,53.892553,"Кирова ул, 4, Минск",Cергей,2.0
1076453375,2026-08-03T17:20:11Z,Квартира пентхаус с 3 уровнями в центре Минска,"Квартира пентхаус с 3 уровнями в центре Минска. Планировка включает: 3 этаж – прихожая, 2 этаж – зал, кухня, ванная, туалет, лоджия и 1 этаж – спальня",950.0,2762.7,False,https://re.kufar.by/vi/1076453375,,74.2,39.8,,3,5,10.0,14.0,,1998.0,27,27.567212,53.873011,"Денисовская ул, 9, Минск",Александр,6.0
1079578170,2026-08-03T17:06:02Z,Квартира пр.Машерова в долгосрочную аренду,Описание будет позже.  Сдается любимая квартира семье по договору. При предоплате за полгода будет скидка,680.0,1977.51,False,https://re.kufar.by/vi/1079578170,,50.0,35.0,8.0,3,5,14.0,20.0,2,,23,27.56186991468755,53.91761323171154,"Машерова пр, 42, Минск",Ольга,3.0
1079578101,2026-08-03T17:05:00Z,Сдам 1-комнатную квартиру,Сдам однокомнатную квартиру на длительный срок. ТОЛЬКО ЗВОНИТЬ!,412.64,1200.0,True,https://re.kufar.by/vi/1079578101,,36.0,20.0,7.0,2,,1.0,5.0,,,27,27.579014062941468,53.87074886483397,"Семёнова ул, 30к1, Минск",ООО СТАР-ПРОДЖЕКТ,2.0
1078982069,2026-08-03T17:00:26Z,Сдам квартиру на длительный срок,Сдаётся трехкомнатная квартира.,850.0,2471.89,False,https://re.kufar.by/vi/1078982069,,96.0,75.0,12.0,3,5,4.0,7.0,4,2015.0,22,27.472979,53.93302,"Ильянская ул, 4, Минск",Юлия,
1079577733,2026-08-03T16:59:55Z,Квартира на длительный срок,"Сдам 3-х комнатную квартиру от собственника на длительный срок. Зелёный район, в пешей доступности Цнянское водохранилище. Только гражданам РБ и РФ. В",515.8,1500.0,False,https://re.kufar.by/vi/1079577733,,64.0,39.0,7.1,3,1,4.0,9.0,3,1985.0,23,27.603405,53.941681,"Восточная ул, 66, Минск",Zhora,
1078868385,2026-08-03T16:58:11Z,Квартира на длительный срок с 09.08.2026,"Сдаётся квартира с 09.08.2026 на длительный срок. Звонить на  Виктория
Все есть для проживания, две раздельные комнаты (спальня и детская), есть вся м",680.0,1977.51,False,https://re.kufar.by/vi/1078868385,210,43.6,38.4,,1,5,12.0,16.0,2,2016.0,22,27.459809,53.942195,"Ратомская ул, 7, Минск",Виктория,3.0
1079574611,2026-08-03T16:49:47Z,"Аренда 3-комнатной квартиры, Ратомская 7","Большая квартира в ЖК ""Лебяжий"". Въезд во двор через шлагбаум. Детская площадка, футбольное поле, кафе, рестораны, спортзал, бассейн, сауна — все в ра",1200.0,3489.72,True,https://re.kufar.by/vi/1079574611,210,115.8,112.9,,3,,13.0,25.0,2,2017.0,22,27.459588,53.942235,"Ратомская ул, 7, Минск",ООО Центр недвижимости ГАЛАКТИКА,
1079574609,2026-08-03T16:49:46Z,"Аренда 2-комнатной квартиры, Богдановича 144","Сдается стильная , очень уютная евродвушка в новом доме . Полностью укомплектована и готова для заселения. Звоните!",800.0,2326.48,True,https://re.kufar.by/vi/1079574609,220,41.2,30.2,,3,,17.0,26.0,2,2022.0,23,27.586336,53.939514,"Максима Богдановича ул, 144, Минск",ООО Центр недвижимости ГАЛАКТИКА,
1079574610,2026-08-03T16:49:46Z,"Аренда 3-комнатной квартиры, Лобанка 4","Большая, светлая квартира в хорошем доме. Удобные системы хранения, 2 санузла. Просторная и уютная.",1300.0,3780.53,True,https://re.kufar.by/vi/1079574610,125,96.0,84.3,,4,,6.0,18.0,2,2009.0,30,27.431961,53.905201,"Лобанка ул, 4, Минск",ООО Центр недвижимости ГАЛАКТИКА,
1079574368,2026-08-03T16:47:04Z,Аренда долгосрочная,"Сдается квартира студентам или паре ,не иностранцам,обязательное условие-спокойным.",378.25,1100.0,False,https://re.kufar.by/vi/1079574368,100,35.0,25.0,5.0,2,1,2.0,2.0,3,1959.0,23,27.612757019730058,53.95153073929422,"Крамского ул, 3, Минск",Марина,2.0
1079571686,2026-08-03T16:28:26Z,Сдаю. 2 ком квартиру,Звоните всё обсудим.с животными не берём иностранцев не берем,450.0,1308.65,False,https://re.kufar.by/vi/1079571686,310,41.16,27.07,5.0,1,5,5.0,5.0,1,1967.0,26,27.692608,53.837869,"Ротмистрова ул, 4, Минск",Татьяна Конот,2.0
1079564832,2026-08-03T16:27:54Z,Аренда квартиры,Аренда квартиры в новостройке без отделки.,270.0,785.19,False,https://re.kufar.by/vi/1079564832,,46.0,,,3,20,2.0,19.0,,2026.0,29,27.513537379144484,53.88711987531169,"Щорса ул, 17, Минск",Art,
1079564122,2026-08-03T16:27:37Z,"Сдается 3-комнатная квартира в Сухарево, г. Минск","Сдаётся 3-комнатная кв в микрорайоне Сухарево г. Минск порядочным людям без животных. Есть холодильник, стиральная машина. Во дворе школа, 10-я поликл",350.0,1017.84,False,https://re.kufar.by/vi/1079564122,80,78.0,57.0,7.0,4,1,6.0,9.0,1,,30,27.453907,53.906241,"Фрунзенский район, Минск",Лилия,3.0
1079571220,2026-08-03T16:24:44Z,"Сдаётся стильная 2-комнатная квартира, ул.Беды 45","Сдаётся 2-комнатная квартира по ул.Беды 45

Красивая, уютная квартира с качественным ремонтом.

Квартира полностью меблирована:

Белая, деревянная кух",601.77,1750.0,True,https://re.kufar.by/vi/1079571220,220,76.0,33.7,16.7,4,5,2.0,10.0,10,2010.0,23,27.598078,53.943472,"Леонида Беды ул, 45, Минск",ОДО Старый Стиль,
1046895810,2026-08-03T16:23:08Z,"Квартира, 1 комн., 34 м², этаж 7 из 9","Сдается собственником на длительный срок в аренду однокомнатная квартира, г. Минск,  пр-т Пушкина   
дом № 1.  Общая площадь – 34 м. кв., зал – 16,7 м",343.87,1000.0,False,https://re.kufar.by/vi/1046895810,290,34.0,16.7,7.0,1,,7.0,9.0,1,1976.0,30,27.495931,53.89466,"Пушкина пр, 1, Минск",Семён,1.0
1078870315,2026-08-03T16:18:28Z,Квартиру в Аренду,"Сдам квартиру на длительный срок в аренду , новая , полностью меблированная квартира, кондиционер , холодильник , посудомойка и тд . Квартира абсолютн",1237.92,3600.0,False,https://re.kufar.by/vi/1078870315,,58.0,58.0,,,10,2.0,9.0,,,22,27.525782,53.914886,"Панфилова ул, 5, Минск",Артем,
1068066381,2026-08-03T16:09:23Z,Сдам 2-х комнатную квартиру возле уручья,"Сдам 2-х комнатную квартиру возле уручья с дизайнерским ремонтом. На кухне встроенная техника. В с/у инсталляция, большая ванна. На балконе рабочее ме",550.0,1599.46,False,https://re.kufar.by/vi/1068066381,50,60.0,,,3,10,6.0,9.0,1,,24,27.719830409615927,53.94774422565609,"50 лет Победы ул, 3Б, Минск",Юрий,
1079568890,2026-08-03T16:09:09Z,Двухкомнатная квартира,"Сдается на длительный срок уютная квартира. Кухня укомплектована бытовой техникой : холодильник, посудомоечная машина, духовой шкаф, варочная панель,",570.0,1657.62,False,https://re.kufar.by/vi/1079568890,,43.0,,,3,,10.0,21.0,,2023.0,29,27.512415,53.876462,"Кузьмы Минина ул, 2, Минск",яна,1.0
1078167124,2026-08-03T15:35:13Z,Сдается 2 кв. м Каменная горка. Ул. Люцинская. 1,"Сдается 2 ком. квартира во Фрунзенском районе . Станция метро Каменна горка 10 мин. Новый дом. Большая парковка,детская площадка.Окна выходятна обе ст",532.99,1550.0,False,https://re.kufar.by/vi/1078167124,105,60.0,32.0,11.0,3,5,5.0,8.0,1,2018.0,30,27.442553,53.931551,"Люцинская ул, 1, Минск",Марина,2.0
1068086455,2026-08-03T15:31:33Z,Квартира,Сдается однакомнатная квартира в центре Минска . В квартире все имеется для комфортного проживания. В шаговой доступности станции метро Акадумия наук,700.0,2035.67,False,https://re.kufar.by/vi/1068086455,,37.0,20.0,9.0,3,1,9.0,9.0,3,,24,27.59815,53.927634,"Чернышевского ул, 11, Минск",анжела,2.0
1078863356,2026-08-03T15:27:34Z,Сдам уютную евродвушку 60 м2 в аренду на длительны,"Сдается на длительный срок (от года) большая уютная евродвушка 60м2, в элитном доме в спокойном районе центра Минска, рядом с Ботаническим садом, один",687.0,1997.86,False,https://re.kufar.by/vi/1078863356,5,60.0,26.0,17.0,3,5,13.0,19.0,10,2013.0,24,27.602597,53.917686,"Сурганова ул, 5А, Минск",Элеонора,2.0
1079564805,2026-08-03T15:20:06Z,Сдать однокомнатную квартиру,"Сдам гр Рб без животных АККУРАТНЫМ
4 этаж   9ти этажного дома МАЯКОВСКОГО  16
 оплата на месяц  вперед и залог 1000руб",412.64,1200.0,False,https://re.kufar.by/vi/1079564805,,37.0,,8.0,3,,,4.0,,1970.0,27,27.570033,53.869449,"Маяковского ул, Минск",Валентина,
1073672932,2026-08-03T15:18:10Z,ПАНОРАМНЫЙ ПЕНТХАУС С ТЕРРАСОЙ И ПАРКОВКОЙ,"Собственник. Стоимость указана при аренде на длительный срок с предоплатой в несколько месяцев. Чем короче срок аренды и размер предоплаты, тем выше ц",950.0,2762.7,False,https://re.kufar.by/vi/1073672932,170,56.5,,,,10,25.0,25.0,,,28,27.552534,53.871286,"Аэродромная ул, 30, Минск",ДАРЬЯ,
1053833973,2026-08-03T15:02:02Z,2-х комнатная квартира аренда от собственника Гвардейская 1,"Аренда от собственника.
Элитная квартира в центре престижного района Минска. Высококлассный дизайнерский ремонт, 2 кондиционера, сантехника Villeroy,",1300.0,3780.53,False,https://re.kufar.by/vi/1053833973,,75.0,47.0,12.0,1,10,3.0,7.0,,,22,27.530354,53.91321,"Гвардейская ул, 1, Минск",Владимир Васильевич,4.0
1079557736,2026-08-03T14:58:18Z,Квартиру,Сдаеться квартира однокомнатная предоплата за год все вопросы по тел   сергей,250.0,727.02,False,https://re.kufar.by/vi/1079557736,145,45.0,18.0,9.0,1,,6.0,16.0,1,,27,27.563951,53.845057,"Владислава Сырокомли ул, 32, Минск",СЕРГЕЙ,3.0
1079561263,2026-08-03T14:36:11Z,Аренда квартиры,"Сдам в долгосрочную аренду по договору квартиру  евродвушку только после ремонта, в квартире все новое, первое заселение. 
Дом комфорт-класса Люксембу",636.15,1850.0,False,https://re.kufar.by/vi/1079561263,170,43.5,41.0,,3,5,4.0,13.0,4,2025.0,28,27.54134,53.866731,"Игоря Лученка ул, 16, Минск",Марина,2.0
1078911049,2026-08-03T14:23:39Z,Сдам студию МинскМир,"Сдам квартиру с ремонтом и необходимой техникой в удобной локации( 10мин Метро Аэродромная).
Звоните !
Этаж не высокий,в квартире не жарко ( не южная",450.0,1308.65,False,https://re.kufar.by/vi/1078911049,170,32.0,21.0,,3,1,9.0,13.0,10,2025.0,28,27.541574,53.863487,"Михаила Савицкого ул, Минск",Женя,1.0
1079559199,2026-08-03T14:19:33Z,Однокомнатная квартира,Прописан 1 человек. Все вопросы по телефону.,515.8,1500.0,False,https://re.kufar.by/vi/1079559199,205,33.1,,,1,,,9.0,,,30,27.491691,53.914441,"Матусевича ул, 3, Минск",Михаил Бачурин,
1079429120,2026-08-03T14:15:35Z,Аренда квартиры,"Квартира после ремонта.
5/9 этажного дома, двуспальная кровать с ортопедическим матрасом, мебель, сан/узел совмещенный, газовая плита, площадь 39/25/8",550.0,1599.46,False,https://re.kufar.by/vi/1079429120,,39.0,25.0,8.0,2,10,5.0,9.0,1,,27,27.569979,53.861867,"Маяковского ул, 168А, Минск",Алёна,4.0
1079559297,2026-08-03T14:14:24Z,Квартира однокомнатная,"Сдается однокомнатная квартира по ул Менделеева 30, на длительный срок. Состояние на фото, все нюансы при личном общении, лучше звонить чем писать.",400.0,1163.24,False,https://re.kufar.by/vi/1079559297,240,30.0,17.1,4.9,3,1,2.0,9.0,4,1980.0,25,27.611679,53.904825,"Менделеева ул, 30, Минск",Александр,2.0
1079558104,2026-08-03T14:08:49Z,Сдается 3-комнатная квартира по ул. Выготского,"Сдается просторная 3-комнатная квартира на 2 этаже по улице Выготского.

Квартира без мебели, что станет отличным вариантом для тех, кто хочет обустро",500.0,1454.05,False,https://re.kufar.by/vi/1079558104,180,85.0,65.0,12.0,3,1,2.0,10.0,,,22,27.551411,53.958706,"Выготского ул, 45, Минск",Руслан,
1063894508,2026-08-03T14:07:10Z,Квартира на время сессий,"Сдается квартира на время сессий , хорошо развита инфа структура, 5 минут пешком до метро, до жд вокзала прямой автобус , всё в шаговой доступности.",0.0,0.0,False,https://re.kufar.by/vi/1063894508,,48.0,,,1,5,2.0,5.0,3,,25,27.606010181847324,53.884813844619764,"Щербакова ул, 13, Минск",Дима,2.0
1079558651,2026-08-03T14:06:24Z,Стильная евродвушка в доме Риджентс-парк,"Сдается впервые! Стильная евродвушка по дизайн-проекту в ЖК «Минск Мир» (дом «Риджентс-парк»).
Квартира полностью укомплектована и готова к комфортном",700.0,2035.67,False,https://re.kufar.by/vi/1079558651,170,41.3,22.0,9.3,3,10,8.0,13.0,10,2025.0,28,27.542688,53.865897,"Игоря Лученка ул, 16, Минск",Наталья,2.0
1078601044,2026-08-03T13:46:49Z,Сдается квартира с 1 августа в длительную аренду.,"Сдаётся с 1 августа 2х комнатная квартира (69 квадратов) в центре Минска. Большая кухня, отдельный санузел. Есть 2 лоджии: 1 закрытого типа (выход из",600.0,1744.86,False,https://re.kufar.by/vi/1078601044,,69.0,,,4,1,4.0,9.0,3,2015.0,28,27.54612,53.882587,"Могилёвская ул, 8к4, Минск",Валентина,3.0
1079556873,2026-08-03T13:44:29Z,"1-комнатная квартира по адресу Матусевича, 14","Сдается уютная 1-комнатная квартира по адресу ул. Матусевича, 14 на длительный срок по договору найма жилого помещения.

В комнате расположен раскладн",460.0,1337.73,False,https://re.kufar.by/vi/1079556873,205,30.9,17.2,6.0,2,,2.0,5.0,,,30,27.489382,53.916271,"Матусевича ул, 14, Минск",Татьяна,2.0
1079531633,2026-08-03T13:34:40Z,Сдам квартиру,"Сдается на длительный срок двухкомнатная квартира только гражданам РБ!!!!! Порядочной платежеспособной семье без вредных привычек, можно с детьми (1-2",500.0,1454.05,False,https://re.kufar.by/vi/1079531633,,57.0,,9.0,3,1,5.0,16.0,,2019.0,30,27.455471,53.874471,"Юрия Семеняко ул, Минск",Елена,
1079555150,2026-08-03T13:26:06Z,Двухкомнатная квартира с подземным паркингом,"Очень комфортная, просторная двухкомнатная квартира в шаговой доступности от метро «Ковальская слобода». Хороший ремонт, качественная мебель, техника",900.0,2617.29,False,https://re.kufar.by/vi/1079555150,15,76.6,40.4,15.4,3,10,12.0,20.0,,2014.0,28,27.54509864585032,53.87662520916125,"Радищева ул, 3к1, Минск",Марина,2.0
1079553275,2026-08-03T13:03:38Z,Сдам квартиру в аренду на длительный срок,"На длительный срок по договору сдается новая евродвушка 47,5м по адресу: ул. Щемелёва, дом 18 (Амстердам). 17 этаж открывает прекрасный вид на город.",601.77,1750.0,False,https://re.kufar.by/vi/1079553275,170,47.5,45.3,,1,10,17.0,25.0,2,2024.0,28,27.556127,53.860232,"Леонида Щемелёва ул, 18, Минск",Евгений,
1079552566,2026-08-03T12:55:42Z,Сдается 1к квартира,Сдается на длительный срок однокомнатная просторная квартира в новом доме. Хорошее местоположение с развитой инфраструктурой. В квартире есть все необ,450.0,1308.65,False,https://re.kufar.by/vi/1079552566,,45.0,18.0,13.0,3,5,2.0,20.0,,,30,27.444111134351093,53.878429238954595,"Мачульского ул, 26, Минск",Рая,3.0
1079551850,2026-08-03T12:48:16Z,"2-к квартира  Наполеона Орды ул., 29",Двухкомнатная квартира в Московском районе. Год постройки дома 2009. Для комфортного проживания в квартире есть вся необходимая мебель и бытовая техни,450.0,1308.65,True,https://re.kufar.by/vi/1079551850,30,76.0,46.0,10.0,3,,5.0,9.0,,2009.0,29,27.4837,53.8448,"Наполеона Орды ул, 29, Минск",ООО ТВОЯ СТОЛИЦА,
1078624095,2026-08-03T12:44:58Z,Квартира,Сдам 4  комнаты квартиру. Дом кирпичный своя котельная. Центр города. Развитая инфраструктура. Всё в шаговой доступности. В квартире прописаны. Вся ме,1031.6,3000.0,False,https://re.kufar.by/vi/1078624095,55,114.0,76.0,14.0,3,5,1.0,6.0,3,2007.0,29,27.526897320877676,53.88708730577599,"Грушевская ул, 15, Минск",петр,4.0
1079551190,2026-08-03T12:40:41Z,Сдам 2к квартиру на длительный срок,"Сдается квартира на 13-м этаже. Евродвушка. 
1 комната 19 кв. м.
2 совмещена с кухней - 24 кв. м. 
Просторная панорамная лоджия - 10 кв. м. 

Итальянс",687.73,2000.0,False,https://re.kufar.by/vi/1079551190,220,61.0,43.0,5.0,3,,13.0,26.0,,,23,27.584361,53.937833,"Максима Богдановича ул, 132, Минск",Надежда,2.0
1067430028,2026-08-03T12:38:11Z,Сдается квартира для большой семьи МЕТРО АЭРОДРОМНАЯ,"Сдаётся трёхкомнатная квартира с дизайнерским ремонтом ул. Игоря Лученка, д. 15 СРАЗУ У МЕТРО АЭРОДРОМНАЯ
Общая площадь 60 м.кв., 2025 год постройки.",1200.0,3489.72,False,https://re.kufar.by/vi/1067430028,170,60.0,,,4,10,20.0,25.0,2,2025.0,28,27.544071,53.86697,"Игоря Лученка ул, 15, Минск",Александр,6.0
1079548610,2026-08-03T12:26:28Z,Комфортная квартира в центре города,"Квартира со свежим ремонтом, паркет отшлифован и покрыт лаком, на кухне и сан. узлах свежий ремонт. Чистая, свежая, комфортная квартира в центре город",700.0,2035.67,False,https://re.kufar.by/vi/1079548610,,54.6,32.2,7.7,2,1,2.0,4.0,3,1954.0,25,27.575441,53.905286,"Фрунзе ул, 9, Минск",Nnn,2.0
1074495746,2026-08-03T12:26:01Z,2 комнатная квартира,"Сдам теплую уютную двухкомнатную квартиру на длительный срок с 01.08.2026.
Отличная инфраструктура. Метро Петровщина 12 мин.",515.8,1500.0,False,https://re.kufar.by/vi/1074495746,320,50.0,32.0,7.0,3,5,9.0,9.0,1,1984.0,29,27.471047,53.868393,"Газеты Звязда пр, 10к2, Минск",Наталья,2.0
1079548565,2026-08-03T12:25:51Z,Аренда квартиры.,Залог 500 рублей. Коммуналка.,618.96,1800.0,False,https://re.kufar.by/vi/1079548565,,45.0,,,1,5,5.0,5.0,,,22,27.564355,53.929669,"Каховская ул, 49, Минск",Валерий,
1079548545,2026-08-03T12:25:41Z,"Снять 2-комнатную квартиру, г. Минск, ул. Брестская, 70/1","Уютная двухкомнатная квартира у реки Лошица. Тишина и свежесть в центре внимания

Представьте: вы выходите из подъезда, заворачиваете за угол — и пере",367.94,1070.0,True,https://re.kufar.by/vi/1079548545,135,43.5,25.2,,2,,1.0,5.0,1,1990.0,28,27.518667,53.85226,"Брестская ул, 70/1, Минск","ООО ""Резалт Недвижимость""",
1077021793,2026-08-03T12:24:50Z,Сдам трехуровневую трехкомнатную квартиру,Трехуровневая трёхкомнатная квартира с оригинальной планировкой в кирпичном доме. 1-й уровень: большая гардеробная. 2-й уровень: две спальные комнаты.,800.0,2326.48,False,https://re.kufar.by/vi/1077021793,,74.0,,,3,5,3.0,14.0,3,,27,27.567212,53.873011,"Денисовская ул, 9, Минск",Пользователь,3.0
1079548304,2026-08-03T12:23:15Z,1-комнатная квартира,"Сдается 1-комнатная квартира-студия с заключением договора аренды.
Договор заключается сначала на 3 месяца с дальнейшим продлением, в  зависимости от",510.0,1483.13,False,https://re.kufar.by/vi/1079548304,280,44.1,19.6,11.0,3,1,9.0,10.0,10,2005.0,24,27.689233645507645,53.94446341194734,"Независимости пр, 168к1, Минск",Анна,4.0
1068931457,2026-08-03T12:22:21Z,"Аренда 3-комнатной квартиры, Немига 42","Работаем по факту 

Сдаётся отличная квартира в центре Минска по  ул. Немига 42, общ.пл. 81 кв.м.. Квартира в идеальном состоянии.  Имеется вся необхо",1000.0,2908.1,True,https://re.kufar.by/vi/1068931457,,80.7,49.1,11.3,3,,4.0,10.0,2,2006.0,29,27.542006,53.899509,"Немига ул, 42, Минск",ООО Центр недвижимости ГАЛАКТИКА,
1079301880,2026-08-03T12:17:43Z,Сдается комфортная совр 3-х ком кв возле метро,Сдаётся комфортная 3-х комнатная кв.в тихом центре Минска. От собственника. Уютная чистая квартира . 2 мин ходьбы до метро . Ст.метро Институт Культур,1007.53,2930.0,False,https://re.kufar.by/vi/1079301880,,68.0,58.0,9.0,1,10,5.0,9.0,10,1993.0,28,27.541044,53.882173,"Могилёвская ул, 4к3, Минск",Jasmine,5.0
1079115567,2026-08-03T12:15:09Z,Квартира в ЖК Минск Мир   ВЪЕЗД 30-31.08,"ВЪЕЗД 30-31 АВГУСТА!
Сдаётся уютная квартира в самом удобном месте Минск Мира.
Дом расположен возле кольца Старого аэропорта, в двух остановках от ст.",500.0,1454.05,False,https://re.kufar.by/vi/1079115567,170,32.0,27.0,10.0,3,10,11.0,19.0,2,2022.0,28,27.538241,53.869969,"Игоря Лученка ул, 1, Минск",Дарья,2.0
1079546335,2026-08-03T12:12:35Z,Студия в Минск мире,"Сдам студию в Минск мире на длительный срок, не студентам, не иностранцам, без животных. Первое заселение, всё новое.
Из техники СВЧ, варочная, духово",500.0,1454.05,False,https://re.kufar.by/vi/1079546335,170,26.0,,,1,5,12.0,13.0,10,2025.0,28,27.539885,53.865037,"Михаила Савицкого ул, 23, Минск",Андрей,
1079545482,2026-08-03T12:03:00Z,Уютная двушка в тихом центре только для граждан РБ,"Уютная и аккуратная двухкомнатная квартира в тихом центре ждёт ответственных жильцов с 1 февраля.
Сдаётся собственником по договору на длительный срок",481.07,1399.0,False,https://re.kufar.by/vi/1079545482,,45.0,,,1,,2.0,5.0,,,29,27.523922,53.892808,"Коржа ул, 4, Минск",Константин,3.0
1079545452,2026-08-03T12:02:34Z,Аренда 1-комнатной квартиры ул. Петра Мстиславца д.17,"Сдаётся 1-комнатная квартира в ЖК ""Маяк Минска"" по адресу: ул. Петра Мстиславца д.17.
В квартире сделан качественный дизайнерский ремонт, есть вся нео",550.19,1600.0,True,https://re.kufar.by/vi/1079545452,325,40.3,34.4,,3,,17.0,25.0,5,,24,27.655428,53.9347,"Петра Мстиславца ул, 17, Минск",ООО Абсолют Недвижимость,
1079545297,2026-08-03T12:00:52Z,сдам квартиру 3ком.,"Сдам 3 х комнатную квартиру, собственник. Комнаты 2 изолированные, 1 проходная. Есть стиральная машина, холодильник, мебель. На кухне все необходимое.",464.22,1350.0,False,https://re.kufar.by/vi/1079545297,205,53.5,,,1,1,5.0,9.0,3,,30,27.504384,53.913714,"Ольшевского ул, 11, Минск",Кирилл,
1078701497,2026-08-03T11:58:43Z,Сдается 3х-комнатная квартира,"От собственника сдается уютная просторная квартира в экологически чистом районе с артезианской водой с чистым воздухом желательно семье, без домашних",800.0,2326.48,False,https://re.kufar.by/vi/1078701497,50,93.7,67.5,,3,10,4.0,9.0,,2012.0,24,27.708256,53.941548,"Водолажского ул, 8А, Минск",Галина Георгиевна,
1077091600,2026-08-03T11:57:45Z,Долгосрочная аренда квартиры,"Сдаётся 2- комнатная квартира в самом центре города с 1 сентября.Предпочтительно студентам из Китая,( регистрация).Рядом метро площадь Я.Коласа и метр",600.0,1744.86,False,https://re.kufar.by/vi/1077091600,,49.1,29.0,6.2,2,1,4.0,,3,1957.0,23,27.578639,53.913953,"Красная ул, 18, Минск",Наталья,4.0
1077335178,2026-08-03T11:51:49Z,Сдаем 2-комнатную квартиру возле метро,"СДАЁТСЯ ХОРОШАЯ ДВУХКОМНАТНАЯ КВАРТИРА РЯДОМ С МЕТРО, ШКОЛОЙ И САДОМ
Метро – 5 минут пешком (без переходов через оживлённые трассы) Школа, сад рядом М",894.05,2600.0,False,https://re.kufar.by/vi/1077335178,105,65.0,65.0,1.0,1,10,5.0,9.0,1,2010.0,30,27.432797,53.912102,"Кунцевщина ул, 17, Минск",Виктория,2.0
1079541990,2026-08-03T11:25:46Z,"Снять 1-комнатную квартиру, г. Минск, ул. Притыцкого, 106","Сдаётся стильная 1-комнатная квартира у входа в метро Каменная горка по улице Притыцкого, 106.

Предлагается в аренду светлая и уютная квартира с совр",515.8,1500.0,True,https://re.kufar.by/vi/1079541990,130,33.2,17.0,7.3,1,,3.0,10.0,,,30,27.441654,53.907456,"Притыцкого ул, 106, Минск","ООО ""Резалт Недвижимость""",
1079541789,2026-08-03T11:23:32Z,Однокоманатная квартира 43 кв.м. в Лошице,"Сдается большая (43 кв.м.) 1-комнатная квартира улучшенной планировки в отличном состоянии, после ремонта, с мебелью и техникой. Утепленная лоджия на",378.25,1100.0,False,https://re.kufar.by/vi/1079541789,145,43.0,25.0,16.0,3,1,8.0,15.0,1,2005.0,27,27.585097,53.837184,"Прушинских ул, 14, Минск",Валерий Павлович,2.0
1073190190,2026-08-03T11:22:35Z,2-х комнтаная квартира в долгосрочную аренду,"Сдается уютная 2к квартира с видом на лес, можно с детьми и животными.
Рядом удобная парковка (всегда есть места), парк, озеро, площадка для собак, ма",687.73,2000.0,False,https://re.kufar.by/vi/1073190190,,68.0,60.0,13.0,4,5,12.0,19.0,,2013.0,24,27.698393,53.927628,"Франциска Скорины ул, 41, Минск",Антон,4.0
1079541429,2026-08-03T11:19:43Z,Двухкомнатная квартира возле метро,Свободна с 05.08 . Рядом все необходимое . До метро 5 мин спокойным шагом . Звоните,550.0,1599.46,False,https://re.kufar.by/vi/1079541429,205,47.0,30.0,8.0,1,5,4.0,5.0,3,,30,27.502875,53.912457,"Ольшевского ул, 5к1, Минск",Яна,
1079541073,2026-08-03T11:15:42Z,Сдается большая квартира,Квартира в аренду от собственника. Дом с лифтом и гаражом расположен в районе малоэтажной застройки рядом с парком. В квартире есть все для комфортног,1450.0,4216.75,False,https://re.kufar.by/vi/1079541073,165,140.0,85.0,14.0,3,5,4.0,4.0,4,2010.0,30,27.467598,53.900003,"Утульная ул, 1, Минск",Александр,3.0
1078288386,2026-08-03T11:05:17Z,Аренда квартиры,"Красивая квартира в центре на длительный срок идеально подойдёт семье с ребёнком. Огороженный двор с детской площадкой, шлагбаум. Рядом школа, детсад,",1200.0,3489.72,False,https://re.kufar.by/vi/1078288386,,74.0,51.0,6.9,4,5,3.0,5.0,3,1950.0,27,27.554267,53.896204,"Карла Маркса ул, 8, Минск",Инесса,4.0
1078822172,2026-08-03T10:57:29Z,Аренда квартир,"Сдаётся на длительный срок. Уютная светлая квартира в тихом районе города. Просторная кухня со всем необходимым. Высота потолка 2,72м. В санузле прису",750.0,2181.08,False,https://re.kufar.by/vi/1078822172,,70.0,33.3,15.2,3,5,5.0,17.0,3,2005.0,23,27.560259,53.923026,"Веры Хоружей ул, 34А, Минск",Екатерина,4.0
1066610360,2026-08-03T10:54:35Z,сдается квартира,"Сдается собственником 2-х комнатная тихая  квартира в  центре, кирпичный дом, 7 этаж, рядом развитая инфраструктура, метро, ТЦ ""Галерея Минск"", на  дл",620.0,1803.02,False,https://re.kufar.by/vi/1066610360,90,53.4,31.9,8.8,3,1,7.0,9.0,3,1997.0,22,27.54585,53.90753,"Обойная ул, 4к1, Минск",Ирина,2.0
1079538232,2026-08-03T10:45:20Z,"Новая, стильная евродвушка Минск-Мир","Впервые сдается стильная и продуманная евродвушка с новым ремонтом — на длительный срок.

Квартира подойдет для одного человека или пары без детей и ж",700.0,2035.67,False,https://re.kufar.by/vi/1079538232,170,45.0,,,3,10,,,,,28,27.547135,53.871185,"Мира пр, 2, Минск",Евгений,2.0
1074866810,2026-08-03T10:40:22Z,Двухкомнатная квартира,"Сдается атмосферная двухкомнатная квартира.
В квартире имеется все для комфортного проживания. Двуспальная кровать с дорогим ортопедическим матрасом,",750.0,2181.08,False,https://re.kufar.by/vi/1074866810,320,54.0,41.5,,3,10,16.0,23.0,10,2020.0,29,27.486458081774686,53.866271887789416,"Дзержинского пр, 92, Минск",Валерий,2.0
1079537130,2026-08-03T10:38:47Z,Собственник сдам 3х ком.квартиру Макаёнка 12л,"Сдаётся трёхкомнатная квартира по адресу Макаёнка 12л в шаге парк Челюскинцев метро Московская или метро Челюскинцев
Гардеробная комната у входа, техн",1000.0,2908.1,False,https://re.kufar.by/vi/1079537130,,75.0,,,1,10,6.0,25.0,,,24,27.624021,53.921785,"Макаёнка ул, 12Л, Минск",Анастасия,
1075187273,2026-08-03T10:38:41Z,Уютная 3-комнатная квартира с видом на парк и реку и отличной инфраструктурой для семьи.,"Сдаётся современная и уютная 3-комнатная квартира в отличном районе Минска.

Квартира расположена в шаговой доступности от станции метро Малиновка. Во",900.0,2617.29,False,https://re.kufar.by/vi/1075187273,30,75.0,66.0,,1,10,14.0,20.0,2,2014.0,29,27.479815,53.854262,"Чюрлёниса ул, 8, Минск",Сергей,2.0
1055011259,2026-08-03T10:36:36Z,Квартира,"Евродвушка -квартира, 47 м.кв
Есть балкон и лоджия
Дизайнерский ремонт
Санузел совмещеный
Холодильник , стиральная машина , электро плита, духовой шка",515.8,1500.0,False,https://re.kufar.by/vi/1055011259,220,47.0,30.0,,3,10,8.0,,2,2013.0,23,27.593389,53.938538,"Белинского ул, 54, Минск",Александр,2.0
1079537431,2026-08-03T10:36:36Z,Сдам на длит срок новую видовую 1 комн кв МинскМир,"С 13.08 дается однокомнатная квартира в ЖК МинскМир, новостройка, мебель, техника, холодильник, гражданам Беларуси, без детей и животных",447.03,1300.0,False,https://re.kufar.by/vi/1079537431,170,32.0,29.0,,3,5,15.0,25.0,1,2024.0,28,27.555974,53.860242,"Леонида Щемелёва ул, 18, Минск",Натали,2.0
1076928102,2026-08-03T10:33:17Z,Квартира,"Интерьер квартиры новый, светлый, современный, минималистичный в едином стиле.
* Пол ламинат из светлого дерева.
* Вся мебель, техника и электроника Н",630.0,1832.1,False,https://re.kufar.by/vi/1076928102,170,39.1,,,1,5,13.0,,4,,28,27.549991,53.869784,"Мира пр, 1, Минск",Вероника,4.0
1079536985,2026-08-03T10:31:37Z,Квартира,"Сдается уютная,двухкомнатная квартира,со всем необходимым для комфортного проживания.В одной минуте ходьбы от станции метро,,Автозаводская,,",550.19,1600.0,False,https://re.kufar.by/vi/1079536985,,42.6,28.8,6.2,1,1,3.0,5.0,3,1962.0,26,27.645096,53.869577,"Партизанский пр, 84, Минск",Лариса,
1079536866,2026-08-03T10:30:29Z,4-х комнатная квартира 3-йПутепроводный пер. Д. 6,"Долгосрочная аренда по договору , залог имущества. Возможно по договорённости место в гараже. Аренда плюс коммунальные. 
Без животных.
Уютный дом на 6",1000.0,2908.1,False,https://re.kufar.by/vi/1079536866,160,130.0,70.0,12.0,1,5,1.0,3.0,3,,30,27.497727201736986,53.92334800262501,"3-й Путепроводный переулок, 6, Минск",innychka,3.0
1073816016,2026-08-03T10:30:16Z,Сдам 4-комнатную квартиру,"В прихожей, санузле и кухне установлены теплые полы. Есть бойлер на случай отключения горячей воды.
Предпочтенье семье с детьми без домашних животных.",800.0,2326.48,False,https://re.kufar.by/vi/1073816016,45,57.7,41.6,6.1,1,5,1.0,5.0,1,1970.0,24,27.646389,53.941352,"Калиновского ул, 46, Минск",Андрей,3.0
1077005779,2026-08-03T10:29:04Z,Сдается квартира в Центре Минска на длительный срок,"Уютная чистая квартира у центре Минска.
Отлично подойдет для одной девушки или пары.
Сдается на длительный срок от 1 года.",450.0,1308.65,False,https://re.kufar.by/vi/1077005779,,32.0,,,1,10,2.0,4.0,,,22,27.52933,53.918047,"Тарханова ул, 11, Минск",Янина,
1079536470,2026-08-03T10:26:16Z,Уютная и светлая квартира,"Просторная и уютная квартира около метро Пушкинская,свежий ремонт,есть всё для комфортного проживания.Коммунальные входят в стоимость.СДАЁТСЯ НА 3 МЕС",600.0,1744.86,False,https://re.kufar.by/vi/1079536470,205,40.0,20.0,,3,5,6.0,9.0,1,1978.0,30,27.495526,53.904692,"Пушкина пр, 33, Минск",Леонид,1.0
1077221358,2026-08-03T10:25:48Z,"3-комнатная квартира пр.Дзержинского, д.9","Сдается дизайнерская 3-комнатная квартира в районе с развитой инфраструктурой
Г. Минск, пр-т Дзержинского, д. 9
Общая площадь по СНБ - 86.4 м2, общая",949.07,2760.0,True,https://re.kufar.by/vi/1077221358,55,86.4,50.1,,,5,12.0,16.0,4,2012.0,29,27.523554,53.889582,"Дзержинского пр, 9, Минск",ООО МИР НЕДВИЖИМОСТИ ПРО,
1072540251,2026-08-03T10:12:44Z,"Сдам Новую 1-комнатную квартиру,Минск,Братская 3",Сдается впервые! Новая квартира-студия Минск-Мир ул. Братская 3( Дом Тель-Авив).Полностью готова к комфортной жизни.Заселение по официальному договору,600.0,1744.86,False,https://re.kufar.by/vi/1072540251,170,29.0,26.0,,3,10,13.0,14.0,2,2025.0,28,27.55159,53.86611,"Братская ул, 3, Минск",Ольга,2.0
1068969636,2026-08-03T10:11:48Z,Сдается квартира рядом с метро Я.Коласа,"Сдается однокомнатная квартира в центре города с мебелью и техникой. Теплая и светлая, с хорошим видом из окна. Тихие и доброжелательные соседи. Станц",500.0,1454.05,False,https://re.kufar.by/vi/1068969636,,32.5,18.0,7.5,2,5,9.0,10.0,3,1997.0,23,27.56582,53.921669,"Веры Хоружей ул, Минск",Тимур,1.0
1074647631,2026-08-03T09:50:59Z,Квартира долгосрочно аренда Минск Мир,"Сдается в долгосрочную аренду дизайнерская квартира в Минск Мире | с 05.06.26 !!!

10-12 минут спокойным шагом до метро, рядом остановки и хорошая инф",630.0,1832.1,False,https://re.kufar.by/vi/1074647631,170,31.0,,,3,5,8.0,,2,2024.0,28,27.555345,53.860768,"Игоря Лученка ул, 32, Минск",Мария,1.0
1077052081,2026-08-03T09:47:56Z,Сдается 1-я квартира в Шабанах,"Сдается 1-я квартира в Шабанах. Отличная транспортная доступность до станции метро Могилевская. Рядом магазин, бассейн, школа, сад, банк, аптека. Квар",481.41,1400.0,False,https://re.kufar.by/vi/1077052081,310,46.0,18.0,10.0,3,5,6.0,19.0,1,2011.0,26,27.70292,53.837572,"Селицкого ул, 69, Минск",Наталья,
1078743944,2026-08-03T09:35:24Z,В 3-х минутах езды от вокзала двухкомнатная квартира. Уютная сталинка рядом с центром,"Жилье в европейском стиле в центре Минска. Главное преимущество - квартира находится в 2 остановках от железнодорожного и авто вокзалов, ст. метро ""Пл",842.47,2450.0,False,https://re.kufar.by/vi/1078743944,,49.0,35.0,7.0,1,10,3.0,4.0,3,1959.0,27,27.567365,53.882991,"Маяковского ул, 10, Минск",Olga,4.0
1079531814,2026-08-03T09:33:40Z,2комн.квартира в Чижовке ул.Ташкентская 6/2,"Сдается 2-ух.комнатная квартира на длительный срок в Чижовке ул.Ташкентская 6/2 .
Комнаты раздельные ,есть мебель 
Холодильник,стиральная машина Предп",378.25,1100.0,True,https://re.kufar.by/vi/1079531814,305,51.0,,,1,,,,,,26,27.632466,53.836812,"Ташкентская ул, 6к2, Минск",ООО Альфа-риэлт,
1078017721,2026-08-03T09:31:17Z,ТРЕХКОМНАТНАЯ КВАРТИРА С РЕМОНТОМ ОТ СОБСТВЕННИКА ДОГОВОР,"Внимательно читаем объявление перед звонком!
Квартира сдается в аренду собственником по договору, просьба не звонить агентам и риэлторам, в их помощи",600.0,1744.86,False,https://re.kufar.by/vi/1078017721,305,80.0,50.0,11.0,3,1,16.0,19.0,1,2016.0,26,27.646389,53.840085,"Голодеда ул, 5Б, Минск",Егор,3.0
1074835815,2026-08-03T09:30:56Z,Трёхкомнатная квартира в ЖК Vogue,"С 1 сентября 2026 года !!!
Квартира в новом элитном ЖК Vogue.
Просторная ,есть все необходимое,3 комнаты-94 метра.2 изолированные комнаты и гостиная с",900.0,2617.29,False,https://re.kufar.by/vi/1074835815,,94.0,70.0,20.0,3,1,5.0,16.0,2,2018.0,24,27.62556137452631,53.922678061221895,"Макаёнка ул, 12Б, Минск",Ася,6.0
1074587202,2026-08-03T09:23:52Z,"Снять 2-комнатную квартиру, просп. газеты Правда, 9/А","Современная, светлая квартира с хорошим ремонтом и мебелью. Подключен интернет. В прихожей установлен просторный шкаф-купе. Есть полностью оборудованн",700.0,2035.67,False,https://re.kufar.by/vi/1074587202,320,61.8,28.7,9.9,1,5,8.0,25.0,4,2014.0,29,27.486534,53.869746,"Газеты Правда пр, 9А, Минск",Светлана,3.0
1079530742,2026-08-03T09:21:23Z,Квартира в центре ДЛИТЕЛЬНО,"Квартира на длительеный срок, без домашних животных.",430.0,1250.48,False,https://re.kufar.by/vi/1079530742,,33.5,20.5,,3,1,4.0,5.0,3,,22,27.545356,53.904994,"Раковская ул, 27, Минск",Алла,4.0
1079529859,2026-08-03T09:17:30Z,Квартира 2-комнатная,"Дом после капитального ремонта в 2020. Новые краны, унитаз, газовая плита и стиральная машина. Лоджия застеклена. Квартира теплая и солнечная. Вся меб",500.0,1454.05,False,https://re.kufar.by/vi/1079529859,15,49.6,28.7,8.3,3,1,8.0,9.0,3,1980.0,28,27.557417162234096,53.874935092218905,"Левкова ул, 35к1, Минск",Оксана,2.0
1079528171,2026-08-03T09:17:08Z,Сдача квартиры в аренду,"Однокомнатная квартира в самом центре  Минска.Сдается с13 августа на длительный срок одной работающей девушке, не курящей, без домашних животных. Граж",326.67,950.0,False,https://re.kufar.by/vi/1079528171,35,29.0,17.5,3.0,2,1,3.0,4.0,3,1950.0,22,27.554414182166106,53.901996632345465,"Интернациональная ул, 13, Минск",наталья,2.0
1079528896,2026-08-03T09:04:31Z,сдам в аренду 2 комнатную  квартиру 45 м по договору длительно,"На длительный срок по договору сдается новая дизайнерская евродвушка 45м по адресу: ул. Олешева, 5. Квартира светлая и теплая,  4 этаж с видом на тихи",560.0,1628.54,False,https://re.kufar.by/vi/1079528896,,45.0,42.0,,3,10,4.0,10.0,10,2019.0,23,27.602426,53.945761,"Олешева ул, 5, Минск",Ирина,3.0
1079527960,2026-08-03T08:53:29Z,"Снять 1-комнатную квартиру, г. Минск, ул. Обойная, 4","Сдается уютная 1-комнатная квартира в самом сердце Минска

Адрес: ул. Обойная, 4

Если вы мечтаете жить в центре столицы, где все самое важное находит",515.8,1500.0,True,https://re.kufar.by/vi/1079527960,90,36.7,18.7,8.4,1,5,8.0,9.0,3,1991.0,22,27.54585,53.90753,"Обойная ул, 4к1, Минск",ООО Результативная недвижимость,
1079526906,2026-08-03T08:40:33Z,Сдаётся квартира,"Сдаётся 1-комнатная квартира на длительный срок только гражданам РБ. по проспекту Пушкина, 26. Ст. м. Пушкинская в шаговой доступности. Полностью гото",500.0,1454.05,False,https://re.kufar.by/vi/1079526906,,33.0,28.0,,1,,9.0,,,,30,27.497045,53.904156,"Пушкина пр, 26, Минск",Ольга,2.0
1075806551,2026-08-03T08:39:06Z,2-комнатная квартира с комфортом премиум-класса на ул. Алибегова 8/1,"Сдается просторная и светлая 2-комнатная квартира площадью 61,7 м² в кирпичном доме (2008 г., улучшенный проект). Квартира сдается на длительный срок",700.0,2035.67,False,https://re.kufar.by/vi/1075806551,320,64.9,31.0,12.9,3,10,6.0,7.0,4,2008.0,29,27.482716,53.873526,"Алибегова ул, 8к1, Минск",Татьяна,2.0
1071470503,2026-08-03T08:36:02Z,Сдам квартиру на длительный срок,"Сдается квартира на длительный срок евро двушка по адресу : проспект Мира 1 . В квартире сделан качественный ремонт, оборудована мебелью и необходимой",673.0,1957.15,False,https://re.kufar.by/vi/1071470503,170,48.0,39.0,14.0,1,5,13.0,14.0,10,2020.0,28,27.550458453337765,53.86942871017017,"квартал Эмиратс, экспериментальный многофункциональный комплекс Минск-Мир, Минск",Инна,4.0
1079525949,2026-08-03T08:28:20Z,Аренда квартиры,"Сдаться светлая и аккуратная квартира ,в шаговой доступности метро (Петровщина),дом после кап ремонта, утеплен ,рядом с домом  Евроопт, аптека, 12 гим",750.0,2181.08,False,https://re.kufar.by/vi/1079525949,320,53.8,29.3,7.2,3,5,5.0,9.0,1,,29,27.472871,53.865329,"Голубева ул, Минск",Сергей,
1079525709,2026-08-03T08:25:53Z,Сдам квартиру,"Сдам 2-ух комн. квартиру, в центральном районе (Долгиновский тракт 42).В хорошем состоянии, чистая, уютная, с необходимой мебелью, стиральной машиной,",412.64,1200.0,False,https://re.kufar.by/vi/1079525709,180,37.0,,,2,1,2.0,2.0,3,,22,27.53825,53.948999,"Долгиновский тракт, Минск",Светлана,
1078540388,2026-08-03T08:18:14Z,Двухкомнатная квартира в Каскаде,"Сдается уютная, просторная 2-комнатная квартира в престижном мини-полисе «Каскад». Квартира имеет удачную планировку — окна выходят на две стороны, чт",800.0,2326.48,False,https://re.kufar.by/vi/1078540388,110,69.0,66.9,,3,,4.0,11.0,2,,30,27.520931,53.909349,"Скрыганова ул, 4Д, Минск",Катерина,
1079524723,2026-08-03T08:12:59Z,"Квартира длительно, центр",Сдается квартира на длительный срок. Есть все необходимое. Без животных.,600.0,1744.86,False,https://re.kufar.by/vi/1079524723,,68.0,45.0,12.0,3,,3.0,,10,2001.0,22,27.543964,53.927803,"Старовиленский тракт, 67, Минск",Никита,4.0
1078019075,2026-08-03T08:12:33Z,"Сдаётся просторная 3-комнатная квартира, ул. Авангардная, 54","Главное о квартире:

Общая площадь - 78,9 м2
Третий этаж
Все комнаты изолированные
Паркетные полы, двери из массива сосны, новые радиаторы отопления
Д",601.77,1750.0,True,https://re.kufar.by/vi/1078019075,240,79.1,47.7,12.1,4,5,3.0,5.0,3,2001.0,25,27.630121,53.910718,"Авангардная ул, 54, Минск",ОДО Старый Стиль,
1079524545,2026-08-03T08:10:40Z,Сдаётся 2-х комнатная квартира на Сурганова,"Сдается двухкомнатная квартира на длительный срок.
Сдается 2-х комнатная квартира по ул. Сурганова (Советский район). 2-й этаж 5-этажного дома, окна в",748.93,2177.96,False,https://re.kufar.by/vi/1079524545,,44.0,29.0,6.0,1,5,2.0,5.0,3,1961.0,23,27.598419,53.924458,"Сурганова ул, 21, Минск",Максим,3.0
1077800396,2026-08-03T08:10:11Z,"Светлая, уютная 2-х комнатная квартира от собственника в самом центре Минска","Светлая,чистая, уютная 2-х комнатная квартира от собственника в самом центре Минска. Современная, качественная отделка, техника и мебель. Квартира пол",650.0,1890.27,False,https://re.kufar.by/vi/1077800396,,48.1,28.1,8.1,3,5,8.0,12.0,3,1989.0,28,27.542733,53.88964,"Льва Толстого ул, 4, Минск",Наталия,4.0
1079524484,2026-08-03T08:09:48Z,Аренда квартиры  в самом центре Минска,"В самом центре Минска прямо  напротив   ТЦ Галерея и отеля Double Tree by Hilton, уютная полностью оборудованная и готова к долгосрочному заселению с",1000.0,2908.1,False,https://re.kufar.by/vi/1079524484,90,61.0,59.0,9.0,1,5,9.0,9.0,3,,22,27.545985,53.908432,"Обойная ул, 4к2, Минск",Ольга,4.0
1079521425,2026-08-03T08:01:03Z,"2-комн.квартира ул.Есенина 113,метро Малиновка","Сдается двухкомнатная квартира в Малиновке Ул.Есенина 113,комнаты раздельные 
Квартира полностью соответствует фото,вся мебель и техника в наличии 
Сд",378.25,1100.0,True,https://re.kufar.by/vi/1079521425,150,51.0,,,1,1,,,,,29,27.436336,53.864442,"Сергея Есенина ул, 113, Минск",ООО Альфа-риэлт,
1079521259,2026-08-03T07:58:30Z,1-к. квартира в Сухарево,"С 19 августа будет готова к заселению, просторная однокомнатная квартира.
Исключительно на длительный срок.
Обязательно гражданам РБ, приоритет парам,",400.0,1163.24,False,https://re.kufar.by/vi/1079521259,,47.2,22.6,10.0,3,1,5.0,9.0,1,2008.0,30,27.416006567685628,53.89357986263644,"Пимена Панченко ул, 78, Минск",Мария,2.0
1076136344,2026-08-03T07:55:29Z,"2-комн.квартира ул.Восточная 50,Советский район","Квартира сдается 2-ух.комнатная на длительный срок ( от года ) 
Ул.Восточная 50,Советский район 
Квартира укомплектована мебелью ,бытовой техникой.
Сд",412.64,1200.0,True,https://re.kufar.by/vi/1076136344,,50.0,,,1,1,,,,,23,27.598491,53.935941,"Восточная ул, 50, Минск",ООО Альфа-риэлт,
1077093782,2026-08-03T07:40:49Z,"Квартира в аренду от 15 дней , give in rend 15 days","Квартира в самом лучшем месте столицы , с самым лучшим видом , дорогой ремонт и мебель , только сделан ремонт , всё новое , hello I best speak English",950.0,2762.7,False,https://re.kufar.by/vi/1077093782,260,55.0,38.0,11.0,1,10,6.0,,3,2001.0,22,27.556333,53.912272,"Сторожовская ул, 8, Минск",Елена,2.0
1078763588,2026-08-03T07:39:58Z,Красивая 3-комнатная квартира в аренду,"Предлагается в аренду (на срок до года) трехкомнатная квартира по адресу: проспект Газеты «Звязда», дом 59, корпус 1. 
Отличная локация: 15 минут пешк",750.0,2181.08,False,https://re.kufar.by/vi/1078763588,320,63.0,40.0,7.1,3,10,4.0,9.0,1,1987.0,29,27.460501,53.858118,"Газеты Звязда пр, 59к1, Минск",нр,5.0
1079081102,2026-08-03T07:30:39Z,Уютная и стильная 3-комнатная квартира,Сдается уютная и стильная трехкомнатная квартира с новым ремонтом на длительный срок. Все готово к проживанию: в зале установлены два раскладных диван,790.0,2297.4,False,https://re.kufar.by/vi/1079081102,170,61.9,54.0,,3,5,24.0,25.0,10,2023.0,28,27.553791,53.863195,"Игоря Лученка ул, 27, Минск",Андрей,4.0
1079475228,2026-08-03T07:26:02Z,Аренда квартиры,"Квартира с дизайнерским ремонтом. Удобный выезд на кольцевую, есть платная охраняемая стоянка. Большое водохранилище, пляж жара",550.0,1599.46,False,https://re.kufar.by/vi/1079475228,305,42.0,25.0,6.0,1,10,,,1,,26,27.617491,53.835117,"Уборевича ул, 160, Минск",Алекс Том,
1079516119,2026-08-03T07:23:45Z,Отличная квартира в Минск Мир.Возле Авиа Мол и метро Аэродромная.Дом Марина.,"Отличная квартира со всей необходимой техникой. в Минск Мир.Возле Авиа Мол и метро Аэродромная.Дом Марина.
Квартира сдаётся парам или девушке.
В субар",550.0,1599.46,False,https://re.kufar.by/vi/1079516119,170,45.0,,,1,5,10.0,,10,2017.0,28,27.553513,53.87093,"Братская ул, 2, Минск",Александр,2.0
1079516083,2026-08-03T07:19:01Z,Аренда двухкомнатная квартира,"Уютная просторная квартира. Зелёный Луг. Вся инфраструктура в шаговой доступности. Магазины, банка,почта, школы, поликлиника. Рядом зона отдыха. ТЦ Эк",481.41,1400.0,False,https://re.kufar.by/vi/1079516083,100,53.0,30.0,8.0,1,1,5.0,9.0,3,1976.0,23,27.617514453688592,53.952424647421076,"Логойский тракт, 27, Минск",Elena,2.0
1079515922,2026-08-03T07:16:35Z,Сдам квартиру в Минск-мир+машиноместо,"Сдам квартиру +машиноместо в паркинге рядом с домом с 15.09. Порядочным, платежеспособным людям, без животных.",650.0,1890.27,False,https://re.kufar.by/vi/1079515922,170,50.0,,,1,,5.0,25.0,2,2025.0,28,27.555979436514917,53.859684196936,"Леонида Щемелёва ул, 26, Минск",Ольга,4.0
1079462329,2026-08-03T07:14:29Z,Квартира на длительный срок,"С ОКТЯБРЯ на длительный срок!!

Сдаётся уютная квартира-студия на 10 этаже с красивым видом на проспект. 
Отличный вариант для комфортного проживания",500.0,1454.05,False,https://re.kufar.by/vi/1079462329,320,40.0,,,3,5,10.0,23.0,10,2020.0,29,27.486561,53.866359,"Дзержинского пр, 92, Минск",Александра,
1079461969,2026-08-03T07:13:59Z,Аренда квартиры,"Возможна аренда для иностранцев. Условия обсуждаются отдельно, поможем с регистрацией. Вся необходимая мебель для жизни есть. Две раздельные комнаты в",600.0,1744.86,False,https://re.kufar.by/vi/1079461969,230,40.0,,,2,1,1.0,5.0,3,,27,27.609855,53.854082,"Рокоссовского пр, 152, Минск",Сандро,4.0
1079515382,2026-08-03T07:11:21Z,Сдается 3комн квартира с мебелью и техникой,"Сдается чистая и уютная Зкомн квартира с техникой и мебелью. Ранее никогда не сдавалась. Новые ортопедические матрасы.
Полы с подогревом, ванна с гидр",722.12,2100.0,False,https://re.kufar.by/vi/1079515382,,79.2,46.7,10.2,3,5,8.0,10.0,,,28,27.558849,53.870017,"Германовская ул, 17, Минск",Дмитрий,6.0
1079512521,2026-08-03T06:56:35Z,Сдача квартиры,"1 комнатная,новая. Есть всё необходимое. Метро 1 минута. Без животных. Агенствам не беспокоить.",600.0,1744.86,False,https://re.kufar.by/vi/1079512521,,43.0,17.0,10.0,3,10,,,2,2025.0,29,27.514382,53.887958,"Щорса ул, 42, Минск","Аоександр, Наталья.",2.0
1079512451,2026-08-03T06:56:12Z,Сдается удобная квартира на Карастояновой 23А,"Сдается удобная однокомнатная квартира. Имеется все необходимое для комфортной жизни: Легкораскладывающийся двуспальный диван, Телевизор, Кондиционер,",550.0,1599.46,False,https://re.kufar.by/vi/1079512451,,28.5,11.9,7.1,2,5,5.0,9.0,,,22,27.56396,53.93673,"Лили Карастояновой ул, 23А, Минск",Елена,2.0
1079511328,2026-08-03T06:50:53Z,"Стильная квартира Чорного,  д. 25","В СТОИМОСТЬ ВХОДИТ МАШИНОМЕСТО В ПОДЗЕМНОМ ПАРКИНГЕ.

Сдается просторная стильная квартира-студия по адресу ул. Чорного, д. 25 (53 кв. м.)

Квартира р",599.0,1741.95,False,https://re.kufar.by/vi/1079511328,,53.0,,,3,5,2.0,9.0,5,2014.0,24,27.606801,53.928037,"Кузьмы Чорного ул, 25, Минск",Ольга,2.0
1079505581,2026-08-03T06:38:38Z,Сдам 1 комнатную квартиру,"Сдам на длительный срок 1 - комнатную квартиру по ул. Кунцевщина, 4. 10 этаж.  Метро "" Каменная Горка"" в 3-4 минутах хотьбы. Развитая инфраструктура.",500.0,1454.05,False,https://re.kufar.by/vi/1079505581,130,35.0,17.0,7.0,3,5,10.0,10.0,1,1988.0,30,27.43703261073221,53.91050720824326,"Кунцевщина ул, 4, Минск",Виталий,
1071619530,2026-08-03T06:37:24Z,сдам двухкомнатную квартиру (раздельные комнаты),"Квартира свободна-смотреть и заселяться  можно в любое время!  Только на длительный срок -от года и более!  В кв. все есть для жизни-стиралка,холодиль",400.0,1163.24,False,https://re.kufar.by/vi/1071619530,205,49.0,34.0,6.0,3,1,2.0,5.0,1,1990.0,30,27.475296,53.919118,"Петра Глебки ул, 84, Минск",Alek,4.0
1078052622,2026-08-03T06:33:00Z,Сдается 2-х комнатн. квартира премиального уровня,"Сдается на длительный срок 2-х комнатная квартира премиального уровня с дизайнерской планировкой для комфортной для жизни, работы и отдыха. Полный ком",1350.0,3925.94,False,https://re.kufar.by/vi/1078052622,325,62.0,47.0,,3,10,10.0,12.0,,,24,27.650162,53.931429,"Петра Мстиславца ул, 12, Минск",Елена,
1079501182,2026-08-03T06:15:00Z,"Сдам 1 комнатную квартиру На длительный срок по адресу ул. Космонавтов, 48","Светлая, аккуратная квартира, ближайшее метро Малиновка, в квартире есть всё необходимое для жизни, развитая инфраструктура.",378.25,1100.0,False,https://re.kufar.by/vi/1079501182,150,34.0,17.0,7.2,1,1,9.0,9.0,,1996.0,29,27.454967,53.847437,"Космонавтов ул, 48, Минск",Лариса,1.0
1077865010,2026-08-03T05:56:58Z,Студия в Минск Мире,"Сдам в долгосрочную аренду гражданам РБ  студию с шикарным ремонтом  в  ""Минск Мире"". Грамотная планировка,  качественные материалы, продуманное освещ",550.19,1600.0,False,https://re.kufar.by/vi/1077865010,170,29.0,27.0,,3,10,8.0,25.0,2,2024.0,28,27.5371,53.868754,"Игоря Лученка ул, 8, Минск",Денис,
1079497009,2026-08-03T05:55:49Z,Сдать квартиру,"Сдается уютная, обустроенная квартира в самом центре Минска, 2 минуты пешком до станции метро Академия наук. Квартира сдается  с мебелью и техникой, п",687.73,2000.0,False,https://re.kufar.by/vi/1079497009,,60.0,44.0,6.0,1,5,3.0,5.0,10,1963.0,23,27.59872867133822,53.92419567376335,"Сурганова ул, 21, Минск",Виктория,4.0
1076185403,2026-08-03T05:54:56Z,"2-комнатная квартира, Корженевского 1/1(Курасовщина)","Сдается 2-х комнатная квартира на длительный срок с заключением договора аренды. 

Только граждане РБ! Иностранцев, прошу, не беспокоить. Можно студен",460.0,1337.73,False,https://re.kufar.by/vi/1076185403,135,39.0,,7.08,3,1,7.0,9.0,,,28,27.497116,53.848144,"Корженевского ул, 1к1, Минск",Елена,1.0
1079478149,2026-08-03T05:33:53Z,Сдам в аренду квартиру,"Сдача с 1 сентября. Сдается в аренду светлая и просторная квартира. Хорошее расположение в тихом районе, за домом лес и прогулочная лесополоса, остано",480.0,1395.89,False,https://re.kufar.by/vi/1079478149,,52.0,,,1,,,,,,30,27.454159,53.874572,"Юрия Семеняко ул, 36, Минск",Светлана,2.0
1079476726,2026-08-03T05:25:01Z,1 комнатная квартира,Сдам на длительный срок однокомнатную квартиру в сухарево. Есть всё необходимое для проживания. Развитая инфраструктура. До метро каменная горка 10мин,500.0,1454.05,False,https://re.kufar.by/vi/1079476726,265,33.0,17.0,7.0,3,5,3.0,9.0,1,1998.0,30,27.438573,53.882571,"Сухаревская ул, 1, Минск",Продавец,2.0
1079459032,2026-08-02T19:43:54Z,Квартира с отличным расположением,"Квартира в теплом кирпичном доме с выгодным расположением в районе со сформированной инфраструктурой. 

Прямо у дома - ст. метро Спортивная и абсолютн",515.8,1500.0,False,https://re.kufar.by/vi/1079459032,205,41.0,24.0,6.2,1,1,3.0,5.0,3,1970.0,30,27.481153,53.909774,"Жудро ул, 4, Минск",Александр,2.0
1075638531,2026-08-02T19:36:07Z,Сдам на длительный срок,"Сдается на длительный срок роскошная трёхкомнатная квартира с дизайнерским ремонтом,в самом экологическом и престижном комплексе Минска«Северный Берег",1200.0,3489.72,False,https://re.kufar.by/vi/1075638531,,65.0,,25.5,1,10,7.0,7.0,,2025.0,23,27.568052985556896,53.96441318310606,"Виталия Цвирко ул, 100, Минск",Виктор,6.0
1078948529,2026-08-02T19:24:02Z,Сдается  по договору от собственника,"7 этаж 9-этажного дома. После ремонта, все новое.Прописаны 2 чел. 3 спальных места: двуспальная кровать и раскладывающийся диван. Окна выходят во двор",500.0,1454.05,False,https://re.kufar.by/vi/1078948529,,37.0,20.3,9.0,3,5,7.0,9.0,3,1991.0,24,27.59815,53.927634,"Чернышевского ул, 11, Минск",dialait,3.0
1079456179,2026-08-02T18:48:20Z,1к квартира в долгосрочную аренду,"1к квартира в долгосрочную аренду.
Новый ремонт,прекрасный вид из окна.
Для проживания одного человека без животных.
Иностранцам регистрация при услов",584.57,1700.0,False,https://re.kufar.by/vi/1079456179,,35.0,18.0,6.0,3,,9.0,9.0,,,29,27.544323,53.90205,"Короля ул, 4, Минск",Дарья,1.0
1079449502,2026-08-02T18:38:57Z,Аренда квартиры,"Однокомнатная квартира, санузел раздельный",350.0,1017.84,False,https://re.kufar.by/vi/1079449502,320,40.0,14.0,7.0,2,1,1.0,9.0,1,2000.0,29,27.459558,53.859185,"Газеты Звязда пр, 48, Минск",Людмила,
1079455275,2026-08-02T18:34:24Z,Сдаётся двухкомнатная квартира,"Сдаётся двухкомнатная квартира на длительный срок гражданам РБ официально через договор аренды, с тихими соседями, в тихом районе, в шаговой доступнос",412.64,1200.0,False,https://re.kufar.by/vi/1079455275,130,51.1,29.9,8.4,3,1,8.0,16.0,1,1989.0,30,27.442086,53.911413,"Притыцкого ул, 126, Минск",Виктория,
1079454289,2026-08-02T18:25:48Z,Аренда Квартиры,"Сдается на длительный срок. Всем оборудована (духовой шкаф, микроволновая печь, стиральная машина и др, плохо работает телевизор). Сдается исключитель",481.41,1400.0,False,https://re.kufar.by/vi/1079454289,265,47.0,38.0,7.0,1,1,4.0,9.0,1,,30,27.442023,53.880082,"Янковского ул, 9, Минск",Денис,2.0
1079452173,2026-08-02T17:56:28Z,Сдам квартиру,Сдам квартиру на длительный срок,450.0,1308.65,False,https://re.kufar.by/vi/1079452173,245,75.0,,10.0,1,1,2.0,10.0,1,2025.0,28,27.89986210850139,53.88022607805582,"Гризодубовой ул, 17, Минск",Андрей,
1079450545,2026-08-02T17:37:20Z,Сдам квартиру у метро. Возможна временная регистра,"Сдается уютная 2-к. квартира, возможно временная регистрация. Развитая инфраструктура. Хороший, качественный ремонт. Лоджия. До метро 2 минуты. Крупны",550.0,1599.46,False,https://re.kufar.by/vi/1079450545,235,54.0,30.0,9.0,3,1,6.0,9.0,1,1982.0,28,27.540523,53.850863,"Асаналиева ул, 64, Минск",Сергей,
1079450001,2026-08-02T17:29:44Z,Сдача  1-комн. квартиры в аренду Серебрянка на 1 год.,"1 комнатная очень уютная квартира 45 кв.м. в Серебрянке на длительный срок. ЖК Телевизор Philips 107 см (42""), Новая угловая Кухня Милан, Новый Холоди",464.22,1350.0,False,https://re.kufar.by/vi/1079450001,230,45.0,19.0,9.1,3,5,2.0,12.0,10,2005.0,27,27.600504,53.848924,"Якубова ул, 2к1, Минск",Вадим Витальевич,2.0
1079449970,2026-08-02T17:29:21Z,"Двухкомнатная квартира по пр-Пушкина, 71, на длительный срок","Сдается двухкомнатная квартира на длительный срок. Чистая, аккуратная квартира в шаговой доступности от станции метро Пушкинская, одна остановка на об",481.41,1400.0,False,https://re.kufar.by/vi/1079449970,205,48.2,30.5,6.0,3,1,5.0,5.0,,,30,27.494453725655234,53.91777710824482,"Пушкина пр, 71, Минск",Вероника,
1065765971,2026-08-02T17:26:25Z,Элитная 3-к.квартира в центре с потрясающим видом,"Элитная 3-комн. квартира в центре Минске с потрясающими видами на Парк Челюскинцев, Ботанический сад, фристайл центр, открытый бассейн, спортивную шко",1199.0,3486.81,False,https://re.kufar.by/vi/1065765971,5,92.0,76.0,14.0,3,10,10.0,19.0,2,2012.0,24,27.602462,53.917724,"Сурганова ул, 5А, Минск",Людмила,5.0
1077670971,2026-08-02T17:20:06Z,Квартира,"Сдается стильная студия с дизайнерским ремонтом в Минск Мире на долгосрочный период,ПЕРВОЕ заселение,все новое.Дом 2025 года постройки.

Встроенный хо",580.0,1686.7,False,https://re.kufar.by/vi/1077670971,170,33.0,,,3,10,5.0,25.0,2,2025.0,28,27.554519,53.858612,"Леонида Щемелёва ул, 30, Минск",Анна,2.0
1079444904,2026-08-02T16:54:09Z,Бронь до 4.08 Квартира-студия в ЖК «Левада»,"Сдается на длительный срок уютная квартира-студия в ЖК «Левада». В квартире есть все необходимое для комфортного проживания. Отличный район, спокойные",600.0,1744.86,False,https://re.kufar.by/vi/1079444904,,40.0,,,3,,3.0,9.0,2,2023.0,22,27.533408,53.93478,"Нововиленская ул, 39, Минск",Наталья,
1079439330,2026-08-02T16:51:07Z,долгосрочная аренда возле метро Грушевка,"Сдается в долгосрочную аренду замечательная квартира:
- в одной минуте от станции метро Грушевка;
-на 3-м этаже, что позволяет обходиться даже без лиф",515.8,1500.0,False,https://re.kufar.by/vi/1079439330,,42.0,18.0,12.0,3,5,3.0,23.0,10,2022.0,29,27.515029,53.887682,"Дзержинского пр, 26, Минск",нина,2.0
1079443990,2026-08-02T16:42:23Z,Квартира студия Минск Мир,"Дом Мадрид рядом с метро Аэродромная и ТЦ Авиа Молл,остановкой общественного транспорта.
Сдаёт собственник по договору на длительный срок.
Дом 2025 го",576.1,1675.35,False,https://re.kufar.by/vi/1079443990,170,30.0,26.0,,3,10,23.0,25.0,2,2025.0,28,27.555857,53.859711,"Леонида Щемелёва ул, 26, Минск",Alex,2.0
1079443161,2026-08-02T16:34:32Z,Сдаётся 3-х комнатная квартира в Серебрянке,"Сдается 3х комнатная квартира в Серебрянке.Все необходимое для жизни в квартире есть: мебель, стиральная машинка, печь СВЧ,холодильник,пылесос.Квартир",498.61,1450.0,False,https://re.kufar.by/vi/1079443161,230,58.0,,,1,1,4.0,5.0,3,,27,27.60645,53.858442,"Рокоссовского пр, 108, Минск",Алла,3.0
1079442578,2026-08-02T16:32:48Z,Сдаётся стильная 2-комнатная квартира с дизайнерск,"В долгосрочную аренду сдаётся современная просторная 2-комнатная квартира (70 м²) на проспекте Дзержинского.
Квартира выполнена по дизайнерскому проек",640.0,1861.18,False,https://re.kufar.by/vi/1079442578,30,69.0,50.0,13.0,3,10,16.0,18.0,10,2016.0,29,27.478944,53.854422,"Чюрлёниса ул, 6, Минск",Юрий,5.0
1079440021,2026-08-02T16:25:49Z,Квартира для съема.,Отличное состояние. Студентам и командированным не беспокоить. Сдается с 01.09.2026. Залог 1000 руб. Предоплата 2 месяца.,515.8,1500.0,False,https://re.kufar.by/vi/1079440021,65,37.0,29.0,10.0,1,1,1.0,9.0,1,2013.0,30,27.448437,53.919595,"Алеся Гаруна ул, 1, Минск",Сергей,3.0
1079439310,2026-08-02T16:17:27Z,Сдам квартиру на длительный срок,"Сдаётся квартира на длительный срок только для граждан РБ, без домашних животных",309.48,900.0,False,https://re.kufar.by/vi/1079439310,,455.0,332.0,52.0,1,,5.0,5.0,1,1965.0,27,27.568690259616538,53.86061333495463,"Козыревская ул, 39к1, Минск",Александр Кулагин,2.0
1078699769,2026-08-02T16:16:18Z,Квартира в аренду на долгий срок,"На длительный срок, развитая инфраструктура, всё для комфортного проживания. Предоплата и залог.",450.0,1308.65,False,https://re.kufar.by/vi/1078699769,80,42.0,19.0,9.0,1,,3.0,9.0,2,2007.0,30,27.446589101982823,53.90569772401833,"Притыцкого ул, 89, Минск",Олег,
1079439465,2026-08-02T16:13:41Z,"ПЕРВАЯ СДАЧА: Квартира с душой и безупречным стилем на пр-те Дзержинского, 23","От собственника. Без комиссии. Только для ценителей качества и гармонии.
Сдается не просто квартира, а личное пространство, созданное для комфортной ж",790.89,2300.0,False,https://re.kufar.by/vi/1079439465,55,84.0,45.0,18.0,3,10,4.0,13.0,,2015.0,29,27.507797,53.882454,"Дзержинского пр, 23, Минск",Ольга,2.0
1079437600,2026-08-02T15:51:40Z,2-х комнатная квартира,"Квартира сдается на длительный срок , с 1 -го сентября , метро «Кунцевщина» в пешей доступности ,сделан косметический ремонт, договор, коммунальные оп",515.8,1500.0,False,https://re.kufar.by/vi/1079437600,130,57.6,31.2,9.3,3,1,11.0,19.0,1,2006.0,30,27.449515,53.913884,"Лещинского ул, 39, Минск",Андрей,
1068765018,2026-08-02T15:42:25Z,Сдается двухкомнатная квартира,"Теплая, уютная квартира, 5-й этаж 9-ти этажного дома, сделан качественный ремонт, на полу ламинат, окна - деревянные стекло пакеты, кроме лоджии (вход",600.0,1744.86,False,https://re.kufar.by/vi/1068765018,,70.6,47.0,12.0,3,1,5.0,9.0,3,2003.0,24,27.628567,53.918763,"Макаёнка ул, 15В, Минск",Виктор,3.0
1079434896,2026-08-02T15:19:33Z,Аренда квартиры.,Зал 20 м.кухня 10м..,0.0,0.0,False,https://re.kufar.by/vi/1079434896,150,40.0,,,3,1,12.0,12.0,1,,29,27.434315,53.856047,"Рафиева ул, 109, Минск",Виталий,
1079434668,2026-08-02T15:16:54Z,Квартира в долгосрочную аренду от собственника,"Сдается 2-х комнатная квартира с хорошим ремонтом, мебелью и техникой в долгосрочную аренду по договору, гражданам РБ (без домашних питомцев), уважающ",550.0,1599.46,False,https://re.kufar.by/vi/1079434668,290,47.1,31.6,6.1,1,1,4.0,5.0,1,1971.0,30,27.491732369765234,53.90018362542259,"Янки Мавра ул, 15, Минск",Татьяна,4.0
1079434454,2026-08-02T15:14:19Z,Сдам квартиру,"Сдам двушку в тихом уютном районе. В квартире только сделали косметический ремонт: во всей квартире поменяли пол, новые обои, натяжные потолки в комна",481.41,1400.0,False,https://re.kufar.by/vi/1079434454,265,50.0,28.4,7.2,3,1,3.0,9.0,1,,30,27.434216,53.889465,"Сухаревская ул, 34, Минск",Василий,
1076769237,2026-08-02T15:02:23Z,Квартира в центре у метро,"Квартира в центре у метро. Развитая инфраструктура ( кафе, ресторан, магазин, библиотека, ЦУМ, автостоянка). Договор, регистрация.",650.0,1890.27,False,https://re.kufar.by/vi/1076769237,,31.0,19.0,9.0,2,10,2.0,5.0,3,1975.0,23,27.589382,53.914494,"Золотая Горка ул, 22, Минск",Светлана,4.0
1077987545,2026-08-02T14:49:51Z,"Снять 1-комнатную квартиру, метро ''Каменная горка''","Уютная 1-комнатная квартира у метро «Каменная горка»

С 20 августа сдается светлая и просторная квартира в современном жилом комплексе с профессиональ",600.0,1744.86,False,https://re.kufar.by/vi/1077987545,105,44.0,17.5,10.4,3,5,3.0,22.0,10,2011.0,30,27.428512,53.908076,"Притыцкого ул, 158, Минск",Сергей,2.0
1075740099,2026-08-02T14:38:54Z,Долгосрочная аренда  квартиры,"Квартира сдается порядочным, чистоплотным и интеллигентным людям. Без детей и животных.",900.0,2617.29,False,https://re.kufar.by/vi/1075740099,,84.6,79.6,29.3,1,5,14.0,24.0,10,2014.0,29,27.520796,53.888223,"Дзержинского пр, 11, Минск",Ольга,
1079431209,2026-08-02T14:36:54Z,Сдаю квартиру,Сдаю квартиру . Без животных.,687.73,2000.0,False,https://re.kufar.by/vi/1079431209,50,78.0,36.0,12.0,4,1,4.0,9.0,2,2011.0,24,27.711724,53.941829,"Водолажского ул, 21А, Минск",Наташа,2.0
1056904024,2026-08-02T14:33:30Z,Двухуровневая квартира,"Редкий формат жилья для тех, кто не привык к компромиссам. Уникальная двух-уровненная  квартира с панорамным видом на парк Павлова, где пространство,",1500.0,4362.15,False,https://re.kufar.by/vi/1056904024,,132.0,90.0,15.0,4,10,15.0,16.0,10,2015.0,29,27.4788,53.855967,"Дзержинского пр, 115, Минск",Анна,5.0
1079430311,2026-08-02T14:26:22Z,2-х комнатная квартира в центре Минска,"Двух комнатная квартира в центре. Элитный дом, паркинг, шлагбаум.",699.0,2032.76,False,https://re.kufar.by/vi/1079430311,,65.0,45.0,16.0,3,5,2.0,,3,1999.0,28,27.547377,53.885384,"Могилёвская ул, 18, Минск",Александр,4.0
1079429744,2026-08-02T14:19:43Z,"уютная 1-комнатная квартира возле метро «Уручье» (ул. Руссиянова, 3/2)","Сдается светлая, чистая и ухоженная квартира в одном из самых удобных районов Минска.
Преимущества квартиры:
* просторная жилая комната с удобной кров",378.25,1100.0,False,https://re.kufar.by/vi/1079429744,280,33.0,16.0,7.0,1,1,6.0,9.0,1,1988.0,24,27.684541,53.940372,"Руссиянова ул, 3к2, Минск",Ольга,
1079427649,2026-08-02T13:55:54Z,Долгосрочная аренда квартиры,"Сдается на длительный срок (от 1 года) уютная, светлая и теплая 2-хкомнатная квартира в центре города на проспекте Победителей д.53/1. Дом 1985 года п",532.99,1550.0,False,https://re.kufar.by/vi/1079427649,,50.1,28.7,7.5,3,1,8.0,12.0,3,1985.0,22,27.52977,53.91942,"Победителей пр, 53к1, Минск",Владимир,
1079426691,2026-08-02T13:45:46Z,Квартира,"Прекрасная квартира сдается на длительный срок. Метро , магазины, все в шаговой доступности. Без животных, Без регистрации.",600.0,1744.86,False,https://re.kufar.by/vi/1079426691,170,40.0,38.0,,3,,17.0,25.0,,,28,27.543371,53.867278,"Игоря Лученка ул, 13, Минск",Анна,
1079425706,2026-08-02T13:34:52Z,"Аренда 3-к квартиры 73,3 м2","Сдаётся на длительный срок просторная трёхкомнатная квартира общей площадью 73,3 кв.м. с хорошим ремонтом в микрорайоне Лошица 2. Окна выходят на юг и",722.12,2100.0,False,https://re.kufar.by/vi/1079425706,145,77.8,40.7,10.4,4,5,7.0,9.0,4,2002.0,27,27.584208,53.835409,"Прушинских ул, 24, Минск",Наталия,3.0
1079424934,2026-08-02T13:27:15Z,Однокомнатная квартира,"Сдаётся чистая ухоженная квартира на длительный срок, только звонить",618.96,1800.0,False,https://re.kufar.by/vi/1079424934,,45.0,,9.0,1,5,11.0,19.0,,2014.0,27,27.56311451658133,53.86030196685386,"Балтийская ул, 8, Минск",пользователь,1.0
1074490135,2026-08-02T13:23:27Z,Евродвушка с лоджией 5 м,"Квартира свабодна с 11 августа 2026.
В квартире:
Кондиционер
Фильтр с обогощением воды минералами
Посудомоечная машина, индукционная варочная панель.",730.0,2122.91,False,https://re.kufar.by/vi/1074490135,,45.0,39.2,4.0,3,5,3.0,,,2021.0,24,27.624444,53.924187,"Макаёнка ул, 12Д, Минск",Анастасия,3.0
1079419114,2026-08-02T12:50:39Z,3-х комнатная квартира на Азгура в аренду,"Квартира в центре Минска рядом с парком Горького (2мин. пешком). Интернет подключает Арендатор по нужному ему тарифу.
Квартплата (в т.ч. охрана) - Аре",567.38,1650.0,False,https://re.kufar.by/vi/1079419114,200,68.0,41.0,8.0,4,1,8.0,9.0,3,1986.0,25,27.580498,53.900618,"Азгура ул, 3, Минск",Александр,6.0
1079415277,2026-08-02T12:24:25Z,Сдам квартиру 1-комнатную на долгий срок,"Сдается квартира в шаговой доступности от метро «Партизанская» (красная ветка). 
Развитая инфраструктура: ТЦ «Prizma», продуктовые и бытовые магазины",429.83,1250.0,False,https://re.kufar.by/vi/1079415277,,31.0,18.0,,2,1,1.0,5.0,,,26,27.620446,53.872672,"Народная ул, 28, Минск",Дарья,
1065499424,2026-08-02T12:16:55Z,Сдаётся 4к квартира у метро Ковальская Слобода с дизайнерским ремонтом,"ВОЗМОЖНА РЕГИСТРАЦИЯ ИНОСТРАННЫХ ГРАЖДАН. Сдается великолепная, просторная квартира 90.7 кв.м. в тихом центре рядом со станцией метро Ковальская Слобо",1140.0,3315.23,False,https://re.kufar.by/vi/1065499424,,90.7,60.7,9.3,3,5,2.0,10.0,1,2000.0,28,27.550845,53.878288,"Жуковского ул, 29, Минск",Alla,5.0
1079412754,2026-08-02T12:07:54Z,Аренда квартиры,"Квартира в новостройке с хорошим ремонтом возле метро. Вся инфраструктура в шаговой доступности, школа, сад, магазины, кафе. Вход в метро возле дома.",515.8,1500.0,False,https://re.kufar.by/vi/1079412754,30,42.0,36.0,,3,5,6.0,14.0,10,,29,27.475934,53.848154,"Дзержинского пр, 123, Минск",Senya,2.0
1079410298,2026-08-02T11:43:04Z,"Первое заселение после косметического ремонта. 2-комнатная квартира, Великий Лес","Сдается на длительный срок аккуратная 2-комнатная квартира площадью 46,9 м² на 3 этаже 5-этажного дома.

Первое заселение после косметического ремонта",512.36,1490.0,False,https://re.kufar.by/vi/1079410298,50,46.9,27.1,9.3,3,1,3.0,5.0,1,1983.0,24,27.711392,53.943726,"Садовая ул, 4, Минск",Наталья,3.0
216017094,2026-08-02T11:26:18Z,СДАЮ квартиру на время сессии с 13 июля,"Квартира свободна с 10 сентября.
Компаниям не сдаю.
Сдаю квартиру заочникам,  командировочным,на время сессии, повышение квалификации, гостям столицы.",508.92,1480.0,False,https://re.kufar.by/vi/216017094,170,30.0,,,3,5,4.0,22.0,2,2021.0,28,27.551806,53.868722,"Братская ул, 12, Минск",Светлана,2.0
1079408718,2026-08-02T11:25:48Z,Квартира,"Сдается квартира в Уручье, 15 минут от метро. Рядом магазин, школа, садик. Без животных. Коммунальные платежи в стоимость не входят.",412.64,1200.0,False,https://re.kufar.by/vi/1079408718,50,48.0,,,2,5,1.0,5.0,3,,24,27.705562,53.943461,"Пономарёва ул, 12, Минск",Наталья,2.0
1079406170,2026-08-02T10:57:13Z,Аренда 1к квартиры ст.м. Ковальская слобода,"В долгосрочную аренду сдается однокомнатная светлая, просторная квартира со свежим ремонтом, со всем необходимым для жизни. В квартире очень просторно",450.0,1308.65,False,https://re.kufar.by/vi/1079406170,,43.0,22.0,11.0,3,5,2.0,10.0,1,2010.0,28,27.552534,53.878007,"Воронянского ул, 21, Минск",Тамара,
1077022316,2026-08-02T10:32:51Z,"Квартира 3 к , и своей стоянкой","Hello ! I m good speak English and if u from another country , very best , help u with registration and another all !!!…….just call me I m all explain",730.0,2122.91,False,https://re.kufar.by/vi/1077022316,,65.0,45.0,15.0,1,5,,,3,2005.0,26,27.621255,53.863906,"Васнецова ул, 34к5, Минск",Елена,3.0
1079304179,2026-08-02T10:32:25Z,"Сдам 1-комнатную квартиру на есенина 36, с 28.08","Сдается аккуратная 1-комнатная квартира возле метро малиновка с 28.08
1400 белорусских рублей",447.03,1300.0,False,https://re.kufar.by/vi/1079304179,,45.0,22.0,12.8,1,1,8.0,15.0,10,2012.0,29,27.454285,53.851352,"Сергея Есенина ул, 36, Минск",Татьяна,
1079403332,2026-08-02T10:30:19Z,Сдам 3-комнатную квартиру,"Сдается 3-х комнатная квартира на длительный срок в Лошице. Сдается впервые, длительное время никто не проживал. Готова к проживанию. Рядом школа, дет",550.0,1599.46,False,https://re.kufar.by/vi/1079403332,145,76.9,47.4,12.0,3,1,7.0,9.0,1,2006.0,27,27.568155,53.841339,"Иосифа Гошкевича ул, 4, Минск",елена,5.0
1079403050,2026-08-02T10:27:03Z,Однокомнатная квартира на длительный срок,Уютная однокомнатная квартира на длительный срок для сдачи без животных,429.83,1250.0,False,https://re.kufar.by/vi/1079403050,65,49.1,,10.0,1,1,4.0,9.0,1,2009.0,30,27.446083,53.918137,"Матусевича ул, 78, Минск",Надежда,2.0
1079399200,2026-08-02T09:44:34Z,Квартира двухкомнатная,"Добрый день, сдам новую после капитального ремонта квартиру. Первое заселение, вся мебель новая. Пожалуйста, звоните по номеру телефона. Василий",0.0,0.0,False,https://re.kufar.by/vi/1079399200,100,52.0,,,1,5,8.0,9.0,1,1978.0,24,27.628536799751114,53.95693567751217,"Тикоцкого ул, 10, Минск",Василий,
1079397000,2026-08-02T09:19:02Z,Сдам 1-комнатную квартиру,"Сдаётся 1-комнатная квартира на 2-ом этаже 19-этажного дома. Площадь 45,3 м².
10 минут пешком до станции метро Грушевка.
По договору на год с дальнейш",600.0,1744.86,False,https://re.kufar.by/vi/1079397000,55,45.3,18.0,9.5,3,1,2.0,19.0,1,2013.0,29,27.521847,53.883304,"Разинская ул, 62, Минск",Виктория,
1079396951,2026-08-02T09:18:25Z,Сдача квартиры,"Сдаётся новая уютная квартира-студия на 20 этаже с прекрасным видом. Одному человеку женского пола, порядочной и платежеспособной девушке на длительны",550.19,1600.0,False,https://re.kufar.by/vi/1079396951,170,30.0,27.0,,1,10,20.0,21.0,,2023.0,28,27.534927,53.869136,"Леонида Левина ул, 1, Минск",Наталия,2.0
1079395844,2026-08-02T09:05:23Z,Аренда 2-х комнатной квартиры,"к аренде доступна уютна и комфортная для проживания квартира, в новом каркасно-блочном доме, ЖК Дубравенский. Первая сдача. Ремонт выполнен с учетом у",722.12,2100.0,False,https://re.kufar.by/vi/1079395844,,50.1,38.0,,1,10,16.0,21.0,10,2025.0,29,27.511265,53.875406,"Кузьмы Минина ул, 6, Минск",Татьяна,4.0
1079394660,2026-08-02T08:50:59Z,Сдам,"Хорошая, светлая квартира",343.87,1000.0,False,https://re.kufar.by/vi/1079394660,320,36.4,17.6,9.3,3,1,2.0,12.0,3,1990.0,29,27.463212751833368,53.86441015847705,"Газеты Звязда пр, 26, Минск",Людмила,3.0
1079394241,2026-08-02T08:45:31Z,Аренда 2-комнатной квартиры у метро ''Московская'',"Сдаю на длительный срок светлую и уютную 2-комнатную квартиру в обжитом, спокойном районе Минска, буквально в паре минут от станции метро ""Московская""",618.96,1800.0,False,https://re.kufar.by/vi/1079394241,,42.0,30.0,6.0,1,1,4.0,4.0,1,1962.0,24,27.618578,53.934101,"Волгоградская ул, 25, Минск",Ольга,
1078584232,2026-08-02T08:43:17Z,Отличная однокомнатная квартира,"Большая, чистая, светлая квартира. 10 минут пешком до метро,  в 50 метрах огромный парк Челюскинцев и ботанический сад. В квартире есть все необходимо",650.0,1890.27,False,https://re.kufar.by/vi/1078584232,,45.0,37.0,11.0,3,5,16.0,19.0,1,2017.0,24,27.62536,53.921679,"Макаёнка ул, 12А, Минск",Руслан Туйчин,2.0
1072411204,2026-08-02T08:33:28Z,Сдам квартиру,"Сдам квартиру напротив Левады. Есть частично  мебель, холодильник, стиральная машина. Возможно дополнительно приобретение мебели по согласованию с аре",600.0,1744.86,False,https://re.kufar.by/vi/1072411204,,80.0,,12.0,4,1,4.0,9.0,,,22,27.536427,53.936863,"Стадионная ул, Минск",Янина,4.0
1079390865,2026-08-02T08:05:19Z,2-комнатная квартира на длительный срок,"Сдаётся по договору на длительный срок 2х комнатная чистая уютная квартира с обычным ремонтом, евроокна. В квартире есть мебель, холодильник, стиральн",361.06,1050.0,False,https://re.kufar.by/vi/1079390865,,45.0,,,2,1,1.0,5.0,,,26,27.632241,53.872295,"Филатова ул, 6, Минск",Михаил,
1079390673,2026-08-02T08:02:36Z,"3-комнатная квартира, Скрыганова 4А Первая сдача","Сдается светлая, просторная и полностью укомплектованная 3-комнатная квартира в Минске.  Ремонт выполнен в современном стиле с использованием качестве",1200.0,3489.72,False,https://re.kufar.by/vi/1079390673,110,96.0,,,1,10,5.0,10.0,,2010.0,30,27.518065,53.910675,"Скрыганова ул, 4А, Минск",Кристина,1.0
1079387326,2026-08-02T07:58:15Z,Квартира-студия/бизнес-апартаменты,"Сдается на длительный срок квартира-студия/бизнес-апартаменты. Если Вы понимаете толк в строительстве, можно сделать ремонт для себя и использовать ка",235.0,683.4,False,https://re.kufar.by/vi/1079387326,170,25.0,,,,,9.0,16.0,,2026.0,28,27.543883,53.862945,"Михаила Савицкого ул, 27, Минск",Татьяна,
1079384479,2026-08-02T07:28:31Z,Квартира евродвушка 45м2 рядом с районом Маяк Минск,"Первое заселение. Сдается на длительный срок евродвушка . 12 этаж , красивый панорамный вид на сосновый лес. Тихий двор, огороженная территория. Рядом",800.0,2326.48,False,https://re.kufar.by/vi/1079384479,255,45.0,35.0,,3,5,12.0,14.0,10,2025.0,25,27.661041,53.922385,"Подлесная ул, 4, Минск",Ольга,2.0
1079383790,2026-08-02T07:22:12Z,Квартира,Можно как однокомнатную. Аккуратная квартира с красивым видом из окна. Есть все для комфортного проживания. Рядом ТЦ Замок.,550.0,1599.46,False,https://re.kufar.by/vi/1079383790,40,50.0,30.0,7.0,3,1,6.0,15.0,3,2000.0,22,27.510133,53.929908,"Победителей пр, 73к1, Минск",Татьяна,2.0
1079357308,2026-08-02T05:44:26Z,Однокомнатная квартира в ЖК Левада,Однокомнатная квартира в ЖК Левада. Без мебели. Строительная отделка.,500.0,1454.05,False,https://re.kufar.by/vi/1079357308,,43.0,20.0,9.0,1,15,2.0,,10,2020.0,22,27.534235,53.935289,"Нововиленская ул, 41, Минск",Вероника,2.0
1079349221,2026-08-02T05:39:41Z,квартира в аренду,Отличная оборудованная всем необходимым квартира с очень красивым видом на озеро.,1100.37,3200.0,False,https://re.kufar.by/vi/1079349221,,63.2,57.0,,3,5,4.0,15.0,2,2015.0,22,27.464031,53.942036,"Победителей пр, 133, Минск",Инна,
1078882653,2026-08-02T05:13:43Z,Квартира,Сдается квартира с 1.08 на длительный срок. Квартира находится в престижном районе «Лебяжий» евроремонт укомплектована необходимой техникой. Всегда св,850.0,2471.89,True,https://re.kufar.by/vi/1078882653,,66.0,,,3,5,7.0,9.0,2,2023.0,22,27.467786,53.937764,"Мястровская ул, 19, Минск",ИП Зимонова Алла Леонидовна,2.0
1078753977,2026-08-02T04:22:39Z,Аренда,"Сдается в долгосрочную аренду с 1 августа  светлая, уютная 2-х комнатная квартира аккуратным и порядочным людям в современном доме, 500 метров от метр",600.0,1744.86,False,https://re.kufar.by/vi/1078753977,55,49.2,36.9,23.9,3,5,15.0,18.0,4,2019.0,29,27.52023,53.88238,"Щорса ул, 4А, Минск",Татьяна,3.0
1079346200,2026-08-01T19:58:33Z,Сдается квартира рядом с метро,"Квартира со всей необходимой мебелью и техникой. Метро в шаговой доступности - 7-10 минут. Рядом ТЦ Green City, парк Уго Чавеса, поликлиника в соседне",498.61,1450.0,False,https://re.kufar.by/vi/1079346200,130,35.0,17.0,,3,5,7.0,9.0,,,30,27.438192730163447,53.91449594299285,"микрорайон Кунцевщина, Минск",Александр,
1075063769,2026-08-01T19:23:23Z,Сдается 3х комнатная квартира с машиноместом,"Сдается уютная светлая 3х комнатная квартира на длительный срок с машиноместом в крытом паркинге под домом.
Две комнаты отдельные, из зала вход в кухн",864.15,2513.02,False,https://re.kufar.by/vi/1075063769,80,96.0,,,1,5,9.0,9.0,10,2008.0,30,27.45998255731178,53.906109060242876,"Тимошенко ул, 8, Минск",Алина,4.0
1079342504,2026-08-01T18:38:31Z,Квартира в долгосрочную аренду,"Сдается 2-х комнатная квартира в районе 5-ой больницы. До метро Партизанская 8-10мин. пешком. Район тихий, спокойный. 5 этаж 5-ти этажного дома, лифта",550.0,1599.46,False,https://re.kufar.by/vi/1079342504,,44.0,26.0,5.0,1,1,5.0,,3,,26,27.636434155435555,53.871496446006795,"Народная ул, 53к2, Минск",Наталья,4.0
1048383219,2026-08-01T18:15:30Z,"Квартира, 2 комн., 50 м², этаж 7 из 16","Квартира сдается на длительный срок, без домашних животных. 
Оборудована мебелью и бытовой техникой. Ремонт новый. 
Отличное расположение дома- в шаго",970.0,2820.86,False,https://re.kufar.by/vi/1048383219,90,50.0,13.0,,1,5,7.0,16.0,,2012.0,22,27.539912,53.911556,"Победителей пр, 27, Минск",Анна,2.0
1079336550,2026-08-01T16:59:11Z,Сдается квартира Парк Челюскинцев,"Сдается на длительный срок ,уютная квартира с свежим ремонтом,5минт ходьбы до метро развитая инфраструктура ,дом после капитального ремонта 2026г",500.0,1454.05,False,https://re.kufar.by/vi/1079336550,,33.0,19.0,6.0,2,1,1.0,5.0,1,1964.0,24,27.613579542638636,53.929132061934574,"Кедышко ул, 3, Минск",Андрей,2.0
1074517637,2026-08-01T16:51:58Z,Сдаю квартиру на длительный срок,"Сдаю квартиру (Лебяжий район). Возможно проживание только без домашних животных. Полноценная двухкомнатная квартира, общая площадь 55м.кв., имеется вс",650.0,1890.27,False,https://re.kufar.by/vi/1074517637,,55.0,,,1,10,3.0,25.0,,2018.0,22,27.463800022498706,53.94035366875404,"Мястровская ул, 28, Минск",Светлана,2.0
1079333665,2026-08-01T16:50:48Z,"Аренда 3-комнатной квартиры, Плеханова 38","Уютная трехкомнатная квартира для комфортной жизни на Плеханова, 38

Сдаётся на длительный срок в светлую и просторную квартиру. Здесь всё продумано д",700.0,2035.67,True,https://re.kufar.by/vi/1079333665,230,61.87,46.32,6.21,1,,1.0,5.0,1,1972.0,27,27.609793,53.866154,"Плеханова ул, 38, Минск",ООО Центр недвижимости ГАЛАКТИКА,
1079333520,2026-08-01T16:48:49Z,Сдам квартиру,"Предлагаем квартиру на ул. Казинца, д. 37 — отличный вариант для комфортного проживания. Локация радует развитой инфраструктурой: рядом есть магазины,",450.0,1308.65,False,https://re.kufar.by/vi/1079333520,135,30.0,,,2,1,,,,,28,27.516574,53.856519,"Казинца ул, 37, Минск",Катя,2.0
1079333060,2026-08-01T16:41:22Z,1-комн. квартира пл.Бангалор,Сдается 1-комнатная квартира в центре города гражданам РБ по договору найма. Без животных. Оплата в день заключения договора плюс залог. Зарегистриров,464.22,1350.0,False,https://re.kufar.by/vi/1079333060,,33.0,17.3,8.3,3,5,9.0,9.0,1,1983.0,23,27.58128,53.932076,"Сурганова ул, 86, Минск",Александр,1.0
1074197851,2026-08-01T16:29:23Z,Сдаю 1-комнатную квартиру на пр. Победителей 125,"Сдается на длительный срок, от года, 1-комнатная квартира на пр. Победителей 125. 5 этаж. Окна во двор, южная сторона. Отличный ремонт, есть вся необх",550.0,1599.46,False,https://re.kufar.by/vi/1074197851,,41.0,20.0,10.0,3,10,5.0,12.0,10,2014.0,22,27.468559,53.939338,"Победителей пр, 125, Минск",Олеся,
1079330659,2026-08-01T16:24:45Z,Аренда 2к квартира,"Сдаётся 2к квартира по адресу г. Минск,  ул. Космонавтов 18. Московский район.  

Квартира сдаётся со всем необходимым для комфортного проживания (сти",684.3,1990.0,False,https://re.kufar.by/vi/1079330659,,60.0,35.0,13.0,3,10,7.0,9.0,1,2013.0,29,27.465271,53.853455,"Космонавтов ул, 18, Минск",Элина,3.0
1079328078,2026-08-01T16:00:33Z,Сдается в аренду квартира-студия,"Предлагается в долгосрочную аренду уютная, полностью оборудованная квартира-студия с современным ремонтом в спокойном и удобном районе. 

Новый соврем",400.0,1163.24,False,https://re.kufar.by/vi/1079328078,170,30.0,,,3,5,11.0,24.0,,2021.0,28,27.530534,53.869147,"Михаила Савицкого ул, 3, Минск",Gena,1.0
1079327873,2026-08-01T15:57:08Z,Сдам на длительный срок,"Сдам на длительный срок 3-х комнатную квартиру, все комнаты отдельные, 4 этаж 9-этажного дома. В квартире произведен качественный ремонт. Деревянные с",750.0,2181.08,False,https://re.kufar.by/vi/1079327873,320,63.2,43.4,7.2,3,5,4.0,9.0,1,1990.0,29,27.47685,53.864734,"Голубева ул, 7, Минск",вадим,3.0
1079327577,2026-08-01T15:54:50Z,Длительная аренда,"Иностранцам не  сдаю!

В квартире есть абсолютно Все для комфортной жизни 
2х спальная кровать , раскладывающийся диван , холодильник, микроволновка,",601.77,1750.0,False,https://re.kufar.by/vi/1079327577,,42.0,30.0,,3,5,9.0,18.0,5,2021.0,22,27.468784,53.935893,"Ильянская ул, 18, Минск",Александра,2.0
1079327520,2026-08-01T15:53:49Z,2х комнатная квартира в центре на долгий срок ЮЛ ФЛ,"Условно без мебели. Коммунальная по экономически обоснованному тарифу, налоги возмещаются сверх арендной платы. По всем вопросам звонить.",400.0,1163.24,False,https://re.kufar.by/vi/1079327520,,45.0,30.0,6.0,1,1,2.0,5.0,1,1962.0,30,27.513403,53.908729,"Кальварийская ул, 48, Минск",Андрей,2.0
1079326868,2026-08-01T15:47:24Z,Квартира 3 комнатная Собственник,"Сдам 3 комнатную квартиру аккуратная, хорошее транспортное сообщение, СДАЕТСЯ ТОЛЬКО ГРАЖДАНАМ РБ! Сдает Собственник по договору. Агентствам просьба н",500.0,1454.05,False,https://re.kufar.by/vi/1079326868,230,70.0,60.0,8.0,4,1,1.0,,1,,27,27.606208,53.858989,"Рокоссовского пр, 100, Минск",Высылаю,3.0
1079326213,2026-08-01T15:34:08Z,аренда квартиры,Сдается с 9го августа (первые просмотры планируются 7-8 августа) на длительный срок(не менее 1года) невероятно уютная большая светлая 2х-комнатная ква,520.0,1512.21,False,https://re.kufar.by/vi/1079326213,,68.0,60.0,13.0,3,,9.0,19.0,,2014.0,24,27.697216,53.927072,"Франциска Скорины ул, 39А, Минск",Ольга,
1079325722,2026-08-01T15:26:31Z,Аренда квартиры,"Сдаётся новая квартира в новостройке. Без комиссии!

Квартира сдается впервые, идеально чистая, после застройщика с полной отделкой.

Бытовая техника",550.0,1599.46,False,https://re.kufar.by/vi/1079325722,170,32.0,26.5,,1,5,9.0,13.0,2,2026.0,28,27.539885,53.865037,"Михаила Савицкого ул, 23, Минск",Алла,2.0
1079325647,2026-08-01T15:25:38Z,"сдается ''евродвушка'' Белградская,6","Сдается хорошая, уютная квартира на долгосрочный период.

 ""Евро двушка""

При заселении залог за имущество в размере ежемесячного платежа (возвращаетс",520.0,1512.21,True,https://re.kufar.by/vi/1079325647,170,38.0,27.0,,1,5,8.0,25.0,2,,28,27.541206,53.869693,"Белградская ул, 6, Минск",ООО Альфа-риэлт,2.0
1078809157,2026-08-01T15:12:33Z,Сдается однокомнатная квартира,Сдается однокомнатная квартира на длительный срок.,498.61,1450.0,False,https://re.kufar.by/vi/1078809157,80,40.0,18.0,9.5,1,5,8.0,10.0,1,2016.0,30,27.459756,53.894336,"2-й переулок Тимошенко, 3, Минск",Наталья,2.0
1079321590,2026-08-01T14:28:59Z,Квартира евро двушка Минск-Мир,"Сдам по договору с 1 го СЕНТЯБРЯ на длительный срок новую 2-х комнатную квартиру. Новый дизайнерский ремонт, новая мебель и техника (СВЧ, холодильник,",600.0,1744.86,False,https://re.kufar.by/vi/1079321590,170,39.0,,,1,5,15.0,,,,28,27.55619,53.865265,"Николы Теслы ул, 30, Минск",",юлия",
1079321569,2026-08-01T14:28:34Z,Сдаётся двухкомнатная квартира ул. Лынькова,"Сдаётся двухкомн квартира с мебелью после ремонта в районе Масюковщина  ( ул Лынькова  ).Недалеко Минск арена, рынок Ждановичи, хорошее транспортное с",412.64,1200.0,False,https://re.kufar.by/vi/1079321569,160,48.0,30.0,7.0,1,,4.0,5.0,,,30,27.475476,53.927342,"Михася Лынькова ул, 67, Минск",Ирина,2.0
1079320356,2026-08-01T14:13:04Z,Квартира двухкомнатная,"Светлая чистая двухкомнатная квартира. Сдается только на длительный срок. Новый ремонт, несколько шкафов, большой угловой диван, телевизор, кровать с",600.0,1744.86,False,https://re.kufar.by/vi/1079320356,135,50.0,30.0,7.2,1,5,4.0,9.0,1,1977.0,28,27.527819499757133,53.845045544389194,"переулок Корженевского, 6, Минск",Наталья,
1079318836,2026-08-01T13:55:25Z,Аренда однокомнатной квартиры,"Сдаётся уютная 1‑комнатная квартира с евроремонтом — идеальный вариант для одного человека или пары. Квартира сдаётся впервые — всё свежее, чистое, го",450.0,1308.65,False,https://re.kufar.by/vi/1079318836,170,29.2,24.6,,3,5,10.0,25.0,1,,28,27.555094,53.86251,"Игоря Лученка ул, 31, Минск",Соня,
1077379205,2026-08-01T13:35:06Z,Аренда  квартиры на длительный срок,Абсолютно новая квартира! Первое заселение! Премиальный ремонт. Евродвушка в двух минутах от си.м Грушевка. Для пары или девушки/ парня без детей и жи,750.0,2181.08,False,https://re.kufar.by/vi/1077379205,,50.3,47.6,,1,10,10.0,19.0,2,2024.0,29,27.511274,53.886026,"Дзержинского пр, 32, Минск",Дина,4.0
1079316001,2026-08-01T13:24:53Z,Сдам 2-ю квартиру,"Сдам 2-ю квартру на  длительный срок по адресу ул. Калинина 8, 2- й этаж кирпичного дома. Квартира укомплектована всем необходимым для вашего комфортн",600.0,1744.86,False,https://re.kufar.by/vi/1079316001,,41.2,24.0,8.0,1,5,2.0,4.0,3,1965.0,24,27.607753,53.925322,"Калинина ул, 8, Минск",Инга,4.0
1073352726,2026-08-01T13:06:29Z,Квартира в аренду в таунхаусе. Собственник.,"Квартира в таунхаусе (одна на этаже).
1-ый высокий этаж. Своя огороженная территория.
3 комнаты, 2 санузла, лоджия. Индивидуальное отопление, теплые п",790.89,2300.0,False,https://re.kufar.by/vi/1073352726,,100.0,,,3,1,,,,2010.0,22,27.562496,53.940557,"Гая ул, 86, Минск",Виктор,
1079310677,2026-08-01T12:47:53Z,Однокомнатная квартира в аренду,Сдам в аренду на длительный срок квартиру в пяти минутах ходьбы от метро Могилёвская. Квартира после ремонта в суперотличном состоянии! Есть вся необх,412.64,1200.0,False,https://re.kufar.by/vi/1079310677,10,33.0,17.0,7.0,3,5,6.0,9.0,1,1982.0,26,27.685305,53.865228,"Байкальская ул, 62к1, Минск",Андрей,2.0
1079309568,2026-08-01T12:37:54Z,Сдам квартиру на длительный срок,"Предлагается в аренду, на длительный срок благоустроенная квартира в спальном районе. 
Квартира теплая и светлая, окна выходят во двор, недавно замене",500.0,1454.05,False,https://re.kufar.by/vi/1079309568,265,50.4,29.4,9.0,3,1,7.0,12.0,1,2000.0,30,27.420248,53.886621,"Сухаревская ул, 41, Минск",Инна,2.0
1056075927,2026-08-01T12:33:43Z,"Квартира 1-комн(48кв.м),полн.комплектация, центр, метро Московская.","1-к квартира,собственник, центр, метро Московская, полная комплектация.
На телефонный звонок отвечу быстро, сообщение могу увидеть не сразу.",500.0,1454.05,False,https://re.kufar.by/vi/1056075927,240,48.0,28.0,12.0,3,5,9.0,14.0,10,2014.0,25,27.635096042589428,53.911132622991424,"Филимонова ул, 14, Минск",Сергей,3.0
1079305911,2026-08-01T12:19:52Z,Светлая и просторная 3к-квартира (м.Грушевка),"Светлая и просторная трехкомнатная квартира на длительный срок для порядочной семьи без животных. 

Удобная транспортная развязка и инфраструктура Гру",800.0,2326.48,False,https://re.kufar.by/vi/1079305911,55,85.7,78.3,13.1,4,5,7.0,19.0,1,2013.0,29,27.521757,53.883001,"Разинская ул, 64, Минск",Анна,
1079304291,2026-08-01T12:02:10Z,2- комнатная квартира,"Сдается 2-комнатная квартира с мебелью по договору аренды официально на срок от полугода платёжеспособным гражданам РБ.

В самом центре Серебрянки, пе",481.41,1400.0,False,https://re.kufar.by/vi/1079304291,230,57.6,31.1,9.5,3,1,13.0,15.0,1,2003.0,27,27.601365049005633,53.86320584262955,"Плеханова ул, 48, Минск",Олег,
1078036880,2026-08-01T11:54:57Z,Сдам квартиру,"Сдам квартиру на длительный срок
Вся информация по телефону",412.64,1200.0,False,https://re.kufar.by/vi/1078036880,100,32.4,,,1,1,4.0,5.0,1,,24,27.619539,53.950186,"Калиновского ул, 5, Минск",Анастасия,
1079303156,2026-08-01T11:50:52Z,Квартира,"Сдаю квартиру в долгосрочную аренду. Оплата за первый ( + последний месяц) . Далее оплата помесячно. Коммунальные платежи не большие , прописан 1 чело",450.0,1308.65,False,https://re.kufar.by/vi/1079303156,175,51.0,25.0,12.0,3,5,12.0,18.0,10,2015.0,29,27.475072,53.874811,"Михаловская ул, Минск",Виктор,1.0
1079301719,2026-08-01T11:33:46Z,Сдам 2-к квартиру на длительный срок. Без животных.,"Уютная квартира с актуальным ремонтом. Без животных. Длительный срок по договору. Аванс за месяц + залог в размере 2-х месячных оплат.

5 этаж. Лифта",440.0,1279.56,False,https://re.kufar.by/vi/1079301719,305,38.7,23.7,6.2,1,10,5.0,5.0,10,1967.0,26,27.624578,53.836036,"Уборевича ул, 136, Минск",Валерия,2.0
1079301108,2026-08-01T11:26:50Z,Сдаётся евродвушка на длительный срок возле метро с 1 сентября,"С 1 сентября. Светлая и просторная квартира на 24 этаже современного жилого комплекса Минск Мир.
Только гражданам Беларуси, без животных, птиц и други",600.0,1744.86,False,https://re.kufar.by/vi/1079301108,170,34.4,30.1,,3,5,24.0,25.0,10,2021.0,28,27.541098,53.868186,"Игоря Лученка ул, 9, Минск",kru7,4.0
1079300837,2026-08-01T11:25:20Z,Сдаю 2-ух комнатную уютную квартиру с новым ремонтом.,"Сдаётся впервые после ремонта уютная двухкомнатная квартира по адресу: ул. Гамарника, 24 (Зелёный Луг)

Светлая, чистая и уютная двухкомнатная квартир",700.0,2035.67,False,https://re.kufar.by/vi/1079300837,100,46.0,31.0,8.3,3,1,5.0,9.0,1,,23,27.609756,53.958213,"Гамарника ул, 24, Минск",Ия,5.0
1077870313,2026-08-01T11:21:13Z,Современная квартира - ЖК Минск-Мир,"Сдается уютная 2-комнатная квартира по адресу ул. И.Лученка, 26 - ЖК «Минск-Мир». Площадь 48 м2.

Современный продуманный интерьер для комфортной жизн",747.91,2175.0,True,https://re.kufar.by/vi/1077870313,170,47.8,41.6,,3,5,25.0,25.0,,2022.0,28,27.550027,53.862977,"Игоря Лученка ул, 26, Минск",Бюро Городской Недвижимости,
1078254952,2026-08-01T11:05:30Z,"Снять 2-комнатную квартиру, Минск, Любимова","Сдается 2-комнатная квартира в спальном микрорайоне Юго-Запад-3. Удобная планировка, чешский проект, просторный коридор с трехметровым шкафом-купе, кл",378.25,1100.0,True,https://re.kufar.by/vi/1078254952,320,55.0,29.0,9.0,1,1,10.0,12.0,1,1991.0,29,27.456746,53.861925,"Любимова пр, 21, Минск",ООО Партнер для всех,
1077737584,2026-08-01T10:42:13Z,Аренда длительно,"В этом же доме находятся: Гастроном, кафе, два ресторана , ресторан Лидо, парикмахерская, бильярд, йога, сауна, бассейн, фитнес, тренажёрный зал и это",859.67,2500.0,False,https://re.kufar.by/vi/1077737584,,53.0,32.0,8.0,2,10,1.0,,3,1962.0,23,27.588114688465,53.91832467664701,"Независимости пр, 53, Минск",юрий,2.0
1079296264,2026-08-01T10:33:29Z,"Сдам 2к квартиру, Алибегова","Отличная квартира, большая, возле зеленой зоны с экотропами. В квартире есть все необходимое для жизни. Рядом школы, детские сады, магазины, рынок пол",625.0,1817.56,False,https://re.kufar.by/vi/1079296264,320,60.4,33.2,12.6,1,5,7.0,7.0,3,2007.0,29,27.482034,53.873787,"Алибегова ул, 8к2, Минск",Владимир,4.0
1079295493,2026-08-01T10:23:33Z,Аренда квартиры,Квартира первый раз сдается. Дизайнерский ремонт. Отдельное спальное место кровать 140*200. Диван раскладной. Вся бытовая техника. Посудомойка Тв. Хол,550.19,1600.0,True,https://re.kufar.by/vi/1079295493,170,33.0,25.0,6.0,2,10,2.0,13.0,2,2025.0,28,27.541323,53.866821,"Игоря Лученка ул, 16, Минск",ООО Круф-авто,4.0
1079294422,2026-08-01T10:10:15Z,Сдам квартиру-студию на длительный срок,"Сдам квартиру-студию на длительный срок по договору с 01.09.2026 г.В квартире имеется все необходимое для Вашего комфортного проживания.Новый дом, хор",500.0,1454.05,False,https://re.kufar.by/vi/1079294422,170,33.0,,,3,5,20.0,21.0,2,2025.0,28,27.55468,53.864272,"Жореса Алфёрова ул, 3, Минск",Екатерина,
1076707415,2026-08-01T09:35:18Z,"Квартира 71 кв.м. метро Грушевка, торг возможен","Уютная 2-комнатная квартира 71 кв. м. сдаётся на длительный срок. Не шумно от догроги.
Помещения:
Большой зал с застекленным балконом
Спальня
Кухня с",605.21,1760.0,False,https://re.kufar.by/vi/1076707415,55,71.0,,,3,5,,,2,2005.0,29,27.514409,53.881924,"Грушевская ул, Минск",Ирина,4.0
1033589170,2026-08-01T09:31:20Z,"Однокомнатная квартира от 1 месяца, недели","Сдам от одного месяца. В квартире есть все необходимое для проживания: мебель, посудом машина, посуда, стиральная машина, бойлер, кровать, ортопед.мат",633.71,1842.88,False,https://re.kufar.by/vi/1033589170,,47.0,,,1,5,8.0,16.0,,2008.0,30,27.420364,53.890755,"Скрипникова ул, 11, Минск",Андрей,2.0
1079288317,2026-08-01T08:57:36Z,Аренда квартиры на длительный срок,"Сдаётся уютная 1-однокомнатная квартира (31 м2) студия на длительный срок по договору найма, одному человеку, либо паре без вредных привычек, в хороше",500.0,1454.05,False,https://re.kufar.by/vi/1079288317,170,31.0,31.0,,4,5,20.0,24.0,2,2021.0,28,27.544628,53.865993,"экспериментальный многофункциональный комплекс Минск-Мир, Минск",валерия,2.0
1078477878,2026-08-01T08:52:58Z,Сдам 3-х комнатную квартиру. Первая сдача,Предлагаю к аренде квартиру с абсолютно новым ремонтом (вы первые жильцы). Просторная евротрешка (кухня-гостиная + спальня + детская) для комфортной ж,850.0,2471.89,False,https://re.kufar.by/vi/1078477878,170,60.0,46.0,,1,5,6.0,21.0,2,2025.0,28,27.554115,53.86372,"Жореса Алфёрова ул, 5, Минск",Ульяна,5.0
1079287649,2026-08-01T08:48:44Z,Квартира 2-комнатная в аренду,"Двухкомнатная квартира на 2 этаже 5-этажного дома. Окна во двор. Напротив дома остановка общественного транспорта, более 10 маршрутов. До ж/д вокзала",495.17,1440.0,False,https://re.kufar.by/vi/1079287649,,44.0,,,1,1,2.0,5.0,4,,27,27.571407,53.86097,"Маяковского ул, 172, Минск",Ростислав,2.0
1079286790,2026-08-01T08:37:41Z,Квартира в аренду Минск Мир,"Сдаётся стильная 2-комнатная квартира.
Квартира предоставляется с мебелью : диван, просторная кровать, 2 шкаф купе.
Установлен кондиционер, который со",670.0,1948.43,False,https://re.kufar.by/vi/1079286790,170,40.0,23.0,12.0,3,5,5.0,15.0,2,2021.0,28,27.543802,53.87033,"Николы Теслы ул, 29, Минск",Серафим,2.0
1079284629,2026-08-01T08:09:22Z,Аренда 2-к квартиры в районе ст.м.Академия Наук,"Долгосрочная (год и более) аренда 2-к. квартиры вблизи ст.м. Академия Наук (7мин. пешком). Новый ремонт, ранее квартира не сдавалась. В квартире имеет",590.0,1715.78,False,https://re.kufar.by/vi/1079284629,,45.0,35.0,6.0,1,5,3.0,5.0,3,1960.0,24,27.595895,53.927416,"Якуба Коласа ул, 34, Минск",NEW BALANCE,4.0
1079284529,2026-08-01T08:07:42Z,Квартира в долгосрочную аренду,"Уютная трёхкомнатная квартира в зелёном районе с развитой инфраструктурой( чижовка арена, парк, зоопарк, Макдоналдс , тренажёрные залы, рынок) 5 остан",600.0,1744.86,False,https://re.kufar.by/vi/1079284529,305,65.0,,,3,1,3.0,5.0,3,,26,27.632729033966566,53.842384569139185,"Ташкентская ул, 18к2, Минск",Андрей,2.0
1079280734,2026-08-01T07:44:35Z,Квартира,Сдается однокомнатная квартира на длительный срок  в 5 минутах ходьбы от метро Могилевская . 3 этаж 9 этажного дома . Готова к проживанию  .В комнате,350.0,1017.84,False,https://re.kufar.by/vi/1079280734,10,33.0,17.0,7.2,3,1,3.0,9.0,1,1983.0,26,27.684011,53.864097,"Байкальская ул, 66к1, Минск",Елена,2.0
1079278215,2026-08-01T07:24:11Z,Сдам 1-ку Минск-Мир собственник на длительный срок,"Собственник сдаст с 04.08.2026 года на длительный срок по договору, Минск-Мир, ул. Аэродромная 26, девушке либо паре без питомцев,  залог+предоплата.",460.0,1337.73,False,https://re.kufar.by/vi/1079278215,170,33.0,20.0,10.0,3,5,15.0,25.0,2,2023.0,28,27.545069,53.87161,"Аэродромная ул, 26, Минск",Юрий,2.0
1079276861,2026-08-01T07:18:47Z,Квартира двухкомнатная Метро Грушевка,"Сдается двухкомнатная квартира с 6 августа на долгосрочную аренду , без животных . Новый ремонт. Станция метро Грушевка . В квартире есть все необходи",700.0,2035.67,False,https://re.kufar.by/vi/1079276861,,47.0,,,1,10,14.0,20.0,,2024.0,29,27.510753,53.886101,"Дзержинского пр, 32, Минск",Анастасия,4.0
1076941348,2026-08-01T07:14:52Z,Квартира евродвушка,"Квартира новая, красивая, продуманная, видовая, первая сдача. Две отдельные большие изолированные комнаты. Есть все что нужно : интернет, телевизор, м",687.73,2000.0,False,https://re.kufar.by/vi/1076941348,170,42.0,38.5,18.0,1,5,16.0,24.0,2,2022.0,28,27.550067717562193,53.8709344384944,"Мира пр, 1, Минск",Ирина,4.0
1079276471,2026-08-01T07:12:48Z,Аренда квартиры,"Сдается уютная,теплая,светлая квартира, только граждане РБ,с сентября.",400.0,1163.24,False,https://re.kufar.by/vi/1079276471,,35.4,17.1,7.1,1,1,2.0,9.0,1,1990.0,28,27.551605349789927,53.88563988636083,"Могилёвская ул, Минск",Елена Ивановна,2.0
1079275809,2026-08-01T07:01:19Z,Квартира,"Сдается от месяца до полугода! 
Свободно с 1 октября!",1000.0,2908.1,False,https://re.kufar.by/vi/1079275809,325,50.0,40.0,5.0,1,5,17.0,20.0,2,2010.0,24,27.651188465180155,53.93145729913804,"Петра Мстиславца ул, 18, Минск",Вячеслав,
1077255060,2026-08-01T06:45:22Z,Просторная квартира 52 кв. метра.,Просторная квартира со всеми удобствами в отличном месте.,550.0,1599.46,False,https://re.kufar.by/vi/1077255060,145,52.0,37.0,15.0,1,5,10.0,10.0,,2024.0,27,27.571923385751433,53.8437732839732,"Игуменский тракт, 15, Минск",Міхаіл,2.0
1079272545,2026-08-01T06:45:16Z,Квартира,"Уютная светлая квартира в прекрасной локации, свежий косметический ремонт,рядом метро ,торговые центры ,парк ,лес озеро,на длительный срок субаренда -",600.0,1744.86,False,https://re.kufar.by/vi/1079272545,325,40.0,,,2,1,6.0,10.0,10,2012.0,24,27.65311693540107,53.92883223070869,"Петра Мстиславца ул, 5, Минск",сергей,2.0
1079274608,2026-08-01T06:43:31Z,Просторная 2-комнатная квартира 65м2,"Просторная 2-комнатная квартира 65м2, до метро 7 минут пешком, в шаговой доступности находятся продуктовые магазины, школа, детский сад, рядом сквер.",600.0,1744.86,False,https://re.kufar.by/vi/1079274608,,65.0,,,1,5,6.0,16.0,,2007.0,29,27.50989,53.892023,"Карла Либкнехта ул, 123А, Минск",Дмитрий,
1079272689,2026-08-01T06:07:46Z,Сдам на длительный срок 2 комнатную квартиру,"Сдается уютная 2 комнатная квартира в тихом центре в двух шагах от метро, полностью готова к проживанию, свежий ремонт, прописана хозяйка.
Сдается по",618.96,1800.0,False,https://re.kufar.by/vi/1079272689,,51.0,32.0,8.0,3,5,6.0,9.0,3,1980.0,29,27.51271249205842,53.8902863521632,"Розы Люксембург ул, 116, Минск",Светлана,3.0
1079248772,2026-08-01T06:07:41Z,Аренда,Сдаётся квартира по договору аренды. Без регистрации. Иностранные граждане в качестве жильцов не рассматриваются. Рассматриваем только долгосрочную ар,400.0,1163.24,False,https://re.kufar.by/vi/1079248772,100,38.5,27.0,6.2,1,1,3.0,5.0,1,1967.0,24,27.634951818460593,53.9447299134369,"Калиновского ул, Минск",Ирина,2.0
1079244241,2026-08-01T06:02:59Z,Сдам 1-ю квартиру,"На месяц - два не сдаю. 

Сдам 1-ю квартиру по адресу:
г. Минск, ул. Михаловская 14, на длительный срок. 
S квартиры= 40 кв.м (разделены кухня/спальня",600.0,1744.86,False,https://re.kufar.by/vi/1079244241,175,40.0,17.0,11.0,1,10,4.0,21.0,,2018.0,29,27.47761654075077,53.87411781893605,"Михаловская ул, 14, Минск",Галина,4.0
1079242169,2026-07-31T20:34:04Z,Сдаётся квартира,"БЕЗ ЖИВОТНЫХ!!!

Комфортная двухкомнатная квартира в хорошем состоянии расположена в центре города, рядом метро Фрунзенская Просторная ванная комната",720.0,2093.83,False,https://re.kufar.by/vi/1079242169,,52.0,30.0,8.0,2,,1.0,5.0,3,,29,27.542706,53.904151,"Романовская Слобода ул, 11, Минск",Михаил,4.0
1079242149,2026-07-31T20:34:03Z,"Сдается 2-х комнатная квартира ул.Одинцова,19","Сдается 2-х комнатная квартира по ул.Одинцова, 19. (Ст.метро Кунцевщина) на длительный срок (от 1 года) гражданам РБ.",481.41,1400.0,False,https://re.kufar.by/vi/1079242149,80,48.0,28.0,7.0,3,1,4.0,9.0,1,,30,27.450206,53.898448,"Одинцова ул, 19, Минск",Ольга,4.0
1079241872,2026-07-31T20:33:25Z,3-х комнатная в Уручье,Сдается 3-х комнатная квартира в в/г Уручье в двух остановках от м.Уручье на длительный срок(от полугода)Приоритетно 3-м работающим аккуратным девушка,500.0,1454.05,False,https://re.kufar.by/vi/1079241872,50,61.5,40.7,8.6,1,1,4.0,9.0,1,1987.0,24,27.71097011576979,53.942141485496,"Водолажского ул, 19, Минск",Олег,3.0
1079241220,2026-07-31T20:33:15Z,Сдается 2х комнатная квартира,"Сдается 2-х комнатная квартира по ул.Одинцова, 19, (ст.м.Кунцевщина) на длительный срок(от 1го года) гражданам РБ.",0.0,0.0,False,https://re.kufar.by/vi/1079241220,80,48.0,,7.0,3,1,4.0,9.0,1,,30,27.450206,53.898448,"Одинцова ул, 19, Минск",Ольга,4.0
1079240454,2026-07-31T20:32:50Z,Квартира,"Сдаётся 2-х комнатная квартира,ст.м.Грушевка, паре без детей и домашних животных, гражданам РБ.",0.0,0.0,False,https://re.kufar.by/vi/1079240454,,30.19,,,2,,1.0,2.0,3,,29,27.51235519095343,53.89230871961575,"Карла Либкнехта ул, 93, Минск",Ольга,
1079237487,2026-07-31T18:19:22Z,Двухкомнатная квартира в длительную аренду,"Хороший зеленый двор, во дворе детский сад и школа. Так же в шаговой доступности поликлиника, торговый центр, рынок. Квартира будет готова к сдаче с с",400.0,1163.24,False,https://re.kufar.by/vi/1079237487,150,54.0,35.0,9.0,3,1,4.0,9.0,1,1989.0,29,27.438582,53.861272,"Рафиева ул, 78, Минск",Анастасия,2.0
1078304524,2026-07-31T18:11:37Z,Дизайнерская квартира у ст.м. Аэродромная,Собственник. Сдаю на длительный срок с заключением официального договора найма. Квартира полностью готова к проживанию «въезжай и живи». Высокий класс,900.0,2617.29,False,https://re.kufar.by/vi/1078304524,170,47.6,45.3,,3,10,23.0,25.0,10,2023.0,28,27.552534,53.861995,"Жореса Алфёрова ул, 7, Минск",Валентина,4.0
1079236426,2026-07-31T17:58:47Z,Сдается 3-комнатная квартира,"Сдается уютная, светлая и комфортабельная 
3-комнатная.
Квартира укомплектована всей необходимой мебелью и бытовой техникой:
большой угловой диван;
шк",648.19,1885.0,False,https://re.kufar.by/vi/1079236426,320,63.0,47.0,7.9,2,10,8.0,9.0,1,1984.0,29,27.483651,53.868839,"Газеты Правда пр, 14, Минск",Елена,3.0
1077003830,2026-07-31T16:34:56Z,Аренда квартиры,"От собственника сдаётся на длительный срок квартира в районе с развитой инфраструктурой. В шаговой доступности школы, детские сады, взрослая и детская",750.0,2181.08,False,https://re.kufar.by/vi/1077003830,265,93.0,51.0,12.0,1,5,2.0,9.0,,2007.0,30,27.427220346574366,53.89024811692905,"Лобанка ул, 88, Минск",Вадим,7.0
1079223897,2026-07-31T15:58:57Z,Квартира,"Сдам однокомнатную квартиру, расположенную рядом с метро «Восток» , девушкам студенткам или молодым специалисткам. Квартира с хорошим ремонтом, в ней",350.0,1017.84,False,https://re.kufar.by/vi/1079223897,45,33.0,17.0,7.0,3,,4.0,,,,24,27.648725,53.93716,"Независимости пр, 151к1, Минск",Виктория,
1079221916,2026-07-31T15:31:50Z,Аренда  просторной  квартиры-студии на Гурского 41.,"На длительную  аренду сдается просторная мебелированная квартира-студия по адресу  Гурского 41 
4/15 этажного дома.
 Кухня оборудована техникой ( имее",480.0,1395.89,True,https://re.kufar.by/vi/1079221916,,32.3,21.7,,3,,4.0,15.0,5,2016.0,29,27.494951,53.877792,"Гурского ул, 41, Минск",ООО ''Риэлтерский центр Столицы'',
1070867689,2026-07-31T15:15:35Z,Сдаю квартиру,Сдам 2-х комнатную квартиру на длительный срок с мебелью и бытовой техникой. 5 минут до м. Автозаводская и 10 минут до м. Партизанская. Не более 2 чел,515.8,1500.0,False,https://re.kufar.by/vi/1070867689,,56.0,35.0,16.0,1,10,2.0,5.0,3,1967.0,26,27.641709,53.870601,"Партизанский пр, 76, Минск",Анатолий,2.0
1079219240,2026-07-31T14:55:22Z,"Снять 3-комнатную квартиру, г. Минск, ул. Игоря Лученка, 32","Первое заселение! Просторная и светлая 3-комнатная квартира, свежий ремонт и сантехника.

Идеальный вариант для семьи, которая ценит простор, порядок",756.51,2200.0,True,https://re.kufar.by/vi/1079219240,170,60.2,54.3,,1,5,4.0,25.0,,,28,27.555345,53.860768,"Игоря Лученка ул, 32, Минск","ООО ""Резалт Недвижимость""",
1077262803,2026-07-31T14:32:57Z,Аренда 2-к квартиры ул. Макаенка д.12 Б,"Сдаётся 2-комнатная квартира по  адресу: ул. Макаенка д.12 Б. 

В квартире сделан качественный дорогостоящий ремонт. Все продумано до мелочей, полност",790.89,2300.0,True,https://re.kufar.by/vi/1077262803,,42.8,37.8,,,,15.0,25.0,,,24,27.625523,53.922852,"Макаёнка ул, 12Б, Минск",ООО Абсолют Недвижимость,
1064770636,2026-07-31T14:32:56Z,Аренда 1-к квартиры пр-т. Дзержинского д.94,"Сдаётся 1-комнатная квартира по адресу: пр-т. Дзержинского д.94. 

В квартире сделан качественный дорогостоящий ремонт, есть вся необходимая мебель и",500.0,1454.05,True,https://re.kufar.by/vi/1064770636,320,38.1,26.3,,3,,18.0,21.0,4,,29,27.485563,53.865498,"Дзержинского пр, 94, Минск",ООО Абсолют Недвижимость,
1070775838,2026-07-31T14:32:56Z,Аренда 4-к квартиры ул. Белорусская д.15,"Сдаётся 4-комнатная квартира по адресу ул. Белорусская д.15. 

В квартире сделан качественный ремонт, есть вся необходимая мебель и техника для комфор",1100.37,3200.0,True,https://re.kufar.by/vi/1070775838,,160.9,98.1,22.09,,,4.0,16.0,4,,27,27.563152,53.890999,"Белорусская ул, 15, Минск",ООО Абсолют Недвижимость,
1071176359,2026-07-31T14:32:56Z,"Аренда 3-к квартиры ул. Кальварийская, 16","Прекрасная трехкомнатная квартира в самом сердце Минска! 

Откройте для себя уют и комфорт в стильной жилплощади, расположенной в центре города, с вел",1898.15,5520.0,True,https://re.kufar.by/vi/1071176359,,95.6,60.5,12.9,,,13.0,30.0,10,,30,27.532545,53.906757,"Кальварийская ул, 16, Минск",ООО Абсолют Недвижимость,
1072039574,2026-07-31T14:32:56Z,Аренда 2-к квартиры ул. Грибоедова д. 1.,"Сдаётся 2-комнатная дизайнерская квартира по адресу: ул. Грибоедова д.1.

В квартире выполнен качественный ремонт из дорогостоящих материалов, квартир",894.05,2600.0,True,https://re.kufar.by/vi/1072039574,,68.2,60.1,,,,9.0,24.0,4,,22,27.527353,53.911873,"Грибоедова ул, 1, Минск",ООО Абсолют Недвижимость,
1076140974,2026-07-31T14:32:56Z,Аренда 2-к квартиры  ул. Кирилла Туровского д.4. ЖК Маяк Минска,"Сдаётся 2-комнатная квартира в ЖК "" Маяк Минска"" по адресу: ул. Кирилла Туровского д.4. 

В квартире сделан хороший ремонт, есть все необходимое для к",680.86,1980.0,True,https://re.kufar.by/vi/1076140974,325,42.4,38.59,,,,18.0,20.0,,,24,27.654053,53.931541,"Кирилла Туровского ул, 4, Минск",ООО Абсолют Недвижимость,
1020964728,2026-07-31T14:32:55Z,"Аренда 4-к квартиры по ул. Красная, 22","Сдаётся 4-комнатная квартира по адресу: ул. Красная д.22. 

В квартире выполнен качественный, уникальный ремонт, все продумано до мелочей. Есть все не",1000.0,2908.1,True,https://re.kufar.by/vi/1020964728,,170.8,118.7,34.38,3,,4.0,8.0,3,,23,27.580093,53.91433,"Красная ул, 22, Минск",ООО Абсолют Недвижимость,
1053051340,2026-07-31T14:32:55Z,Аренда 3-к квартиры ул. Притыцкого д.83,"Сдаётся просторная 3-комнатная квартира по адресу: ул. Притыцкого д.83. 

В квартире сделан качественный дизайнерский ремонт, все продумано до мелочей",1000.0,2908.1,True,https://re.kufar.by/vi/1053051340,80,114.0,63.5,,3,,10.0,12.0,5,,30,27.450134,53.905617,"Притыцкого ул, 83, Минск",ООО Абсолют Недвижимость,
1077391710,2026-07-31T14:12:27Z,Долгосрочная аренда квартиры С 1 ОКТЯБРЯ 2026,"ДОСТУПНА ДЛЯ АРЕНДЫ С 1 ОКТЯБРЯ 2026.

Продуманная квартира 60 м² с дизайнерским ремонтом и идеальной локацией.

Отличное предложение для тех, кто цен",850.0,2471.89,False,https://re.kufar.by/vi/1077391710,320,60.0,40.0,20.0,3,10,12.0,23.0,10,2021.0,29,27.48754,53.867166,"Дзержинского пр, 90, Минск",Елизавета,2.0
1079213239,2026-07-31T13:42:24Z,"Снять 1-комнатную квартиру, г. Минск, ул. Скрыганова, 4/Б","Сдается просторная 1-комнатная квартира в экологичном районе (м. Молодежная). Первое заселение!

Локация: 5–7 минут пешком до метро, окна выходят в зе",601.77,1750.0,True,https://re.kufar.by/vi/1079213239,110,49.8,23.5,13.1,3,1,7.0,10.0,,,30,27.519736,53.910113,"Скрыганова ул, 4Б, Минск","ООО ""Резалт Недвижимость""",
1079212885,2026-07-31T13:38:05Z,1-я квартира по ул. якубовского,"Сдаётся уютная 1-комнатная квартира в тихом зелёном районе Минска!

Светлая квартира со свежим ремонтом — заезжай и живи! Всё продумано для комфортног",584.57,1700.0,False,https://re.kufar.by/vi/1079212885,80,37.0,34.0,7.0,1,5,6.0,9.0,1,1985.0,30,27.448868,53.902151,"Якубовского ул, 22к3, Минск",Юра,2.0
1079211838,2026-07-31T13:25:08Z,Сдам квартиру,"Сдам квартиру на длительный период по договору, до метро 10-15 минут",480.0,1395.89,False,https://re.kufar.by/vi/1079211838,,38.0,18.0,10.0,1,1,4.0,9.0,1,2005.0,29,27.480326413560825,53.873517314933295,"Алибегова ул, 18, Минск",Николай Михайлович,2.0
1079211642,2026-07-31T13:23:13Z,Сдается 1-комнатная квартира в Минске по ул. Космонавтов 16,"Сдается 1-комнатная квартира в Минске по ул. Космонавтов 16, мкрн Малиновка.

Укомплектована мебелью и быт.техников",446.0,1297.0,True,https://re.kufar.by/vi/1079211642,,37.4,17.1,9.3,3,1,6.0,9.0,,2013.0,29,27.464085,53.853476,"Космонавтов ул, 16, Минск",УП Квадратный метр,
1079206187,2026-07-31T12:50:31Z,Аренда двухкомнатной квартиры,"Сдаю на долгий срок квартиру желательно военнослужащим , по договору , возможно два договора на каждую комнату . Квартира будет свободна с 15 сентября",680.0,1977.51,False,https://re.kufar.by/vi/1079206187,50,50.0,,,1,1,,,,,24,27.710951,53.943827,"Садовая ул, Минск",Оксана,4.0
1079203630,2026-07-31T12:31:03Z,Сдам 2-ух комнатную квартиру,"Сдается квартира в Центральном районе.
Квартира укомплектована кухонной зоной и санузлом. Имеется кухонный гарнитур, духовой шкаф с плитой, холодильни",800.0,2326.48,False,https://re.kufar.by/vi/1079203630,,69.0,,,3,10,6.0,10.0,,,22,27.466071,53.941018,"Победителей пр, 129, Минск",Анна,4.0
1069517339,2026-07-31T12:25:22Z,квартира 2 комнаты аренда М.Танка.,Сдаю квартиру на продолжительный срок от года. Квартира двух комнатная с хорошим ремонтом. В ста метрах от метро Фрунзенская. Вокруг дома развития инф,659.0,1916.44,False,https://re.kufar.by/vi/1069517339,90,573.0,22.0,9.0,3,5,8.0,8.0,3,,22,27.54060241316568,53.906640354000494,"Максима Танка ул, 4, Минск",Татьяна,2.0
1079201246,2026-07-31T12:16:36Z,2-комнатная квартира,"Сдается 2-комнатная квартира у метро Пушкинская (в 50 метрах!). Низкие коммунальные платежи. Квартира сдается на длительный срок только аккуратным, пл",500.0,1454.05,False,https://re.kufar.by/vi/1079201246,205,50.0,50.0,7.5,1,1,9.0,12.0,1,1976.0,30,27.494269,53.910171,"Пушкина пр, 41, Минск",Жанна,4.0
198760252,2026-07-31T12:07:46Z,"Новая 2шка, пр-т Дзержинского 92 (м. Петровщина)","Аренда от собственника, без комиссии агентам и дополнительных платежей.

ВАЖНО: Коммунальные платежи и интернет уже включены в стоимость.

Просторная",1000.0,2908.1,False,https://re.kufar.by/vi/198760252,320,54.0,,,3,10,,23.0,2,2022.0,29,27.486561,53.866359,"Дзержинского пр, 92, Минск",Сергей,2.0
1079200353,2026-07-31T12:06:03Z,"Квартира - студия на Белградской, 11","Уникальное предложение 1-комнатной квартиры в одном из престижных районов города Минска!!! Квартира студия с дизайн-ремонтом( 30м2), оборудована кухон",600.0,1744.86,False,https://re.kufar.by/vi/1079200353,170,30.0,,,3,10,11.0,25.0,,,28,27.537082,53.863826,"Белградская ул, 11, Минск",Антонина,3.0
1078174426,2026-07-31T12:04:07Z,2-х комнатная квартира (метро Восток),Метро ВОСТОК.  В долгосрочную аренду сдаётся чистая уютная двухкомнатная квартира рядом со станцией метро Восток (~300 м пешком). Всё оборудовано для,580.0,1686.7,False,https://re.kufar.by/vi/1078174426,45,38.0,24.0,6.0,1,5,2.0,5.0,1,1969.0,24,27.65410874603062,53.936821488948155,"Калиновского ул, 76, Минск",Олеся,2.0
1077450666,2026-07-31T12:01:51Z,"4-к квартира  Москвина ул., 6","Четырехкомнатная квартира в малоквартирном доме жилого комплекса «Залаты маентак». Малоэтажный дом повышенной комфортности, территория дома огорожена,",2597.94,7555.08,True,https://re.kufar.by/vi/1077450666,,175.4,,,2,,4.0,5.0,,2007.0,22,27.5266,53.9137,"Москвина ул, 6, Минск",ООО ТВОЯ СТОЛИЦА,
1079199801,2026-07-31T11:57:25Z,квартира на длительный срок в Минск Мире,с 1 сентября сдается новая уютная 3-х комнатная квартира в Минск Мире (ул.Белградская 6) на длительный срок. Квартира расположена на 17 этаже современ,636.15,1850.0,False,https://re.kufar.by/vi/1079199801,170,77.0,,,3,5,17.0,25.0,,,28,27.541206,53.869693,"Белградская ул, 6, Минск",Вадим,6.0
1079199241,2026-07-31T11:52:22Z,Квартира в аренду Минск-мир,"Первое заселение! Сдается приятная квартира- 
студия в Минск-мире, оличная локация ТЦ Авиа Молл, метро Аэродромная, остановки общественного транспорта",600.0,1744.86,False,https://re.kufar.by/vi/1079199241,170,30.0,24.0,,1,10,3.0,25.0,2,2022.0,28,27.55292,53.866322,"Николы Теслы ул, 24, Минск",davas,2.0
1079198618,2026-07-31T11:44:30Z,Сдается однокомнатная квартира,"Сдается просторная однокомнатная квартира на длительный срок (ранее никто не проживал). 
Новостройка, минимум мебели, но всё необходимое для проживани",395.45,1150.0,False,https://re.kufar.by/vi/1079198618,255,42.0,18.0,9.5,3,,10.0,19.0,1,2025.0,25,27.670222,53.91346,"Карвата ул, 3В, Минск",Ольга,
1079197937,2026-07-31T11:36:56Z,Недвижимость,"Сдаётся светлая, yютная кв-pа в доме комфоpт класса на 14 этаже. В подъезде консьеpж, гpyглосyточное видеонаблюдение.   В кв-pе сделан pемонт, мебель,",480.0,1395.89,False,https://re.kufar.by/vi/1079197937,320,44.0,20.0,12.0,3,,14.0,24.0,2,2016.0,29,27.481126,53.864049,"Газеты Правда пр, Минск",Валера,
1079195116,2026-07-31T11:01:27Z,Молодая пара ищет квартиру (оба работаем),До 1300 в хорошем срстрянии,450.0,1308.65,False,https://re.kufar.by/vi/1079195116,,400.0,,,,,,,,,24,27.598976513667626,53.92196320776444,"Независимости пр, Минск",Ангелина,
1079192464,2026-07-31T10:36:35Z,3-х комн.квартира возле Комаровки,"Сдается 3-х комнатная квартира,одна остановка от Комаровского рынка,
Метро.пл.Якуба Коласа.
Квартира после косметического ремонта.
Все комнаты раздель",680.0,1977.51,False,https://re.kufar.by/vi/1079192464,,64.0,,7.0,4,1,3.0,9.0,3,1985.0,23,27.566386,53.925237,"Старовиленская ул, 133, Минск",Ирина,4.0
1079192903,2026-07-31T10:33:21Z,1-комн квартира Зеленый луг,"Уютная 1-к. квартира у леса — идеальный баланс природы и комфорта!

Сдается на длительный срок светлая, теплая и по-домашнему уютная 1-комнатная кварт",450.0,1308.65,False,https://re.kufar.by/vi/1079192903,100,33.0,,,3,5,6.0,9.0,,,23,27.603297,53.959802,"Мирошниченко ул, 7, Минск",Андрей,4.0
1079190726,2026-07-31T10:03:36Z,Сдается 2- х комнатная квартира,2-х комнатная квартира с евро ремонтом. Стоимость из расчета 650 долларов США. Описание: Сдается в аренду светлая и просторная квартира в современном,653.35,1900.0,False,https://re.kufar.by/vi/1079190726,,61.0,50.0,11.0,1,5,4.0,5.0,2,2010.0,27,27.568191,53.874063,"Маяковского ул, 100, Минск",Юрий,
1079189587,2026-07-31T09:48:59Z,Комфортабельная 2-комнатная квартира м. Грушевка,"Представляем вашему вниманию просторную 2-комнатную квартиру по пр-т Дзержинского д.21 в ЖК «Триумф»
  
О доме. 
Каркасно-блочный дом 2022 года постро",900.0,2617.29,True,https://re.kufar.by/vi/1079189587,55,66.1,46.1,19.2,3,5,8.0,15.0,10,2022.0,29,27.50875,53.88359,"Дзержинского пр, 21, Минск",ООО Авангард Недвижимость,2.0
1079189258,2026-07-31T09:44:39Z,2-х к квартира у метро,"Уютная 2-х комнатная  сталинка в престижном микрорайоне столицы!
Дом находится у метро ""Площадь Победы "", рядом два шикарных парка для отдыха, масса р",800.0,2326.48,False,https://re.kufar.by/vi/1079189258,,60.0,50.0,9.0,1,5,6.0,6.0,3,,22,27.571793,53.910527,"Киселёва ул, 7, Минск",Ирина,2.0
1079189031,2026-07-31T09:42:03Z,Квартира,"Сдается квартира в новом доме ЖК Минск-Мир.Дом сдан в марте 2025 г.Квартира укомплектована полностью всей необходимой техникой (холодильник,в арочная",498.61,1450.0,False,https://re.kufar.by/vi/1079189031,170,28.7,26.3,,1,5,6.0,21.0,10,2025.0,28,27.554656129674843,53.86446221436571,"Жореса Алфёрова ул, 3, Минск",Наталья,
1079188179,2026-07-31T09:30:40Z,Однокомнатная квартира в длительную аренду,"В длительную аренду по договору сдается однокомнатная квартира с хорошим ремонтом, с мебелью и всем необходимым для комфортного проживания.
Дом распол",450.0,1308.65,False,https://re.kufar.by/vi/1079188179,,35.0,,,1,5,2.0,5.0,,,24,27.611122,53.93593,"Волгоградская ул, 49А, Минск",Наталья,2.0
1069314211,2026-07-31T09:22:04Z,Элитная трехкомнатная квартира в ЖК «Олимпик Парк»,"Элитная трехкомнатная квартира в ЖК «Олимпик Парк».
 
В долгосрочную аренду роскошная трехкомнатная квартира площадью 90 кв.м, в самом престижном и эк",1495.82,4350.0,True,https://re.kufar.by/vi/1069314211,140,90.0,65.0,,3,10,4.0,7.0,10,2018.0,22,27.452255,53.938819,"Ратомская ул, 32, Минск",Ассистанс Хэлс Риэлт,3.0
1079186723,2026-07-31T09:12:09Z,Сдам квартиру в Минск-Мире,"Сдам 1ку в Минск-Мир. Метро, магазин, садик, школа, все рядом. На фото стоит диван, сейчас там кровать (ширина 1.2м) письменный стол и телевизор. Сдав",450.0,1308.65,False,https://re.kufar.by/vi/1079186723,170,30.0,,,3,5,6.0,25.0,10,2024.0,28,27.551114,53.861065,"Жореса Алфёрова ул, 11, Минск",Дарья,
1068525495,2026-07-31T08:59:10Z,Сдается 2х комнатная квартира на длительный срок,"Уютная квартира сдается на длительный срок, от 1 года.
До метро Партизанская 10 минут. До центра 30мин. Рядом гимназия, школы, детские сады, современн",550.19,1600.0,False,https://re.kufar.by/vi/1068525495,,44.0,33.0,5.8,1,10,5.0,5.0,1,1962.0,26,27.617603731961417,53.87242998692694,"Васнецова ул, 11, Минск",Валерия,4.0
1079184866,2026-07-31T08:49:10Z,Сдаётся 2-х комнатная квартира,"Сдается просторная 2-комнатная квартира - сталинка в Центре Минска.
Идеальное предложение для тех, кто ищет комфортное жилье в столице.
Квартира наход",750.0,2181.08,False,https://re.kufar.by/vi/1079184866,,56.0,,,,5,,,,,25,27.579519,53.909365,"Козлова ул, 2, Минск",Полина,2.0
1079184549,2026-07-31T08:45:07Z,Сдам 1ую квартиру по ул.Филатова,"Сдается 1ая квартира по ул.Филатова. Чистая, аккуратная. Студентов и одиноких мужчин просьба не беспокоить.",343.87,1000.0,False,https://re.kufar.by/vi/1079184549,,31.0,,,1,,2.0,5.0,,,26,27.631747,53.87084,"Филатова ул, Минск",Тамара,
1079184301,2026-07-31T08:43:47Z,"Снять 1-комнатную квартиру, г. Минск, ул. Шугаева, 17/б","Сдаётся большая, светлая и уютная квартира по адресу: ул. Шугаева 17Б! Квартира расположена на 15 этаже 19 этажного дома, укомплектована всей необходи",481.41,1400.0,True,https://re.kufar.by/vi/1079184301,280,42.4,17.9,9.2,3,,15.0,19.0,,,24,27.683697,53.938172,"Шугаева ул, 17Б, Минск","ООО ""Резалт Недвижимость""",
1055179160,2026-07-31T08:39:34Z,Сдаётся стильная 3-комнатная квартира в Минске,"Сдаётся современная, светлая и уютная 3-комнатная квартира с продуманной планировкой и качественным наполнением.

Планировка и оснащение:
• Мастер-спа",700.0,2035.67,False,https://re.kufar.by/vi/1055179160,170,60.0,,,3,5,9.0,16.0,2,2017.0,28,27.555094,53.871275,"Аэродромная ул, 32, Минск",Татьяна,5.0
1072321468,2026-07-31T08:26:02Z,"Минск, улица Червякова, 5","Дом расположен вблизи Комсомольского озера, Парка Победы, в Центральном районе,

Это уникальное место, где центр города сочетается со спокойствием и з",1844.85,5365.0,True,https://re.kufar.by/vi/1072321468,,116.5,78.4,14.0,4,,5.0,7.0,3,2006.0,22,27.550692,53.921828,"Червякова ул, 5, Минск","ООО ""Группа компаний Эксклюзив""",
1079181795,2026-07-31T08:14:45Z,Квартира в аренду,"Сдается квартира ТОЛЬКО гражданам РБ. По договору. На длительный срок. Квартира теплая, двор тихий. Расположена в чистом районе с хорошей инфраструкту",550.19,1600.0,False,https://re.kufar.by/vi/1079181795,280,50.0,30.0,9.0,3,5,6.0,12.0,1,,24,27.684981,53.93778,"Руссиянова ул, 13к2, Минск",Евгений,
1079180654,2026-07-31T08:02:10Z,2-х комнатная Рафиева 98,"Сдается на длительный срок просторная, чистая и светлая 2-х комнатная квартира. Отличный развитый район со всей инфраструктурой. Удобный диван расклад",447.03,1300.0,False,https://re.kufar.by/vi/1079180654,150,50.9,30.0,8.4,3,1,10.0,16.0,1,1995.0,29,27.432528,53.85747,"Рафиева ул, 98, Минск",Ан,3.0
1074613059,2026-07-31T07:49:05Z,Сдам квартиру,Сдается на длительный срок уютная однокомнатная квартира на 9-м этаже десятиэтажного дома в минутной доступности от станции метро Каменная горка. Рядо,500.0,1454.05,False,https://re.kufar.by/vi/1074613059,80,41.6,19.6,9.1,3,1,9.0,10.0,3,,30,27.437373588930715,53.90625638646781,"Притыцкого ул, 97, Минск",Елена,
1057843333,2026-07-31T07:42:21Z,"3 комнатная квартира по ул. Золотая Горка, 20","На длительный срок сдается стильная с дизайнерским ремонтом квартира.
Кирпичный дом расположен в тихом историческом центре города с развитой инфрастру",804.65,2340.0,True,https://re.kufar.by/vi/1057843333,,81.6,61.8,9.3,3,,4.0,9.0,3,1968.0,23,27.588655,53.914351,"Золотая Горка ул, 20, Минск",ООО Центр риэлтерских услуг Академическое,3.0
1079176104,2026-07-31T07:38:25Z,Сдаётся уютная 1-комнатная квартира на 18-ом этаже,Сдаётся уютная 1-комнатная квартира с прекрасным видом на город на 18-ом этаже на длительный срок. Квартира оснащена всей необходимой техникой: стирал,450.0,1308.65,False,https://re.kufar.by/vi/1079176104,,42.8,17.9,,3,,18.0,19.0,,2009.0,29,27.445544,53.85601,"Сергея Есенина ул, 62, Минск",Виктор,
1079172305,2026-07-31T07:15:38Z,Сдаю 2-х комнатную квартиру,"Двухкомнатная квартира со всеми удобствами.С мебелью,техникой и всем необходимым для комфортного проживания.Дизайнерский ремонт,лоджия жилая.Паре без",618.96,1800.0,False,https://re.kufar.by/vi/1079172305,,48.0,36.0,,3,10,5.0,12.0,3,1995.0,27,27.58549180079826,53.89060664099331,"Ленинский район, Минск",Татьяна,3.0
1049248902,2026-07-31T07:13:34Z,2х комнатная квартира Аквамарин на Филимонова,"Тихая, светлая, уютная 2х комнатная просторная квартира в элитном комплексе АКВАМАРИН. Рядом лес и речка, закрытая территория. Вид на библиотеку. Быто",850.0,2471.89,False,https://re.kufar.by/vi/1049248902,240,70.0,,,,,3.0,9.0,10,2015.0,25,27.637128,53.918355,"Филимонова ул, 22, Минск",Елена,4.0
1027398262,2026-07-31T07:10:55Z,"3-к квартира  Сурганова ул., 38","Ищете комфортное и современное жилье? Предлагаем вам уютную трехкомнатную квартиру-студию в Советском районе — идеальное решение для тех, кто ценит уд",980.0,2849.94,True,https://re.kufar.by/vi/1027398262,,75.0,27.8,,2,,7.0,7.0,,1972.0,23,27.5934,53.9274,"Сурганова ул, 38, Минск",ООО ТВОЯ СТОЛИЦА,
1079171453,2026-07-31T07:04:19Z,Трехкомнатная квартира. Собственник,"Сдаются Три комнаты в квартире. Юго запад.
ул.Белецкого 14/1
В квартире есть все необходимое для комфортного проживания: спальные места в каждой комна",618.96,1800.0,False,https://re.kufar.by/vi/1079171453,320,65.0,,,3,,,,,,29,27.460537,53.855728,"Белецкого ул, 14к1, Минск",Минск,
1079170805,2026-07-31T06:58:20Z,Ищем квартиру на долгий срок,"Агенствам просьба не беспокоить только собственники 

Мы ищем квартиру! 

Молодая пара (я студентка, парень работает) ищет уютное жилье в Минске. Без",361.06,1050.0,False,https://re.kufar.by/vi/1079170805,,666.0,,,,,,,,,23,27.582188852941808,53.91583920773259,"Веры Хоружей ул, Минск",Илья,
1079170785,2026-07-31T06:58:07Z,"1-комн. квартира в Центральном районе, ул. Нарочанская 4, на длительный срок для белорусов","Однокомнатная раздельная квартира со совмещенным санузлом. Дом введен в эксплуатацию - 11 декабря 2019г. Конструкция дома - железобетонный каркас, нар",650.0,1890.27,False,https://re.kufar.by/vi/1079170785,,42.0,20.0,9.0,3,5,14.0,19.0,10,2019.0,22,27.477839,53.934605,"Нарочанская ул, 4, Минск",Dine,1.0
1078885021,2026-07-31T06:50:07Z,Евродвушка в аренду,"Уютная евродвушка 46 м2 в 1 мин от Метро и Авиа Молл
Все необходимое для жизни: мебель, техника. Бойлер.
На длительный срок",600.0,1744.86,False,https://re.kufar.by/vi/1078885021,170,46.0,20.0,16.0,3,5,9.0,10.0,2,2021.0,28,27.549991,53.869784,"Мира пр, 1, Минск",Елена,4.0
1076118236,2026-07-31T06:46:52Z,2-комнатная квартира в Центре,"ТОЛЬКО ДОЛГОСРОЧНАЯ АРЕНДА. 
СУБАРЕНДА НЕ ИНТЕРЕСУЕТ
Уютная , просторная квартира в самом центре Минска. Окна выходят на две стороны, из спальни вид н",750.0,2181.08,False,https://re.kufar.by/vi/1076118236,,58.0,38.5,,1,5,5.0,5.0,,,22,27.557843,53.901064,"Ленина ул, 8, Минск",Татьяна,
1079167231,2026-07-31T06:15:19Z,2-х комнатная  кв-ра. ЖК '' Комфорт Парк''. Центральный р-н,"Новая  стильная   квартира после  ремонта.
                               Первое  заселение.
  Сдается   атмосферная    двухкомнатная  квартира  в одн",1070.0,3111.67,False,https://re.kufar.by/vi/1079167231,,58.0,,,3,,7.0,15.0,10,2021.0,22,27.52385,53.914627,"Тимирязева ул, 28, Минск",Пользователь,
1078029213,2026-07-31T06:04:31Z,Сдам квартиру,Сдам студию в Минск Мир в долгосрочную аренду. Обустроена всем необходимым для комфортной жизни. 10 минут пешком до метро. Сдаётся гражданам РБ. Без п,500.0,1454.05,False,https://re.kufar.by/vi/1078029213,170,28.0,24.0,,3,5,8.0,,,,28,27.550369,53.860619,"Жореса Алфёрова ул, 13, Минск",Наталья,
1079138864,2026-07-31T05:59:35Z,Квартира аренда,"Первое заселение,  всё новое. Договор. Резидентам РБ.",600.0,1744.86,False,https://re.kufar.by/vi/1079138864,,30.0,30.0,,1,1,8.0,9.0,3,1969.0,22,27.546990717506276,53.903016632667715,"Романовская Слобода ул, 10, Минск",Татьяна,2.0
1079136573,2026-07-31T05:51:48Z,1-комнатная длительная аренда ул.Панченко/Сухарево,"Общая площадь 43,9 м.кв., комната 17, кухня 9.  Кухонный стол сделан на заказ, в сложенном виде 60х60см. Из кухни выход на лоджию: лоджия утеплена, ст",500.0,1454.05,False,https://re.kufar.by/vi/1079136573,,43.9,41.4,9.0,3,5,3.0,10.0,1,2009.0,30,27.416717,53.891444,"Пимена Панченко ул, 68, Минск",Ирина,5.0
1076174153,2026-07-31T05:23:26Z,Сдам квартиру с дизайнерским ремонтом на долго,"Сдам двухкомнатную квартиру с дизайнерским ремонтом по ул. Волгоградская 49. Делали для себя. Посудомойка, и всё остальное прилагается. Бонус: ежеднев",550.0,1599.46,False,https://re.kufar.by/vi/1076174153,,50.0,45.0,10.0,1,10,5.0,5.0,4,1980.0,24,27.611535,53.93646,"Волгоградская ул, 49, Минск",Сергей,2.0
1079149663,2026-07-31T05:17:39Z,Сдам в аренду квартиру,Сдам уютную квартиру на длительный срок по договору аренды. Квартира находится в 2-х минутах ходьбы от станции метро Грушевка. Есть всё необходимое дл,600.0,1744.86,False,https://re.kufar.by/vi/1079149663,,49.0,42.8,,3,5,3.0,21.0,2,2025.0,29,27.512612,53.886525,"Дзержинского пр, 30, Минск",Наталья,2.0
1034654163,2026-07-30T21:36:24Z,"Квартира, 1 комн., 32 м², этаж 5 из 5","Прекрасная однокомнатная квартира,сделанная с любовью от хозяина без комиссии.расположена в престижном первомайском районе на перекрестке улиц Волгогр",518.49,1507.82,False,https://re.kufar.by/vi/1034654163,,32.0,,,1,10,5.0,5.0,,1964.0,24,27.605552,53.936471,"Якуба Коласа ул, 50к2, Минск",Екатерина,2.0
1079135099,2026-07-30T20:04:41Z,Квартира,"Уютная двухкомнатная квартира в благоустроенном районе города. Удобное место расположения рядом метро Михалова, Петровщина., магазин, школа, детский с",481.41,1400.0,False,https://re.kufar.by/vi/1079135099,320,46.0,25.0,7.0,1,1,4.0,9.0,1,1984.0,29,27.471802,53.870718,"Алибегова ул, 13к3, Минск",Татьяна,2.0
1079134563,2026-07-30T20:03:40Z,Квартира с евроремонтом,"Стильная, комфортабельная, свежая квартира в респектабельной локации и доме. На долгий срок, гражданам РБ, по договору.",600.0,1744.86,False,https://re.kufar.by/vi/1079134563,,42.0,,,3,10,10.0,,10,,22,27.477839,53.934605,"Нарочанская ул, 4, Минск",wiju,2.0
1072602187,2026-07-30T20:03:32Z,"Аренда 2-комнатной квартиры, Победителей 133","Сдается двухкомнатная квартира в Минске, по улице Победителей 133. Дом располагается в экологически чистом, престижном районе Лебяжий. Рядом МКАД. Пре",870.0,2530.05,True,https://re.kufar.by/vi/1072602187,,56.4,50.7,,3,,14.0,14.0,4,2015.0,22,27.464,53.942,"Победителей пр, 133, Минск",ООО Центр недвижимости ГАЛАКТИКА,
1079134296,2026-07-30T20:02:20Z,Сдам квартиру,"Звонить с 17-00 до 21_00. Квартира сдается гражданам РБ, категорически некурящим и без животных, заключается договор от года. До метро Каменная горка",380.0,1105.08,False,https://re.kufar.by/vi/1079134296,130,33.0,,7.2,2,1,1.0,,1,,30,27.443747164699765,53.90888115953798,"Притыцкого ул, 102, Минск",Марта,2.0
1079134287,2026-07-30T20:01:49Z,Долгосрочная аренда,Сдается уютная светлая квартирка рядом с метро на длительный срок,700.0,2035.67,False,https://re.kufar.by/vi/1079134287,55,67.0,,,3,5,7.0,9.0,4,2010.0,29,27.515622,53.884477,"Папанина ул, 18, Минск",Татьяна,2.0
1078311024,2026-07-30T19:46:52Z,Сдам квартиру студию Минск-Мир,"Светлая и уютная квартира имеет грамотное зонирование, которое позволяет разделить пространство на зоны кухни, гостиной, коридора с гардеробной, а так",530.0,1541.29,False,https://re.kufar.by/vi/1078311024,170,30.0,25.0,,1,5,20.0,25.0,1,2025.0,28,27.552938,53.860056,"Михаила Савицкого ул, 37, Минск",Наталья,3.0
1079134171,2026-07-30T19:38:52Z,"Квартира вблизи центра у канала, с 30 августа","3-комнатная квартира вблизи центра Минска

С 30 августа 2026 сдаётся трёхкомнатная квартира вблизи центра Минска.

Квартира большая, тёплая и готова к",650.0,1890.27,False,https://re.kufar.by/vi/1079134171,,65.0,50.0,15.0,1,1,4.0,5.0,3,1989.0,25,27.605292,53.901987,"переулок Козлова, 48, Минск",Sergey Nameritov,5.0
1079133909,2026-07-30T19:38:14Z,Однокомнатная квартира,Квартира в центре города. Удобное расположение между метро Фрунзенская и Молодежная. Отличная инфраструктура. В квартире есть все необходимое.,500.0,1454.05,False,https://re.kufar.by/vi/1079133909,,31.0,17.0,6.1,1,,5.0,5.0,3,1961.0,29,27.530794,53.905939,"Кальварийская ул, 15, Минск",Светлана,
1079133557,2026-07-30T19:32:31Z,квартира 1-комнатная аренда,"Уютная 1-комнатная квартира после полного ремонта. В квартире все новое: обои, плитка, диван, стол компьютерный, шкаф, кухонный гарнитур, холодильник,",481.41,1400.0,False,https://re.kufar.by/vi/1079133557,80,33.1,16.8,7.0,3,5,9.0,9.0,1,1994.0,30,27.445472,53.893954,"Якубовского ул, 48к1, Минск",таня,
1079133299,2026-07-30T19:30:28Z,Сдам квартиру Минск Гурского,"Квартира Гурского Минск.
Добрый день! Сдам трехкомнатную по адресу: ул. Гурского, 44/1. 
Тихий живописный район вблизи реки. Расположение в 3 минутах",699.0,2032.76,False,https://re.kufar.by/vi/1079133299,,82.0,46.0,14.0,3,1,7.0,9.0,,,29,27.486669,53.879286,"Гурского ул, 44к1, Минск",Зинаида,
1069890214,2026-07-30T19:27:35Z,Квартира-студия,"Сдается стильная и светлая квартира-студия с новым современным ремонтом 
В квартире:
— удобная двуспальная кровать
— зона отдыха с диваном
— полноценн",600.0,1744.86,False,https://re.kufar.by/vi/1069890214,,41.0,,,1,10,2.0,7.0,,2024.0,23,27.56829,53.962049,"Виталия Цвирко ул, 74, Минск",Светлана,2.0
1079133089,2026-07-30T19:20:40Z,Сдам квартиру в Минск-Мире,"Сдам однокомнатную квартиру в Минск-Мире в доме Марина-4. В 5 минутах ходьбы станция метро ""Аэродромная"" и новый ТЦ ""Avia Mall"". В шаговой доступности",515.8,1500.0,False,https://re.kufar.by/vi/1079133089,170,40.0,40.0,,3,5,16.0,22.0,1,2018.0,28,27.552632,53.869651,"Братская ул, 8, Минск",Нелли,2.0
1079132672,2026-07-30T19:20:08Z,Сдам квартиру в Партизанском районе,"Сдам двухкомнатную квартиру в Минске по адресу ул. Захарова 74
Квартира находится в двух остановках от Площади победы, хороший тихий район. Квартира в",600.0,1744.86,False,https://re.kufar.by/vi/1079132672,200,41.0,,7.0,1,5,4.0,5.0,3,1969.0,25,27.588277,53.895933,"Захарова ул, 74, Минск",Александра,
1079130756,2026-07-30T18:39:07Z,2-комн квартира в ЖК Vogue Макаенка 12Б,"Двухкомнатная квартира в ЖК VOGUE по адресу ул. Макаенка, 12Б. Окна на ул. Макаенка (внешняя сторона дома).
11 этаж. Полная комплектация мебелью и тех",700.0,2035.67,False,https://re.kufar.by/vi/1079130756,,50.0,40.0,,3,10,9.0,25.0,10,2018.0,24,27.625532450115003,53.922581654547976,"Макаёнка ул, 12Б, Минск",Вячеслав,4.0
1066134773,2026-07-30T18:04:42Z,Квартира,Сдается однакомнатная квартира в центре Минска . В квартире все имеется для комфортного проживания. В шаговой доступности станции метро Парк Челюкинце,700.0,2035.67,False,https://re.kufar.by/vi/1066134773,,32.0,18.5,6.1,1,1,5.0,5.0,3,,24,27.605283,53.923026,"Независимости пр, 87, Минск",анжела,4.0
1079127318,2026-07-30T17:55:30Z,сдам квартиру в центре,"Центр! Редкая возможность снять уютную, чистую однушку прямо в центре столицы! Инфраструктура закрывает все потребности на 100%. Бюджет:  + коммунальн",435.0,1265.02,True,https://re.kufar.by/vi/1079127318,,37.0,16.9,7.0,1,1,4.0,9.0,1,1984.0,23,27.59232,53.908411,"Платонова ул, 21, Минск",Ольга,2.0
1079126724,2026-07-30T17:49:24Z,"Долгосрочная аренда квартиры, ул.  Заславская 12","Сдается 2-х комнатная квартира в центре Минска с ремонтом, в шаговой доступности метро. Рядом с домом развитая инфраструктура. Квартира готова к прожи",650.0,1890.27,False,https://re.kufar.by/vi/1079126724,90,49.0,30.0,71.0,1,,4.0,9.0,1,,22,27.538699,53.910956,"Заславская ул, 12, Минск",Татьяна,
1079125581,2026-07-30T17:34:11Z,Аренда квартиры в центре Минска,"Сдается на длительный срок (минимум от года) видовая однокомнатная квартира с панорамными окнами недалеко от центра г.Минск. 
В шаговой доступности от",481.41,1400.0,False,https://re.kufar.by/vi/1079125581,,43.0,18.5,11.0,1,1,14.0,14.0,10,2014.0,24,27.618012,53.933539,"Волгоградская ул, 25А, Минск",Ксения,3.0
1077263748,2026-07-30T17:28:11Z,Долгосрочная аренда,"Аккуратная квартира, после капитального ремонта.",361.06,1050.0,False,https://re.kufar.by/vi/1077263748,,30.0,16.0,6.0,1,1,2.0,,,1968.0,26,27.63135342423604,53.87074570167768,"Филатова ул, 10, Минск",ирина,
1079124214,2026-07-30T17:16:59Z,двухкомнатная квартира на дана молл,"Сдается с 18.08 великолепная двухкомнатная квартира с евроремонтом в Дана Молл рядом с метро ""Восток"" на длительный срок, по договору. Небольшие комму",650.0,1890.27,False,https://re.kufar.by/vi/1079124214,325,68.0,35.0,10.0,3,5,11.0,15.0,10,2015.0,24,27.655157,53.931652,"Кирилла Туровского ул, 12, Минск",евгений,2.0
1079119320,2026-07-30T16:54:19Z,Сдам 2х ком кВ собственник длительный срок,Сдам на длительный срок 2х комн кВ,380.0,1105.08,False,https://re.kufar.by/vi/1079119320,305,40.0,45.5,,3,1,3.0,5.0,4,1970.0,26,27.642859,53.838236,"Ауэзова ул, 11, Минск",cheslav,
1079118621,2026-07-30T16:47:02Z,"1-к квартира  Леонида Щемелёва ул., 30","Сдается в аренду новая (никто не жил), современная квартира в Минске, расположенная по адресу: ул. Леонида Щемелёва.Идеальный вариант для тех, кто ище",549.57,1598.19,True,https://re.kufar.by/vi/1079118621,170,32.6,25.4,,3,,6.0,25.0,,2025.0,28,27.5545,53.8586,"Леонида Щемелёва ул, 30, Минск",ООО ТВОЯ СТОЛИЦА,
1078226295,2026-07-30T16:43:34Z,Сдать квартиру,"Сдается на длительный срок, первое заселение",750.0,2181.08,False,https://re.kufar.by/vi/1078226295,170,38.2,25.4,15.6,3,10,3.0,25.0,10,2024.0,28,27.554294,53.861039,"Игоря Лученка ул, 30, Минск",Владимир,4.0
1079116845,2026-07-30T16:42:27Z,аренда кватиры,"в аренду 1 комнатную квартиру с хорошей энергетикой на продолжительный срок по договору, без детей и животных, имеется вся необходимая бытовая техника",480.0,1395.89,False,https://re.kufar.by/vi/1079116845,145,47.3,18.9,12.0,1,5,15.0,16.0,2,2008.0,27,27.56502,53.845307,"Павла Шпилевского ул, 57, Минск",сергей,
1079117979,2026-07-30T16:38:43Z,"Снять 3-комнатную квартиру, г. Минск, просп. Правда газеты, 16","Сдаётся просторная трёхкомнатная квартира премиум-класса с дизайнерским ремонтом, всего 5 минут пешком от метро Петровщина, пог адресу: проспект газет",899.56,2616.0,True,https://re.kufar.by/vi/1079117979,320,74.4,42.0,12.3,1,5,2.0,18.0,,,29,27.483013,53.868032,"Газеты Правда пр, 16, Минск","ООО ""Резалт Недвижимость""",
1079115540,2026-07-30T16:24:02Z,Квартира,"Сдам квартиру (евродвушка, первый этаж) в Каменной горке по ул.Нёманская на длительный срок. Квартира полностью готова для проживания. Имеется собстве",580.0,1686.7,False,https://re.kufar.by/vi/1079115540,105,61.0,57.0,12.0,1,5,1.0,9.0,1,2009.0,30,27.427578,53.917676,"Нёманская ул, Минск",Cветлана,2.0
1071434720,2026-07-30T16:18:02Z,Аренда бизнес-апартаменты Минск-мир,"Многофункциональные бизнес-апартаменты для жизни и бизнеса, где можно зарегистрироваться по месту жительства (оформить «постоянную прописку») и/или оф",450.0,1308.65,False,https://re.kufar.by/vi/1071434720,170,41.4,33.8,,3,20,11.0,16.0,2,2026.0,28,27.539741,53.860662,"Жореса Алфёрова ул, 22, Минск",Полина,
1071644666,2026-07-30T16:08:03Z,"Аренда 2-комнатной квартиры, Аэродромная 26А","Сдается светлая евро-двушка в ЖК «Минск Мир» 

 О квартире:
Уютная и современная планировка
Полностью укомплектована мебелью и техникой для комфортног",570.0,1657.62,True,https://re.kufar.by/vi/1071644666,170,38.4,29.9,,3,,23.0,25.0,4,2022.0,28,27.546299,53.871403,"Аэродромная ул, 26А, Минск",ООО Центр недвижимости ГАЛАКТИКА,
1074692567,2026-07-30T16:04:10Z,Квартира в длительную аренду,"Сдаётся 2х комнатная квартира в длительную аренду с хорошим ремонтом на 10 этаже . В квартире  имеется всё  для комфортного проживания, всё  что требу",700.0,2035.67,False,https://re.kufar.by/vi/1074692567,110,76.0,40.0,18.0,1,5,10.0,24.0,10,2014.0,30,27.522049206487488,53.90893081194864,"Скрыганова ул, 4Д, Минск",СВЕТЛАНА,3.0
1065272673,2026-07-30T15:45:45Z,"Аренда 2-комнатной квартиры, Мястровская 28","Сдается двухкомнатная квартира в Минске, по улице Мястровская 28. Дом располагается в экологически чистом, престижном районе Лебяжий. Рядом МКАД. Прек",950.0,2762.7,True,https://re.kufar.by/vi/1065272673,,68.0,62.9,,3,,18.0,25.0,4,2017.0,22,27.463816,53.94051,"Мястровская ул, 28, Минск",ООО Центр недвижимости ГАЛАКТИКА,
1079093745,2026-07-30T14:30:23Z,Квартира,"Квартира сдается от месяца и более.
Уютная, комфортная квартира после кап.ремонта.
В квартире есть все и все новое.
Дом находится в 2 минутах ходьбы о",820.0,2384.64,False,https://re.kufar.by/vi/1079093745,,58.0,40.0,9.0,3,5,7.0,12.0,3,1980.0,22,27.54965,53.924235,"Червякова ул, 23, Минск",Вера,4.0
1079105362,2026-07-30T14:22:54Z,Сдаю квартиру,"Просторная, уютная квартира для сдачи, только гражданам РБ. В квартире имеется мебель для проживания, стиральная машина, холодильник, место для хранен",464.22,1350.0,False,https://re.kufar.by/vi/1079105362,265,52.8,,,1,,11.0,12.0,,,30,27.426689,53.881749,"Шаранговича ул, 76, Минск",Ксю,2.0
1079104013,2026-07-30T14:12:33Z,Сдам однокомнатную квартиру,"Сдается однокомнатная квартира в микрорайоне Сухарево. До метро Каменная горка и Петровщина- 10 минут на автобусе, троллейбусе. Школа, детский сад во",450.0,1308.65,False,https://re.kufar.by/vi/1079104013,265,37.0,17.0,8.8,3,1,2.0,9.0,1,2002.0,30,27.441035,53.882428,"Шаранговича ул, Минск",Людмила Васильева,2.0
1075637050,2026-07-30T14:03:47Z,Аренда премиум 2 комнатная квартира ЖК Лазурит Лебяжий,"Новая большая видовая 2-комнатная премиум класса в ЖК Лазурит (Мрн Лебяжий)

Квартира строилась для себя - полностью укомплектована всей новой мебелью",900.0,2617.29,False,https://re.kufar.by/vi/1075637050,,60.0,40.0,10.0,3,10,13.0,30.0,,2021.0,22,27.477346493483854,53.93709892695332,"Победителей пр, 115, Минск",Пользователь,4.0
1079102375,2026-07-30T13:55:33Z,Однокомнатная квартира,"Однокомнатная квартира от собственника. Метро «Каменная Горка» — 3 минуты пешком.

Сдается на длительный срок уютная однокомнатная квартира с хорошим",481.41,1400.0,False,https://re.kufar.by/vi/1079102375,125,40.8,17.2,9.4,1,5,9.0,9.0,1,2006.0,30,27.434028,53.90143,"Лобанка ул, 22, Минск",Дарья,2.0
1079101549,2026-07-30T13:44:46Z,"Снять 1-комнатную квартиру, г. Минск, ул. Гало, 76","Сдается на длительный срок 1-я комнатная квартира по адресу: Гало,76!
Квартира полностью укомплектована мебелью и бытовой техникой для комфортного про",580.0,1686.7,True,https://re.kufar.by/vi/1079101549,220,43.6,29.1,,3,5,7.0,10.0,4,2014.0,23,27.591314,53.936942,"Гало ул, 76, Минск",ООО Результативная недвижимость,
1072269644,2026-07-30T13:28:49Z,Сдаётся 3-комнатная квартира в долгосрочную аренду,"Сдаётся 3-комнатная квартира в долгосрочную аренду в самом сердце Минска!
Ищете жильё с душой и характером? Это, уже редкое, предложение для тех, кто",618.96,1800.0,False,https://re.kufar.by/vi/1072269644,200,63.0,37.4,9.3,3,1,2.0,12.0,3,1987.0,25,27.584783,53.896045,"Ивановская ул, 38, Минск",Антон,3.0
1055930736,2026-07-30T13:19:41Z,"Трехкомнатная квартира с уникальной планировкой по ул. Жуковского, д. 2","Трехкомнатная квартира с уникальной планировкой. 
Квартира, о которой мечтает семья. Рядом центр города, у дома есть всё самое необходимое, а самое гл",897.49,2610.0,True,https://re.kufar.by/vi/1055930736,,103.3,58.2,13.5,1,10,8.0,16.0,4,2009.0,28,27.549919,53.884875,"Жуковского ул, 2, Минск",ООО Центр риэлтерских услуг Квартиры Столицы,5.0
1079098465,2026-07-30T13:10:55Z,двухкомнатная квартира в минск мире,"Первое заселение! Шикарная, свежая, чистая, аккуратная двухкомнатная квартира со смежной кухней и залом (евродвушка) в минск мире в новом доме на длит",550.0,1599.46,False,https://re.kufar.by/vi/1079098465,170,40.0,26.0,7.0,3,5,3.0,25.0,10,2026.0,28,27.554519,53.858612,"Леонида Щемелёва ул, 30, Минск",евгений,2.0
1079098435,2026-07-30T13:10:34Z,Еврооднушка в 7 минутах от метро,"Просторная еврооднушка, 48 м. кв. с видом на сосновый лес. Экотропа и велодорожка возле дома. Видеонаблюдение, вход в дом - система распознавания лица",567.38,1650.0,False,https://re.kufar.by/vi/1079098435,70,48.0,18.0,15.0,3,10,12.0,16.0,1,2023.0,25,27.659284978768277,53.89183213808618,"Солтыса ул, 32, Минск",Людмила,5.0
1050110444,2026-07-30T13:01:41Z,Апартаменты с камином на набережной на Цвирко,"Апартаменты с камином (долгосрочная аренда) 5 спальных мест, евродвушка ,ванная комната, отдельная большая гардеробная комната,балкон с прекрасной зон",950.0,2762.7,False,https://re.kufar.by/vi/1050110444,,48.0,46.0,20.0,4,10,5.0,6.0,2,2024.0,23,27.567625,53.962149,"Виталия Цвирко ул, 76, Минск",Мария,5.0
1079097632,2026-07-30T13:00:47Z,Аренда студии ЖК Минск Мир на длительный срок,"Квартира сдается с первых чисел сентября 2026  года ! 
На длительный срок 
По договору 

Расположена в самой топовой локации  ЖК Минск Мир рядом с баш",620.0,1803.02,False,https://re.kufar.by/vi/1079097632,170,30.0,28.0,,3,10,2.0,10.0,10,2023.0,28,27.551042,53.863943,"Игоря Лученка ул, 23, Минск",Tommy,2.0
1079097472,2026-07-30T12:58:55Z,сдам квартиру,"Сдается 2-комн квартира (Евродвушка) в ЖК Минск Мир, в 5 минутах от метро Аэродромная, ТРЦ Авиа Молл.
Сдается только на длительный срок без животных.",584.57,1700.0,False,https://re.kufar.by/vi/1079097472,170,36.6,29.0,20.0,3,5,23.0,25.0,10,2022.0,28,27.541098,53.868186,"Игоря Лученка ул, 9, Минск",влад,4.0
1079093473,2026-07-30T12:46:49Z,Сдам новую квартиру на длительный срок,"Сдается впервые! Новая квартира-студия Минск-Мир ул. Теслы 30 ( Дом Монтевидео). Полностью готова к комфортной жизни. 
Заселение по официальному догов",687.73,2000.0,False,https://re.kufar.by/vi/1079093473,170,38.0,35.0,,1,5,24.0,25.0,2,2022.0,28,27.556351,53.865244,"Николы Теслы ул, 30, Минск",Alesya,2.0
1079093448,2026-07-30T12:46:37Z,Сдам в аренду 1 комн. квартиру на длительный срок,Сдается 1-но комнатная квартира на длительный срок без посредников без животных по проспекту газеты Звязда. Дом после кап. ремонта. Хороший район с ра,412.64,1200.0,False,https://re.kufar.by/vi/1079093448,320,33.0,17.1,7.1,1,1,7.0,9.0,1,1986.0,29,27.471244434652395,53.86904371345204,"Газеты Звязда пр, 10к1, Минск",Екатерина,
1079087333,2026-07-30T12:02:30Z,Уютная 3 комнатная квартира в Дроздах,"Сдается уютная трехкомнатная квартира премиум-класса с дизайнерским ремонтом, панорамными окнами и двумя спальнями Главные изюминки - огромная джакузи",1800.0,5234.58,False,https://re.kufar.by/vi/1079087333,195,118.0,77.0,15.0,4,10,4.0,5.0,3,2010.0,22,27.491098,53.93832,"Пионерская ул, 3, Минск",Диана,
1079087211,2026-07-30T12:01:11Z,Сдам 2-комнатную квартиру.Минск Мир.С 1.09.2026.,Сдам 2-комнатную квартиру с дизайнерским ремонтом.,650.0,1890.27,False,https://re.kufar.by/vi/1079087211,170,48.0,42.0,12.0,3,10,13.0,25.0,10,2024.0,28,27.534927,53.869136,"Леонида Левина ул, 1, Минск",Татьяна,4.0
1079086855,2026-07-30T11:57:01Z,"Аренда 2 кв. по пр.Победителей,д.27","С 01.09 актуальна квартира по адресу: пр-т Победителей, дом 27 (ЖК ""Славянский квартал""). Смотреть квартиру можно уже сейчас!!! Квартира полностью уко",1300.0,3780.53,True,https://re.kufar.by/vi/1079086855,90,69.4,38.6,,3,,11.0,14.0,10,2012.0,22,27.539831,53.911873,"Победителей пр, 27, Минск",Агентство недвижимости ''Юриэлт'' в Минске,
1074083335,2026-07-30T11:51:10Z,Шикарная евродвушка с высокими потолками с видом на Минск - Арену и город,"Сдается евррдвушка с шикарным ремонтом и высокими потолками 3м на длительный срок. Заезд во двор под шлагбаум, 2 лифта, ухоженная дворовая территория.",1000.0,2908.1,False,https://re.kufar.by/vi/1074083335,,48.0,35.0,5.0,3,10,19.0,19.0,2,2019.0,22,27.477839,53.934605,"Нарочанская ул, 4, Минск",Ксения,5.0
1079086028,2026-07-30T11:48:50Z,"Однокомнатная , светлая, теплая, солнечная студия","Сдается однокомнатная, теплая, солнечная, светлая квартира 45 м.кв. ( 530 метров ст.метро Каменная горка, Green City, Материк) на длительный срок с ка",600.0,1744.86,False,https://re.kufar.by/vi/1079086028,80,45.0,20.0,12.0,3,10,4.0,10.0,10,2009.0,30,27.442824377835795,53.906096753803475,"Притыцкого ул, 91, Минск",Елена,2.0
1078358900,2026-07-30T11:30:11Z,Сдам  1-комнатную квартиру 46 м2 метро Спортивная,Готова к заселению. Аккуратная 1-комнатная квартира. В шаговой доступности метро Спортивная. Только гражданам РБ. Одному либо паре. Большой закрывающи,515.8,1500.0,False,https://re.kufar.by/vi/1078358900,,46.0,18.5,12.8,3,,5.0,9.0,2,2012.0,30,27.47758200132685,53.90125061605723,"Одоевского ул, 115А, Минск",Алла,
1075038764,2026-07-30T11:29:00Z,"Квартира в аренду- евротрешка с видом на Ботанический сад в ЖК «Парк Челюскинцев» Ул. Макаёнка, 12Е","Аренда Евротрешки с видом на Ботанический сад

 в ЖК «Парк Челюскинцев»

Ул. Макаёнка, 12Е

Общая площадь  77,4/42/15 м2

Первое заселение!

Панорамны",1100.37,3200.0,True,https://re.kufar.by/vi/1075038764,,77.4,42.0,15.0,3,5,19.0,25.0,10,2021.0,24,27.624336,53.923604,"Макаёнка ул, 12Е, Минск",УП Дианэст,
1074648721,2026-07-30T11:21:34Z,Аренда новой стильной студии с дизайнерским ремонтом,Сдается НОВАЯ СТИЛЬНАЯ студия с ДИЗАЙНЕРСКИМ РЕМОНТОМ.Первое заселение.До метро 8 мин пешком .Отличное месторасположение.Есть вся необходимая техника,1200.0,3489.72,False,https://re.kufar.by/vi/1074648721,170,32.0,32.0,,3,10,4.0,19.0,10,2025.0,28,27.55651068630695,53.863177911946956,"Леонида Щемелёва ул, 14, Минск",Ирина,
1070695480,2026-07-30T11:10:16Z,"Минск, Красная, 3","3-х комнатная квартира на ул. Красная, 3. 2-й этаж 5-ти этажного кирпичного дома, сталинка. Площадь 79 м². Отличный ремонт, готова к заселению. Дом ра",857.26,2493.0,True,https://re.kufar.by/vi/1070695480,,79.0,33.6,9.6,,,2.0,5.0,3,1953.0,22,27.569305,53.91128,"Красная ул, 3, Минск","ООО ""Группа компаний Эксклюзив""",
1071250507,2026-07-30T11:09:33Z,"Минск, Гвардейская, 10","3-х комнатная квартира на ул. Гвардейская, 10, 7-й этаж 9-ти этажного кирпичного дома. В квартире сделан новый ремонт, мебель в гостиной и спальнях но",1081.81,3146.0,True,https://re.kufar.by/vi/1071250507,,78.0,46.4,10.4,4,,5.0,9.0,3,1998.0,22,27.531863,53.913863,"Гвардейская ул, 10, Минск","ООО ""Группа компаний Эксклюзив""",
1070695215,2026-07-30T11:09:16Z,"Минск, Алибегова, 12","Просторная и светлая 3-х комнатная квартира в доме рядом парком и метро ул. Алибегова, 12

Предлагается в аренду уютная, впервые сдаваемая трёхкомнатн",952.51,2770.0,True,https://re.kufar.by/vi/1070695215,320,100.9,68.3,9.1,3,,2.0,15.0,,2007.0,29,27.48392,53.872985,"Алибегова ул, 12, Минск","ООО ""Группа компаний Эксклюзив""",
1069992054,2026-07-30T10:54:18Z,Сдам двухкомнатную квартиру Притыцкого 105,"Сдается двухкомнатная квартира от собственника в Минске, Каменная Горка, улица Притыцкого, 105. Площадь 60,4 кв. м, жилая 34 кв. м, кухня 9 кв. м. Эта",750.0,2181.08,False,https://re.kufar.by/vi/1069992054,125,60.4,34.0,10.0,4,10,5.0,15.0,10,2013.0,30,27.430893,53.905923,"Притыцкого ул, 105, Минск",Пользователь,3.0
1064494971,2026-07-30T10:53:34Z,"Снять 1-комнатную квартиру, г. Минск, ул. Карвата, 21","Заселение с 1 сентября, просмотр с 27 августа! Для граждан РБ! Сдам квартиру добропорядочной и аккуратной семье или одинокому человеку (без детей и жи",429.0,1247.57,False,https://re.kufar.by/vi/1064494971,255,26.0,13.0,9.0,1,5,4.0,5.0,,,25,27.674677,53.909853,"Карвата ул, 21, Минск",Дмитрий,3.0
1079079232,2026-07-30T10:37:20Z,Аренда центр Минска,"Аренда на долгосрок 1500У.е, + коммунальные платежи, оплата первый и последний месяц, далее по желанию, без животных, центр город все в шаговой доступ",1300.0,3780.53,False,https://re.kufar.by/vi/1079079232,,55.0,38.0,10.0,2,10,4.0,5.0,3,,22,27.559783,53.901329,"Независимости пр, 23, Минск",Sergey,4.0
1079079211,2026-07-30T10:37:04Z,Аренда,"Тихий зеленый центр, Метро Академия Наук  и Метро Площадь Якуба Колоса. По договору, гражданам РБ, залог.",464.22,1350.0,False,https://re.kufar.by/vi/1079079211,120,54.0,35.0,8.0,1,1,,5.0,3,,23,27.582358,53.923859,"Цнянская ул, 11, Минск",nataly,2.0
1079078951,2026-07-30T10:34:20Z,"1 комнатная квартира, 39 м.кв., этаж 8 из 9","Сдаётся на длительный срок комфортная 1-комнатная квартира, расположенная во Фрунзенском районе на 8-ом этаже с капитальным ремонтом, необходимой быто",400.0,1163.24,False,https://re.kufar.by/vi/1079078951,,39.0,,,3,,8.0,9.0,1,,30,27.451213,53.911731,"Лещинского ул, Минск",Юлия,3.0
1079077500,2026-07-30T10:17:42Z,Квартира на длительный срок,"Большая, светлая квартира в хорошем доме. Удобные системы хранения, 2 санузла. Просторная и уютная.",1306.7,3800.0,False,https://re.kufar.by/vi/1079077500,125,102.1,84.3,,4,10,6.0,18.0,2,2009.0,30,27.431971,53.905201,"Лобанка ул, 4, Минск",Екатерина,2.0
1079076624,2026-07-30T10:14:00Z,Квартира,"Два порядочных студента снимут квартиру в любом районе города Минска,бюджет до 1200 рублей в месяц,по любым вопросам готовы отвечать по телефону и в л",343.87,1000.0,False,https://re.kufar.by/vi/1079076624,,40.0,,,,,,,,,22,27.56141157665922,53.90250969595864,"Октябрьская площадь, Минск",Тимур,
1075542240,2026-07-30T10:04:26Z,Квартира на Грушевской,Однокомнатная квартира на Грушевской. Новая. Долгосрочная аренда. Без животных.,670.54,1950.0,False,https://re.kufar.by/vi/1075542240,55,50.0,17.0,20.0,3,,3.0,,,,29,27.518283524095416,53.88416225052682,"Грушевская ул, 86, Минск",Дмитрий,
1058026959,2026-07-30T09:59:12Z,Сдам в аренду 3-комн.квартиру. Центр. Собственник,"Ностальгический модернизм большой профессорской квартиры 130 м²  – в знаменитой сталинке в центре города.

Новый тренд на фоне стремления к высокотехн",1500.0,4362.15,False,https://re.kufar.by/vi/1058026959,,130.0,78.0,18.0,2,10,3.0,6.0,3,1953.0,22,27.556441,53.898942,"Независимости пр, 18, Минск",Лина,
1079074954,2026-07-30T09:55:21Z,Сдам квартиру,"2х комнатная квартира в центре.
Комаровский рынок в 10 минутах ходьбы.
Очень развитая инфраструктура.Много магазинов и торговых центров.Поликлиника по",505.0,1468.59,False,https://re.kufar.by/vi/1079074954,,51.1,29.0,9.0,3,1,3.0,9.0,1,1991.0,23,27.561984,53.920645,"Старовиленская ул, 97, Минск",Алла,
1079074050,2026-07-30T09:44:20Z,Современная 3-комнатная квартира премиум-класса с видом на озеро.,"Сдается в долгосрочную аренду стильная и просторная квартира в одном из самых престижных районов Минска — Лебяжий, напротив Олимпик Парка. Общая площа",2000.0,5816.2,False,https://re.kufar.by/vi/1079074050,210,110.0,100.0,50.0,3,10,3.0,20.0,4,2018.0,22,27.459809,53.942195,"Ратомская ул, 7, Минск",Даниела,3.0
1077133133,2026-07-30T09:17:27Z,1-к квартира,Сдаётся на длительный срок уютная 1-комнатная квартира-студия с изолированной спальней . Квартира в пару шагов от метро Грушевка. Квартира расположена,600.0,1744.86,False,https://re.kufar.by/vi/1077133133,55,40.2,29.0,10.0,1,5,13.0,20.0,2,2017.0,29,27.516116,53.886159,"Дзержинского пр, 19, Минск",Люда,
1079071800,2026-07-30T09:17:14Z,Квартира,Семейная пара ищет квартиру в любых районах расположенных недалеко от красной ветки метро на длительный срок.,0.0,0.0,False,https://re.kufar.by/vi/1079071800,205,40.0,,,,,,,,,30,27.495634,53.909927,"Пушкина пр, Минск",Ирина,
1076127527,2026-07-30T09:05:15Z,аренда  двухкомнатной квартиры на Сердич,"Квартира расположена на 1-ом этаже 9-этажного панельного дома. Ближайшая остановка общественного транспорта расположена рядом с домом.
Есть вся необхо",650.0,1890.27,False,https://re.kufar.by/vi/1076127527,205,75.0,68.0,10.0,3,5,1.0,9.0,1,1976.0,30,27.486705,53.910437,"Данилы Сердича ул, 3, Минск",Дмитрий,5.0
1077008868,2026-07-30T08:57:24Z,2-х комнатная квартира возле метро Пушкинская (аренда на долгий срок),"Квартира доступна для аренды с 12 августа. Сдается уютная и светлая двухкомнатная квартира, находящаяся в двух минутах ходьбы от метро Пушкинская. Сда",550.19,1600.0,False,https://re.kufar.by/vi/1077008868,,38.2,23.4,6.1,1,1,4.0,5.0,1,,30,27.497772,53.907859,"Болеслава Берута ул, 4к4, Минск",Алена,4.0
1079021308,2026-07-30T08:51:45Z,Квартира в аренду Минск Скрыганова 16,"Квартира в аренду Минск Скрыганова 16
50 метров 
Все есть для проживания 
 первый месяц 
 второй и последующий 
На срок от 1 года и более 
Договор + з",600.0,1744.86,False,https://re.kufar.by/vi/1079021308,110,50.0,35.0,,1,5,16.0,20.0,2,2019.0,30,27.520778,53.908469,"Скрыганова ул, 16, Минск",Евгений,3.0
1074655140,2026-07-30T08:27:13Z,Сдается  однокомнатная Квартира,"Сдается одна комнатная квартира - разделенная на 2 комнаты . 
Есть отдельная детская комната кровать трансформер 3 в 1 . 
Имеется в квартире все необх",630.0,1832.1,False,https://re.kufar.by/vi/1074655140,105,50.0,38.0,11.0,1,5,9.0,19.0,1,2015.0,30,27.436230840114664,53.92950350058444,"Налибокская ул, 22, Минск",Тина,3.0
1079061632,2026-07-30T07:46:27Z,Сдам,Сдам квартиру на долгий срок. Прописан 1 человек.,1000.0,2908.1,False,https://re.kufar.by/vi/1079061632,55,78.0,,13.9,3,1,4.0,,,2016.0,29,27.520558506162555,53.88431436298754,"Грушевская ул, 71, Минск",Наталия,3.0
1079057243,2026-07-30T07:19:20Z,Однокомнатная квартира,"Квартира готова к сдаче с 11 августа. В стоимость входят коммунальные платежи, кроме электричества и воды. На длительный срок (от года и дальше) Миним",380.22,1105.73,False,https://re.kufar.by/vi/1079057243,10,35.0,26.0,6.0,3,1,6.0,9.0,1,1986.0,26,27.686347,53.884694,"Нестерова ул, 60, Минск",Олег,2.0
1079056571,2026-07-30T07:07:12Z,Квартира в центре города,"Трёхкомнатная квартира в самом центре города,школа,сад,поликлиника,магазины,парк,комсомольское озеро. Все комнаты раздельные,неплохой ремонт,вся мебел",806.54,2345.49,False,https://re.kufar.by/vi/1079056571,,70.0,50.0,10.0,3,1,6.0,10.0,3,2000.0,22,27.54732813593731,53.93071184991451,"Червякова ул, 59, Минск",Татьяна,7.0
1077752939,2026-07-30T06:59:55Z,Сдаётся студия,"Сдаётся на длительный срок
Чистая и ухоженная квартира 
Аккуратным и чистоплотным жильцам 
Тихая и комфортная КВ 
С очень хорошим видом на центр город",505.48,1470.0,False,https://re.kufar.by/vi/1077752939,170,27.0,20.0,,1,5,25.0,25.0,2,,28,27.532654,53.871706,"здание Фламенко, квартал Мировых Танцев, экспериментальный многофункциональный комплекс Минск-Мир, Минск",Виктория,2.0
1079053932,2026-07-30T06:32:03Z,2 комн 66кв 3этаж,Сдается хорошая квартира в хорошем районе. До метро 4 минут идти. Сдается только для граждан РБ или РФ. Иностранцем просьба не беспокоить.,750.0,2181.08,False,https://re.kufar.by/vi/1079053932,170,66.0,40.0,14.0,1,5,3.0,13.0,4,2019.0,28,27.553513,53.87093,"Братская ул, 2, Минск",Алексей,6.0
1067933868,2026-07-30T06:31:05Z,Квартира для организаций от 15 суток в г. Минске,"Сдаётся 2-комнатная квартира (от 15 суток), стоимость из расчета от 140 руб/сутки за квартиру.
Квартира сдается в аренду только для ОРГАНИЗАЦИЙ.
Вмест",0.0,0.0,True,https://re.kufar.by/vi/1067933868,,62.0,,,,,8.0,9.0,,,28,27.543649,53.84485,"Асаналиева ул, Минск",ООО Компания АрендаПро,5.0
1079028664,2026-07-30T06:12:18Z,Квартира,"Квартира сдаётся на длительный срок , в хорошем состоянии 
Просмотр квартиры с Сентября",748.93,2177.96,False,https://re.kufar.by/vi/1079028664,,60.0,48.0,9.0,2,5,2.0,5.0,3,,29,27.544736,53.903483,"Романовская Слобода ул, Минск",Алла,3.0
1072476931,2026-07-30T06:08:45Z,Новая просторная студия,"Сдается новая шикарная квартира с премиальным дизайнерским ремонтом оборудованная всей техникой, посудой, текстилем и другими вещами для вашей комфорт",700.0,2035.67,False,https://re.kufar.by/vi/1072476931,,46.0,,,1,10,9.0,10.0,2,2023.0,22,27.56405,53.939799,"Лили Карастояновой ул, 43А, Минск",Вероника,1.0
1079023885,2026-07-30T06:07:50Z,Квартира,"Вы станете первым жильцом в новой, свежей квартире! Она еще никем не использовалась — полностью готова для заселения. 
Расположена на высоком, предпос",510.0,1483.13,False,https://re.kufar.by/vi/1079023885,170,26.0,23.0,,3,5,24.0,25.0,,2025.0,28,27.554519,53.858612,"Леонида Щемелёва ул, 30, Минск",Юлия,2.0
1079021733,2026-07-30T06:06:11Z,Сдам однокомнатную квартиру с 11 августа,"Сдам однокомнатную квартиру. Просмотр по предварительному согласованию, доступна к заселению с 11 августа.",500.0,1454.05,False,https://re.kufar.by/vi/1079021733,,29.0,17.0,6.0,2,1,1.0,4.0,3,,29,27.540649,53.9004,"Михаила Гебелева ул, 3, Минск",Ирина,2.0
1079021166,2026-07-30T06:02:09Z,Уютная квартира в районе Севастопольского парка,"Сдается на длительный срок просторная и светлая 2-комнатная квартира площадью 49 м² . Окна выходят на две стороны дома, поэтому в квартире всегда комф",600.0,1744.86,False,https://re.kufar.by/vi/1079021166,,49.0,,,3,5,3.0,6.0,3,,23,27.6099,53.946668,"1-й Полиграфический переулок, 6, Минск",Татьяна,
1079019989,2026-07-30T05:57:24Z,Сдаётся 1-комнатная квартира в Советском рн Минска,"Сдаётся уютная 1-комнатная квартира в Советском районе Минска от частного лица. Все удобства, консьержа в холе, развитая инфраструктура рядом, удобная",600.0,1744.86,False,https://re.kufar.by/vi/1079019989,220,48.8,19.9,12.0,3,5,13.0,16.0,1,2021.0,23,27.598366,53.941909,"Леонида Беды ул, 42, Минск",Иван,4.0
1079034284,2026-07-30T05:23:58Z,"Сдам  2 квартиру на длительный срок Уручье, Великий лес","Сдам на длительный срок квартиру в Уручье. Новостройка, по всему периметру дома и в подьезде устанлвлены система видеонаблюдения. Солнечная сторона, р",515.8,1500.0,False,https://re.kufar.by/vi/1079034284,50,61.0,,9.3,3,,10.0,19.0,1,2018.0,24,27.706675,53.945836,"Пономарёва ул, Минск",галина,
1044018001,2026-07-30T01:16:27Z,"Квартира, 1 комн., 51.7 м², этаж 14 из 17","Объявление от собственника.
Пять остановок до метро «Академия наук» или до метро «Восток». 
Не хожу, не беспокою Вас, квартиросъёмщиков.
Реальная обща",550.0,1599.46,False,https://re.kufar.by/vi/1044018001,240,51.7,18.7,10.9,3,5,14.0,17.0,10,2002.0,25,27.634136,53.910134,"Филимонова ул, 12, Минск",Николай,
1079018965,2026-07-29T20:03:03Z,Сдаётся комфортная 2-комнатная квартира Щорса 3,"Сдаётся комфортная 2-комнатная квартира

Предлагается в аренду уютная двухкомнатная квартира с продуманной планировкой и всем необходимым для комфортн",650.0,1890.27,False,https://re.kufar.by/vi/1079018965,55,62.0,30.0,12.1,3,,6.0,7.0,2,,29,27.51882,53.8816,"Щорса ул, 3, Минск",Иван,4.0
1079018814,2026-07-29T19:50:13Z,Однокомнатная квартира,Однокомнатная квартира в новостройке около метро,515.8,1500.0,False,https://re.kufar.by/vi/1079018814,170,29.0,22.0,,1,5,12.0,13.0,10,2025.0,28,27.541574,53.863487,"Михаила Савицкого ул, Минск",игорь,2.0
1079017876,2026-07-29T19:45:07Z,VIP квартира в Лебяжьем,"VIP квартира в Лебяжьем .
2 комнаты с гардеробом и шикарным балконом(Возможно сделать кабинет рабочий).
Премиальная техника.
Сдаётся парам без питомце",777.0,2259.59,False,https://re.kufar.by/vi/1079017876,,54.0,,,3,10,11.0,19.0,10,2018.0,22,27.47615,53.937255,"Победителей пр, 115, Минск",Александр,2.0
1079015274,2026-07-29T18:56:05Z,Сдам квартиру с дорогим ремонтом на долго,"Квартира с дизайнерским ремонтом и дорогой мебелью, техникой, посудомоечной машиной, высокоскоростным интернетом и дорогим TV. Свежий ремонт, все сдел",600.0,1744.86,False,https://re.kufar.by/vi/1079015274,,50.0,45.0,10.0,1,10,5.0,5.0,4,1990.0,24,27.611535,53.93646,"Волгоградская ул, 49, Минск",Влад,2.0
1079014498,2026-07-29T18:45:07Z,Сдаётся 1-ная квартира от собственника,"Сдаётся 1-я квартира от собственника. Минимальный срок аренды - 12 месяцев. В квартире есть всё необходимое для жизни: стиральная машина, пылесос, хол",500.0,1454.05,False,https://re.kufar.by/vi/1079014498,15,33.0,18.0,6.9,3,5,4.0,9.0,1,,28,27.55636,53.876212,"Воронянского ул, 52, Минск",Виктор,4.0
1078168859,2026-07-29T18:15:37Z,Элитная 3-комнатная квартира в ЖК «Vogue» в 1 мин от парка Челюскинцев,"Сдам роскошную трехкомнатную квартиру в престижном жилом комплексе премиум-класса «Vogue». Идеальное расположение в центре Минска для тех, кто ценит к",1065.99,3100.0,False,https://re.kufar.by/vi/1078168859,,74.4,66.9,,3,10,1.0,25.0,,2017.0,24,27.62536,53.921679,"Макаёнка ул, 12А, Минск",Иван,4.0
1079011032,2026-07-29T18:03:53Z,Сдам  2ух комнатную квартиру Ленинский район,Квартира сдаётся после квартирантов .. идет замена плитки кухня ванная туалет. Беспорядок и пылища... Требуется капитальная уборка...,0.0,0.0,False,https://re.kufar.by/vi/1079011032,230,48.0,24.0,6.0,1,1,5.0,,3,,27,27.606172,53.85363,"Рокоссовского пр, 140, Минск",Юрий Васильевич,1.0
1079008060,2026-07-29T17:53:11Z,"Сдача в аренду квартиры на долгий срок по улице Гаруна, 24",Сдаётся уютная однокомнатная квартира в спокойном районе. Просторная светлая комната с большими окнами создает атмосферу уюта и тепла. Кухня с возможн,270.0,785.19,False,https://re.kufar.by/vi/1079008060,65,47.0,,,1,20,7.0,,,,30,27.44629,53.922899,"Алеся Гаруна ул, 24, Минск",Мария,
1079009973,2026-07-29T17:52:04Z,3- комнатная квартира в самом центре,самый центр.кирпичный дом.сталинка.шикарный вид из окна.потолки 3 м .рядом парк и набережная.,900.0,2617.29,False,https://re.kufar.by/vi/1079009973,,84.0,47.0,10.6,2,5,5.0,5.0,,1953.0,25,27.573842,53.906952,"Независимости пр, 34, Минск",Вадим,6.0
1076186626,2026-07-29T17:50:35Z,аренда квартиры,"Сдается элитная квартира с дизайнерским ремонтом трех ком.,С французскими окнами, видом на улицу Богдановича, личным парковочным местом. Полный ремонт",1100.0,3198.91,False,https://re.kufar.by/vi/1076186626,220,90.0,54.4,15.0,3,10,5.0,18.0,10,2001.0,23,27.583436,53.93673,"Максима Богдановича ул, 124, Минск",Дарья,4.0
1079001968,2026-07-29T16:47:44Z,"Аренда 2-комнатной квартиры, Левкова 3","РАБОТАЕМ ПО ФАКТУ
Свободна с 10 августа!
Сдается 2-х комнатная квартира по ул. Левкова 3, в шаговой доступности метро ""Ковальская Слобода"" укомплектов",550.0,1599.46,True,https://re.kufar.by/vi/1079001968,,40.74,24.54,7.81,1,,7.0,12.0,3,1990.0,28,27.556387,53.882385,"Левкова ул, 3к1, Минск",ООО Центр недвижимости ГАЛАКТИКА,
1078997015,2026-07-29T16:15:45Z,Сдача квартиры в аренду,"Квартира в долгосрочную аренду, полностью готова к проживанию.",450.0,1308.65,False,https://re.kufar.by/vi/1078997015,105,51.6,48.7,9.3,3,15,2.0,9.0,1,2010.0,30,27.418415,53.911211,"Каменногорская ул, 10, Минск",Александр,4.0
1057499768,2026-07-29T16:10:27Z,Видовая квартира в ЖК Лазурит,В аренду на длительный срок предлагается стильная и функциональная трехкомнатная квартира в ЖК Лазурит !!! Квартира с максимально продуманной планиров,1000.0,2908.1,False,https://re.kufar.by/vi/1057499768,,56.0,46.0,,3,5,16.0,30.0,1,2017.0,22,27.477237,53.936587,"Победителей пр, 115, Минск",Екатерина,3.0
1078995505,2026-07-29T16:06:52Z,Сдам квартиру на длительный срок,"Отличная светлая квартира на длительный срок. 
Тел  Писать  в",500.0,1454.05,False,https://re.kufar.by/vi/1078995505,170,36.0,28.7,,1,10,2.0,25.0,4,2023.0,28,27.541969,53.871955,"Белградская ул, 2, Минск",Павел,
1076958483,2026-07-29T15:42:54Z,Сдается уютная 3-х комнатная квартира,"Сдается уютная 3-х комнатная квартира в живописном месте. Напротив дома парк с прогулочными дорожками, детская и тренажерная площадки, водоем. Рядом с",700.0,2035.67,False,https://re.kufar.by/vi/1076958483,125,68.3,41.0,8.6,3,5,5.0,10.0,2,1994.0,30,27.431153,53.896246,"Мазурова ул, 4, Минск",Марина,3.0
1078144591,2026-07-29T15:07:09Z,Уютная квартира в центре Минска,"Сдается однокомнатная квартира в 5 минутах от м. Грушевка. Квартира в живописном районе города, за окном небольшой сквер, рядом 2 парка, пруд, магазин",530.0,1541.29,False,https://re.kufar.by/vi/1078144591,,32.0,32.0,6.0,1,5,3.0,5.0,3,,29,27.523275,53.898501,"Волоха ул, 6, Минск",Дима,
1077060159,2026-07-29T14:27:15Z,Стильная студия в Клубном Доме на Червякова,"Квартира- студия в ""Клубном доме на Червякова"". Огороженная территория с парковкой, дизайнерская входная группа из мрамора, лифт Shindler, консьерж, в",928.44,2700.0,False,https://re.kufar.by/vi/1077060159,,50.0,34.9,,2,10,6.0,6.0,2,2012.0,22,27.561831,53.902284,Минск,Валерий,1.0
1057612948,2026-07-29T14:10:22Z,Недвижимость,"Новая стильная двухкомнатная квартира в современном доме. Дом 2010 г. постройки. Общая площадь 65,8 кв.м. Просторная кухня 13,1 м.кв. Ремонт выполнен",750.0,2181.08,False,https://re.kufar.by/vi/1057612948,220,67.0,,13.5,3,5,8.0,26.0,,2010.0,23,27.584882,53.938501,"Максима Богдановича ул, 136, Минск",Алеся,4.0
1078985673,2026-07-29T14:06:33Z,Сдаю в аренду,"Квартира находится в тихом месте со старой застройкой в районе улицы Долгобродской, 6-ой больницы. Рядом зелёная зона, канал , хорошее место для прогу",650.0,1890.27,False,https://re.kufar.by/vi/1078985673,240,53.0,47.0,7.9,2,5,2.0,3.0,3,1958.0,25,27.614329,53.901509,"Уральская ул, Минск",Елена,2.0
1078979817,2026-07-29T13:07:32Z,Квартира,"Сдам 2-комнатную квартиру без посредников на длительный срок по договору паре, можно с детьми, но без животных. Замечательное расположение дома. До ст",350.0,1017.84,False,https://re.kufar.by/vi/1078979817,,42.5,26.3,5.9,1,,5.0,5.0,3,1963.0,27,27.588493660901317,53.886726441440246,"Рабочий переулок, 5, Минск",Кристина,
1078979014,2026-07-29T12:58:30Z,Сдам евродвушку Минск-Мир,"Сдам уютную евродвушку с продуманным дорогим ремонтом в 5-и минутах от метро ""Аэродромная"". Развитая инфраструктура, школы, детские сады, магазины, ко",700.0,2035.67,False,https://re.kufar.by/vi/1078979014,170,48.0,30.0,16.0,1,10,6.0,24.0,2,2022.0,28,27.526464,53.871785,"Брилевская ул, 31, Минск",Александр,4.0
1078975152,2026-07-29T12:48:33Z,"Однокомнатная квартира, Скрыганова 4а","РАБОТАЕМ ПО ФАКТУ!
На длительный срок по договору сдается уютная квартира в миниполисе Каскад!
Отличный ремонт, есть вся мебель и бытовая техника!
Ряд",650.0,1890.27,True,https://re.kufar.by/vi/1078975152,110,48.7,20.3,12.3,3,,5.0,15.0,10,,30,27.518065,53.91067,"Скрыганова ул, 4А, Минск",ООО Центр недвижимости ГАЛАКТИКА,
1078948215,2026-07-29T12:46:01Z,Большая 2-комнатная квартира возле Минск-Арена,"Аккуратная 2-комн. квартира возле Минск-Арена по пр. Победителей, 119.
Отсутствие платежей агентству недвижимости и других скрытых платежей.

- Выполн",750.0,2181.08,True,https://re.kufar.by/vi/1078948215,,62.0,30.0,12.0,3,,7.0,10.0,10,2016.0,22,27.473886,53.937785,"Победителей пр, 119, Минск",ООО ''БизнесХаус'',4.0
1078967594,2026-07-29T11:51:08Z,Сдаётся трехкомнатная квартира на длительный срок,"Сдаётся трехкомнатная квартира, семье без вредных привычек, на длительный срок. Мебель можно свою или по договорённости с нанимателем.
Дом напротив па",600.0,1744.86,False,https://re.kufar.by/vi/1078967594,205,67.32,45.7,7.48,4,5,7.0,,1,1974.0,30,27.480264,53.921324,"Жудро ул, 61, Минск",Лариса,
1078966884,2026-07-29T11:43:01Z,Сдается 2-ух комнатная квартира,"Сдается двухкомнатная уютная квартира (ул. Есенина, 58) 
14 этаж – панорамный вид, можно наблюдать потрясающие закаты. Рядом детские сады, школы, фитн",550.19,1600.0,False,https://re.kufar.by/vi/1078966884,,60.9,,9.3,1,,14.0,19.0,,,29,27.446308,53.855335,"Сергея Есенина ул, 58, Минск",Юлия,
1065888854,2026-07-29T11:41:20Z,Сдам квартиру на длительный срок,"Оазис тишины в центре Минска: уютная квартира на ул. Андреевской
Идеальный баланс между ритмом города и загородным спокойствием.
Всего пара минут прог",806.54,2345.49,False,https://re.kufar.by/vi/1065888854,200,62.0,,,3,5,4.0,5.0,3,,25,27.585565,53.895005,"Андреевская ул, 3к2, Минск",Виктория,
1078966322,2026-07-29T11:37:21Z,Сдается уютная однокомнатная квартира (первый этаж),"Сдается уютная однокомнатная квартира (первый этаж).
Есть все необходимое для комфортного проживания: современная кухня, холодильник,  посуда, свч-печ",464.22,1350.0,True,https://re.kufar.by/vi/1078966322,240,34.3,17.8,7.5,2,5,1.0,9.0,1,1986.0,25,27.613206,53.904384,"Менделеева ул, 23, Минск",ООО Центр международной недвижимости Моя 7Я,
1077867232,2026-07-29T11:32:16Z,Сдам четырехкомнатную квартиру на длительный срок,"Сдам четырехкомнатную квартиру на длительный срок. В квартире прописаны  люди. Два санузла, имеется душевая и ванная. Две лоджии. Вся необходимая быто",1100.37,3200.0,False,https://re.kufar.by/vi/1077867232,55,115.0,74.0,14.0,4,1,1.0,6.0,,,29,27.526914,53.887056,"Грушевская ул, 15, Минск",Петр,
1078960327,2026-07-29T10:41:40Z,Квартира сдается,"Сдаю квартиру по договору на срок не менее 1 года, т.к. проживаю не в РБ и для меня нецелесообразна краткосрочная аренда. Квартира в 4 мин. от метро Я",550.19,1600.0,False,https://re.kufar.by/vi/1078960327,,32.0,,7.0,,1,1.0,11.0,3,,23,27.59099,53.911153,"Берестянская ул, 24, Минск",Юлия,1.0
1078959693,2026-07-29T10:32:43Z,"квартира для длительного проживания: пр-т Независимости 80, у метро Академия наук и Парк челюскинцев","Работаем по факту! 

Полностью укомплектована всем необходимым для длительного проживания: мебель, техника, посуда, бытовые мелочи 

Комнат: 3 фактиче",620.0,1803.02,True,https://re.kufar.by/vi/1078959693,,55.4,36.3,6.2,3,5,2.0,9.0,3,1963.0,24,27.607672,53.922109,"Независимости пр, 80, Минск",ООО КАРТА ГОРОДА,2.0
1078958345,2026-07-29T10:19:08Z,Сдаётся квартира,"Сдаётся 2-х комнатная квартира в Сухарево гражданам РБ по договору. Преимущественно парам. В квартире имеется всё необходимое для проживания: мебель,",584.57,1700.0,False,https://re.kufar.by/vi/1078958345,265,50.0,29.0,9.0,3,5,3.0,12.0,1,2003.0,30,27.428889,53.882184,"Шаранговича ул, 66, Минск",Анна,
1021846568,2026-07-29T10:12:33Z,Сдаётся в аренду элитная 3-квартира в ЖК ''У Троицкого'',"-Сдаётся в аренду элитная 3-квартира в ЖК «У Троицкого»!!!!
-Самая топовая локация г. Минска. Троицкое предместье, театр Оперы и Балета, улица Зыбицка",2500.0,7270.25,True,https://re.kufar.by/vi/1021846568,260,143.0,,,3,,15.0,23.0,,2012.0,22,27.556836,53.910325,"Сторожовская ул, 6, Минск",ВСП недвижимость-Инвест,
1078951488,2026-07-29T10:12:03Z,Просторная 2-комнатная квартира в Минске с видом на Стеллу и Парк Победы,"Сдается просторная и светлая 2-комнатная квартира для долгосрочной аренды по адресу: ул. Гвардейская, 12 с панорамным видом на Стеллу и Парк Победы. 1",997.21,2900.0,False,https://re.kufar.by/vi/1078951488,,82.0,52.0,12.0,1,5,14.0,19.0,1,2012.0,22,27.533103,53.913948,"Гвардейская ул, 12, Минск",Дарья,4.0
1078952819,2026-07-29T09:14:39Z,Квартира долгосрочная аренда,"Сдается атмосферная трехкомнатная квартира в тихом центре Минска, около площади Якуба Колоса.
На первом этаже дома после капитального ремонта. 
Двор з",825.28,2400.0,False,https://re.kufar.by/vi/1078952819,,64.0,,,2,5,1.0,5.0,3,,23,27.585524960814556,53.9133427477194,"Мулявина бул, 8, Минск",Людмила,4.0
1075501325,2026-07-29T09:06:53Z,Аренда трехкомнатной квартиры в центре Захарова 67/1,"Сдается на длительный срок светлая просторная уютная 3-х комнатная квартира в одном из престижных районов города Минска.
  Три комнаты, большая кухня,",830.0,2413.72,False,https://re.kufar.by/vi/1075501325,200,110.0,67.1,12.5,4,5,9.0,16.0,2,2006.0,25,27.588179,53.897461,"Захарова ул, 67к1, Минск",ирина,6.0
1078950716,2026-07-29T08:54:24Z,Cтильная и абсолютно новая евро-3,"Сдаётся стильная и абсолютно новая евро-3 квартира площадью 56,7 м² в современном жилом комплексе. Квартира после дизайнерского ремонта.

Интерьер и п",900.0,2617.29,False,https://re.kufar.by/vi/1078950716,170,56.7,,,3,10,11.0,25.0,,2025.0,28,27.555857,53.859711,"Леонида Щемелёва ул, 26, Минск",Павел,3.0
1033632740,2026-07-29T08:33:56Z,Уникальная квартира в сердце Минска на ул. Карла Маркса,"Сдаётся уникальная квартира в сердце Минска — ул. Карла Маркса

Площадь 92 м², потолки 3 метра. Квартира расположена в знаковом доме на улице Карла Ма",1400.0,4071.34,False,https://re.kufar.by/vi/1033632740,,92.0,,,1,10,4.0,4.0,,1950.0,27,27.555543,53.897212,"Карла Маркса ул, 21, Минск",Алексей,
1078948845,2026-07-29T08:29:37Z,"1комн.квартира ул.Уборевича 4,Чижовка","Сдается квартира в Чижовке ул.Уборевича 4,на длительный срок .Квартира с мебелью.Аккуратная ,чистая .Есть холодильник ( новый ),стиральная машина .В д",350.0,1017.84,True,https://re.kufar.by/vi/1078948845,305,33.0,,,1,1,,,,,26,27.638233,53.847506,"Уборевича ул, 4, Минск",ООО Альфа-риэлт,
1078948762,2026-07-29T08:28:38Z,Сдам квартиру в аренду,"Сдается светлая , уютная евродвушка собственником на длительный срок с 5 августа.
По договору минимум на один год и с залогом месячной платы.
До остан",550.0,1599.46,False,https://re.kufar.by/vi/1078948762,320,42.0,,,1,5,13.0,18.0,2,2021.0,29,27.484899,53.865457,"Дзержинского пр, 94, Минск",Яна,2.0
1078581730,2026-07-29T07:59:38Z,Сдается уютная дизайнерская квартира с видом на библиотеку и реку,"Сдаётся видовая квартира с дизайнерским ремонтом. Вид на библиотеку и реку. Встроенная мебель, итальянская сантехника, испанская плитка, мебель индиви",1134.76,3300.0,False,https://re.kufar.by/vi/1078581730,325,55.0,,,3,10,12.0,13.0,,2018.0,24,27.650162,53.931429,"Петра Мстиславца ул, 12, Минск",Татьяна,4.0
1078936999,2026-07-29T07:19:36Z,сдаётся 2-комнатная квартира,сдается уютная 2-комнатная квартира на длительный срок по договору. Район с очень развитой инфраструктурой. До метро 5 минут пешком,520.0,1512.21,False,https://re.kufar.by/vi/1078936999,280,46.0,29.0,7.0,3,,4.0,9.0,1,,24,27.685475,53.940684,"Руссиянова ул, 3к1, Минск",Елена,
1077572031,2026-07-29T07:06:22Z,"Квартира в аренду Сурганова, 7а","Сдаётся на длительный срок 2-комнатная квартира
 - просторная 76,2м2 (21,3+17,3), кухня 13,5м2,  балкон 5.9м2
 - этаж 13/19 этажного дома повышенной к",722.12,2100.0,True,https://re.kufar.by/vi/1077572031,5,76.2,38.6,13.5,1,5,13.0,19.0,10,2014.0,24,27.602094,53.918206,"Сурганова ул, 7А, Минск",Агентство недвижимости ''Час-Пик'',4.0
1076322298,2026-07-29T06:59:20Z,"Сдается квартира в аренду Независимости, 91 без комиссии","Для любителей сталинского ампира предлагаем вариант атмосферной квартиры в долгосрочную аренду, возможно размещение от одного месяца. Есть все необход",687.73,2000.0,True,https://re.kufar.by/vi/1076322298,,60.0,35.0,9.0,2,10,2.0,5.0,,1950.0,24,27.610035,53.923795,"Независимости пр, 91, Минск",ОДО Новоселье,2.0
1078932701,2026-07-29T06:28:03Z,Сдается двухкомнатная квартира на длительный срок,"Сдается  теплая, светлая , уютная двухкомнатная квартира собственником на длительный срок. По договору минимум на один год и с залогом месячной платы.",584.57,1700.0,False,https://re.kufar.by/vi/1078932701,320,48.0,,,1,,2.0,9.0,1,,29,27.474533,53.868966,"Газеты Звязда пр, 17, Минск",Ирина,3.0
1074773868,2026-07-29T06:11:51Z,Сдам 3-комнатную квартиру с гардеробной и двойным балконом,"Сдается в ПЕРВЫЙ РАЗ просторная 3-комнатная квартира рядом с парком Павлова (Минск)
Московский район, Минск
   65 м² | 9 этаж
  Долгосрочная аренда (о",750.0,2181.08,False,https://re.kufar.by/vi/1074773868,320,65.0,,,1,10,9.0,9.0,1,,29,27.469098,53.857359,"Белецкого ул, 2, Минск",Марина,4.0
1078907454,2026-07-29T06:01:34Z,Сдается квартира на длительный срок,"Сдается на длительный срок можно можно от  месяца но будет подороже или будем договариваться.
Аккуратным и чистоплотным жильцам 
Умеещим поддерживать",505.48,1470.0,False,https://re.kufar.by/vi/1078907454,170,30.0,,,,,,,,,28,27.527983,53.872937,"Брилевская ул, 27, Минск",Иоанна,
1078907260,2026-07-29T06:00:36Z,Сдам 1-ую квартиру,Сдам 1-ую квартиру в Минске на Сухаревской,0.0,0.0,False,https://re.kufar.by/vi/1078907260,265,35.0,,,,,2.0,9.0,,,30,27.428449,53.888022,"Сухаревская ул, Минск",Оксана,
1078716949,2026-07-29T05:57:41Z,Сдам  3 комнатную квартиру в центре с охраняемой парковкой на длительный срок.,Сдам на длительный срок 3 комнатную квартиру в центре с 2 санузлами и охраняемой парковкой. Квартира расположена в элитном ЖК «Каскад» со всей инфраст,1065.99,3100.0,False,https://re.kufar.by/vi/1078716949,110,101.0,64.0,14.0,3,10,8.0,25.0,2,2012.0,30,27.520068,53.909339,"Скрыганова ул, 4Д, Минск",Александр,10.0
1078929445,2026-07-29T05:30:39Z,"Сдам в аренду 2 комнатную квартиру Уручье, Великий лес","Сдам двухкомнатную квартиру в Уручье, метро в 2 остановках или 10 минут пешком. Новостройка, по всему периметру дома, а также в подъезде и лифтах уста",515.8,1500.0,False,https://re.kufar.by/vi/1078929445,50,61.0,,9.3,3,,10.0,19.0,1,2018.0,24,27.706675,53.945836,"Пономарёва ул, Минск",Екатерина,
1078928643,2026-07-29T05:16:51Z,Аренда квартиры на длительный срок,"Просторная квартира с шикарным видом, отличная инфраструктура, тихий район, в пешей доступности парк Дрозды",750.0,2181.08,False,https://re.kufar.by/vi/1078928643,210,61.9,56.6,,1,5,9.0,9.0,10,2021.0,22,27.464885,53.936407,"Княгининская ул, 6, Минск",виктория,
1075639029,2026-07-28T19:40:12Z,Сдам квартиру на длительный срок,Стильная 2-х комнатная квартира с евро ремонтом у метро Описание: Сдается в аренду светлая и просторная квартира в современном доме  Идеальный вариант,600.0,1744.86,False,https://re.kufar.by/vi/1075639029,55,70.0,60.0,12.0,1,5,12.0,15.0,,,29,27.520796,53.888223,"Дзержинского пр, 11, Минск",Klepikov Igor,2.0
1078882617,2026-07-28T18:41:48Z,Для мужчин,"Жилье для строительной бригады либо рабочих мужчин 
Все необходимое для жилья есть 
Все остальные вопросы по телефону
А под селением к другим 
Стоимос",96.28,280.0,False,https://re.kufar.by/vi/1078882617,70,80.0,64.0,11.0,2,,1.0,1.0,,1990.0,25,27.65177,53.894909,"Солтыса ул, Минск",Ольга,4.0
1078885404,2026-07-28T18:03:07Z,"2-комнатная квартира, г. Минск, ул. Обойная, 4/2","Сдаётся квартира на улице Обойная 4-2. Дом расположен в тихом месте, закрытая придомовая территория со шлагбаумом. Все комнаты изолированы, имеется ло",750.0,2181.08,False,https://re.kufar.by/vi/1078885404,90,51.0,29.0,,3,5,6.0,9.0,,1991.0,22,27.545985,53.908432,"Обойная ул, 4к2, Минск",Елена,
1078884970,2026-07-28T17:57:59Z,1-ая квартира Малинина,Квартира с мебелью и бытовой техникой. До метро 10 мин на транспорте. Остановка транспорта прямо у дома(что очень удобно).Рядом Чижовское водохранилищ,0.0,0.0,False,https://re.kufar.by/vi/1078884970,,45.0,20.0,12.0,3,1,7.0,19.0,2,2017.0,26,27.628208,53.857252,"Малинина ул, 2, Минск",Ольга,2.0
1078879799,2026-07-28T16:59:35Z,Сдаю 2х комнатная кв на Немиге Романовская слобода 20,Квартира на Немиге свободна и можно заселиться сегодня. Без залога не заселяю. Звоните вышлю видео квартиры,620.0,1803.02,False,https://re.kufar.by/vi/1078879799,,48.0,39.0,,,10,2.0,4.0,3,,22,27.544646,53.904623,"Романовская Слобода ул, 20, Минск",звоните так же,2.0
1078869499,2026-07-28T16:05:05Z,Аренда,Сдаётся трех комнатная квартира,0.0,0.0,False,https://re.kufar.by/vi/1078869499,,100.0,,,4,5,13.0,,,,22,27.534486,53.91548,"Победителей пр, 43/2, Минск",Марина,
1078867385,2026-07-28T15:42:09Z,Сдаётся уютная 2-комнатная квартира,"От собственника сдаётся уютная 2-комнатная квартира рядом с центром

Сдаётся на длительный срок тёплая и полностью оборудованная двухкомнатная квартир",636.15,1850.0,False,https://re.kufar.by/vi/1078867385,240,53.0,47.0,6.0,2,5,2.0,5.0,3,,25,27.613637,53.901552,"Уральская ул, 7, Минск",Иван,4.0
1078863820,2026-07-28T15:09:16Z,Квартира,"Квартира находится в зеленом, тихом район»Серебрянка», с удобным сообщением транспорта. До станции метро»Партизанская» 3 остановки.Квартира аккуратная",447.03,1300.0,False,https://re.kufar.by/vi/1078863820,230,45.0,30.0,6.5,1,1,5.0,5.0,1,1972.0,27,27.611186631455123,53.86271006363787,"Плеханова ул, 75, Минск",Валентина,2.0
1078856791,2026-07-28T13:48:05Z,Сдается 3-комнатная квартира (метро Уручье),"Сдаётся уютная трёхкомнатная квартира от собственника на 9 этаже 9-ти этажного панельного дома с лифтом.
Состоит из двух спален, гостиной, отдельной к",644.75,1875.0,False,https://re.kufar.by/vi/1078856791,280,63.3,43.0,7.5,3,1,9.0,9.0,1,1991.0,24,27.684011,53.95078,"Ложинская ул, 19, Минск",Елена,3.0
1078855991,2026-07-28T13:46:37Z,Однокомнатная квартира в аренду на длительный срок,"Однокомнатная квартира в долгосрочную аренду, в хорошем состоянии, близко к станции метро Спортивная, Пушкинская. Оборудована всем необходимым.",470.0,1366.81,False,https://re.kufar.by/vi/1078855991,,33.0,18.0,,2,1,2.0,9.0,1,,30,27.488017,53.902936,"Одоевского ул, 38, Минск",Наталья,2.0
1078854569,2026-07-28T13:25:17Z,Сдается на длительный срок однокомнатная квартира,"Сдается на длительный срок однокомнатная квартира в Минск-Мире по адресу Лученка, 30.
В квартире сделан качественный современный ремонт. Оборудованная",450.0,1308.65,False,https://re.kufar.by/vi/1078854569,170,29.0,,,1,5,,25.0,2,2025.0,28,27.554294,53.861039,"Игоря Лученка ул, 30, Минск",Дарья,
1078852521,2026-07-28T13:02:07Z,Аренда квартир,Сдаётся трёхкомнатная квартира,722.12,2100.0,False,https://re.kufar.by/vi/1078852521,320,64.0,43.0,7.5,3,1,4.0,9.0,,1986.0,29,27.460585767642307,53.857663027196516,"Газеты Звязда пр, 59к2, Минск",Михаил,3.0
1078848773,2026-07-28T12:53:58Z,Уютная квартира в аренду на длительный срок,"Сдается квартира новая с ремонтом, со всеми удобствами для проживания.
Оборудованная современной техникой и новой мебелью
Просторная квартира с большо",730.0,2122.91,False,https://re.kufar.by/vi/1078848773,170,40.3,36.2,,3,10,17.0,25.0,10,2024.0,28,27.555345,53.860768,"Игоря Лученка ул, 32, Минск",Назар,2.0
1078848302,2026-07-28T12:49:06Z,Сдам квартиру,Во дворе школа и детский сад. Квартира будет сдаваться с сентября.,412.64,1200.0,False,https://re.kufar.by/vi/1078848302,50,37.6,17.2,9.3,3,1,7.0,10.0,1,2013.0,24,27.726007,53.942576,"Основателей ул, 13, Минск",Александр,
1078848103,2026-07-28T12:47:15Z,Сдается 3 комнатная квартира в Минске,"Сдается с сентября 3-комнатная светлая и ухоженная квартира. Высокий первый этаж. Полностью готова к проживанию: мебель, бытовая техника, вкл. посудом",650.0,1890.27,False,https://re.kufar.by/vi/1078848103,105,79.0,67.0,9.9,3,1,1.0,9.0,,2011.0,30,27.415639,53.912807,"Каменногорская ул, 18, Минск",Елена,5.0
1078848071,2026-07-28T12:46:59Z,Квартира 1комнатная  аренда,"Отличная квартира,только после евроремонта, простоная,уютная,диван приобретём по необходимости, многие знаю хотят со своей мебелью. 
Сдам в аренду жел",410.0,1192.32,False,https://re.kufar.by/vi/1078848071,305,40.0,18.0,9.0,1,5,5.0,7.0,3,2000.0,26,27.61131,53.835159,"Уборевича ул, 170, Минск",Анастасия,1.0
1078846845,2026-07-28T12:36:02Z,"Минск, Варвашени ул., д.20-2, Аренда: 2-ком. кварт",БЕЗ КОМИССИЙ АГЕНСТВУ.  Сдается  по договору найма просторная 2-комнатная квартира общей площадью 48 кв. м. На 6 этаже из 9 этажей. 8 минут пешком (68,498.61,1450.0,True,https://re.kufar.by/vi/1078846845,10,48.0,25.7,7.0,1,,6.0,9.0,3,1971.0,26,27.676178,53.867256,"Варвашени ул, 20к2, Минск",ООО Агентство недвижимости 7 этажей,
1078837313,2026-07-28T11:47:52Z,Сдаётся в аренду на длительный срок 1-ая квартира.,"Сдаётся в аренду на длительный срок однокомнатная квартира.
Квартира светлая и тёплая. Санузел раздельный, есть небольшой балкон. В квартире есть всё",370.0,1076.0,False,https://re.kufar.by/vi/1078837313,230,38.0,,,1,,5.0,9.0,1,,27,27.606064,53.859971,"Рокоссовского пр, 84, Минск",Ekaterina,1.0
1078836822,2026-07-28T11:42:13Z,Трехкомнатная квартира в аренду в сердце Столицы,"Просторная, светлая квартира после ремонта, новая кухня. Напротив Дворец железнодорожников с бассейном и фитнесом, рядом сильные школы с бассейнами.Кв",847.63,2465.0,True,https://re.kufar.by/vi/1078836822,15,65.1,40.8,8.4,1,5,2.0,9.0,3,1978.0,28,27.536624,53.877343,"Чкалова ул, 9к2, Минск",ООО База Недвижимости Бай,
1062079390,2026-07-28T11:22:07Z,Сдаётся 1-комн.квартира в Зелёном луге,"Сдам 1-комн.квартиру на 2-3 недели или месяц, можно студентам на сессию
С 10-15 апреля
Квартира с хорошим ремонтом, есть двусп.кровать и односпальный",0.0,0.0,False,https://re.kufar.by/vi/1062079390,100,33.0,,,3,1,,,1,,24,27.629807,53.955887,"Тикоцкого ул, 18, Минск",Ирина,
1076511995,2026-07-28T11:20:52Z,Сдается в аренду двухкомнатная квартира в Лебяжьем,"Аренда от собственника, без комиссии агентам и дополнительных платежей.
ВАЖНО: Интернет включен в стоимость.
Комфортная 2х комнатная квартира в прести",750.0,2181.08,False,https://re.kufar.by/vi/1076511995,,56.0,42.0,13.7,1,10,4.0,9.0,4,2018.0,22,27.460833,53.934912,"Камайская ул, 8, Минск",Татьяна,5.0
1078833855,2026-07-28T11:16:50Z,Квартира,"Сдается квартира на долгий срок ! Коммунальные , договор , цена",600.0,1744.86,False,https://re.kufar.by/vi/1078833855,,47.0,,,,,17.0,,,,22,27.475754,53.933598,"Мястровская ул, 6, Минск",Влад,
1078294949,2026-07-28T11:14:29Z,"Аренда 2-комнатной квартиры, Лученка 11","Аренда только от 1 года!
2-х комнатная квартира-студия, которая находится на 11-м этаже по адресу: ул. Лученка, 11. 
Дом 2021 года постройки. Общая пл",620.0,1803.02,True,https://re.kufar.by/vi/1078294949,170,39.4,34.5,,3,,11.0,25.0,,2021.0,28,27.542553,53.86758,"Игоря Лученка ул, 11, Минск",ООО Центр недвижимости ГАЛАКТИКА,
1078830339,2026-07-28T10:42:20Z,Квартира,"Аренда квартиры возможна с 1 сентября , для граждан РБ . Тихий зеленый район . Рядом гимназия #6 и детский сад. 
Дом кирпичный, две лоджии .",510.64,1485.0,False,https://re.kufar.by/vi/1078830339,,65.0,40.0,7.4,4,1,2.0,9.0,3,1974.0,23,27.597108,53.932988,"Якуба Коласа ул, 53к3, Минск",Геннадий,
1075150547,2026-07-28T10:27:52Z,Сдается квартира на Асаналиева 22/3.,"Сдается квартира на Асаналиева 22/3.
Первая сдача.
Квартира трехкомнатная. Сдается на длительный срок. Свободна и готова к заселению.
Большая кухня 8,",584.57,1700.0,True,https://re.kufar.by/vi/1075150547,235,64.3,38.2,8.8,3,1,2.0,12.0,1,1992.0,28,27.548904,53.853296,"Асаналиева ул, 22к3, Минск",ООО ''Фаттория Плюс'',4.0
1078828092,2026-07-28T10:18:45Z,Недвижимость аренда,"Хорошая кв, в хорошем районе , есть все для жизни",700.0,2035.67,False,https://re.kufar.by/vi/1078828092,210,48.0,,,1,1,3.0,17.0,,2018.0,22,27.459809,53.942195,"Ратомская ул, 7, Минск",Анто,4.0
1078826981,2026-07-28T10:06:46Z,Сдаётся квартира,"Сдается 1 комнатная квартира (студия) 41кв. с отличным видом на длительный срок (не менее 15 дней). Минск - Мир, метро Аэродромная. Квартира укомплект",515.46,1499.0,False,https://re.kufar.by/vi/1078826981,170,41.0,39.0,,3,5,22.0,25.0,,2024.0,28,27.528611,53.872491,"Брилевская ул, 25, Минск",Сергей,3.0
1078824450,2026-07-28T09:54:09Z,Сдаю комнаты / квартиру,"Сдам в аренду квартиру на долгий срок. Предварительно 2 комнаты (в третей никто жить не будет), с возможной перспективой аренды всей квартиры. Квартир",447.03,1300.0,False,https://re.kufar.by/vi/1078824450,80,70.0,,,1,,1.0,9.0,1,,30,27.439454,53.897467,"Одинцова ул, 79к2, Минск",Виталия,
1076414189,2026-07-28T09:46:59Z,"Аренда 2-комнатной квартиры, Есенина 34","Сдается уютная квартира общей площадью 71.6 кв.м по адресу: г. Минск, ул. Сергея Есенина 34. Расположена на 8 этаже с прекрасным видом. В квартире вып",650.0,1890.27,True,https://re.kufar.by/vi/1076414189,,71.6,41.0,,3,,8.0,9.0,4,,29,27.454393,53.852077,"Сергея Есенина ул, 34, Минск",ООО Центр недвижимости ГАЛАКТИКА,
1078824688,2026-07-28T09:42:53Z,"Собственник сдаёт 1 к. кв-ру Минск, Дроздовича 6","Собственник сдает шикарную, уютную, чистую 1-комн. квартира с мебелью и техникой в Минске, ул. Дроздовича, 6. На 3 эт/10эт., 9/19/43 м. Имеется вся ку",498.61,1450.0,False,https://re.kufar.by/vi/1078824688,145,37.0,19.0,9.0,3,5,3.0,10.0,4,2021.0,27,27.563996,53.847766,"Язепа Дроздовича ул, Минск",Мария,1.0
1071128843,2026-07-28T09:15:43Z,"Сдам однокомнатную квартиру, Пионерская 9","Просторная уютная 1 комнатная квартира в престижном районе Дрозды - лучшее месторасположение в Минске.
В квартире все необходимое для проживания.
Аген",515.8,1500.0,False,https://re.kufar.by/vi/1071128843,195,48.0,,,2,5,2.0,,,,22,27.488017,53.939688,"Пионерская ул, Минск",Людмила,
1078822091,2026-07-28T09:15:37Z,Двухуровневая 4-к квартира.,"Сдаётся в аренду просторная двухуровневая квартира общей площадью 134,5 м2 по адресу ул. Карвата, 31А. Продуманный дизайн-проект, натуральные материал",1272.31,3700.0,True,https://re.kufar.by/vi/1078822091,255,134.5,94.9,,1,10,19.0,20.0,10,2012.0,25,27.678513,53.911869,"Карвата ул, 31А, Минск",ООО ВСП недвижимость-Инвест,4.0
1078821218,2026-07-28T09:05:56Z,"Снять 3-комнатную квартиру, г. Минск, ул. Голодеда, 77","Сдаётся большая и светлая 3-комнатная квартира для долгосрочного проживания (от 1 года) в зелёном районе Минска. Адрес: ул. Голодеда, 77. Идеальный ва",500.0,1454.05,False,https://re.kufar.by/vi/1078821218,305,61.5,40.3,,3,,1.0,9.0,3,1983.0,26,27.611939,53.838698,"Голодеда ул, 77, Минск",Артурас,
1078812815,2026-07-28T07:57:43Z,"1-комнатн. квартира, г. Минск, ул. Есенина, 60","Сдаётся однокомнатная квартира.

Полностью укомплектована мебелью и техникой — всё необходимое для комфортного проживания есть.

Отличное расположение",450.0,1308.65,False,https://re.kufar.by/vi/1078812815,,43.0,,,1,,2.0,19.0,,2010.0,29,27.445939,53.855664,"Сергея Есенина ул, 60, Минск",Пользователь,3.0
1063504377,2026-07-28T07:53:30Z,1-Квартира в ЖК «Северный Берег»,"В долгосрочную аренду сдается новая квартира в ЖК «Северный Берег», «тихий» дом Parkland4, вторая береговая линия. 

На первом этаже дома находится Кл",850.0,2471.89,False,https://re.kufar.by/vi/1063504377,,43.0,,,1,,3.0,7.0,,2024.0,23,27.56829,53.962049,"Виталия Цвирко ул, 74, Минск",Ольга,
1078807348,2026-07-28T07:25:48Z,"Сдается уютная 3-комнатная квартира в аренду в Минске, расположенная по адресу: ул. Чичурина 2","Сдается уютная 3-комнатная квартира в аренду в Минске, расположенная по адресу: ул. Чичурина
Квартира расположена на 9 этаже 9-этажного дома.Общая пло",618.96,1800.0,False,https://re.kufar.by/vi/1078807348,65,76.8,46.6,10.3,3,5,9.0,9.0,1,2010.0,30,27.458318,53.921738,"Чичурина ул, 2, Минск",Константин,2.0
1078804996,2026-07-28T07:08:04Z,Сдам квартиру,"Сдам квартиру на долгий срок , хорошим ответственным людям . 
Без животных . 
 Установлен подогрев полов",1000.0,2908.1,False,https://re.kufar.by/vi/1078804996,65,65.0,40.0,15.0,3,5,2.0,9.0,2,2005.0,30,27.449847,53.922936,"Всеволода Игнатовского ул, Минск",Миша,2.0
1078177337,2026-07-28T06:35:11Z,Аренда,"Сдается квартира в самом центре города!
Евротрешка: две отдельные комнаты + просторная кухня-гостиная. Только для порядочной семьи, которая ищет жилье",850.0,2471.89,False,https://re.kufar.by/vi/1078177337,,65.4,26.7,21.5,3,5,9.0,10.0,3,1997.0,22,27.54585,53.90753,"Обойная ул, 4к1, Минск",Татьяна,3.0
1078776595,2026-07-28T06:25:18Z,Сдаётся квартира в Лошице,"Сдаётся уютная, просторная 3-х комнатная квартира с солнечной лоджией 
в м-н Лошице( на длительный срок) для спокойного проживания. 
Приоритет — людям",600.0,1744.86,False,https://re.kufar.by/vi/1078776595,145,80.0,,,1,5,4.0,9.0,1,,27,27.583617130603667,53.835558374062565,"Прушинских ул, 22, Минск",Евгения,3.0
1061915646,2026-07-28T06:09:15Z,Сдам квартиру в г. Минск для командированных,"Предлагаем квартиру для КОМАНДИРОВАННЫХ. Работаем с ЮРЛИЦАМИ.
Предоставляем отчетные документы, возможен наличный и безналичный расчет.

Аренда от 15",0.0,0.0,True,https://re.kufar.by/vi/1061915646,,65.0,,,,,3.0,9.0,,,23,27.565856,53.935262,"Лили Карастояновой ул, Минск",ООО ШаКоХаус,5.0
1078800261,2026-07-28T06:04:56Z,"Двухкомнатная квартира, метро Слуцкий гостинец","Тихая, уютная двухкомная квартира (окна на разные стороны) для СЕМЬИ, можно с детьми.
Только гражданам РБ, по договору, лицам без вредных привычек, бе",510.0,1483.13,False,https://re.kufar.by/vi/1078800261,135,50.0,,7.3,1,5,2.0,9.0,1,,28,27.530854997563658,53.84443418546454,"Лейтенанта Кижеватова ул, 80к2, Минск",Людмила,
1078769669,2026-07-27T19:44:59Z,"Сдается евродвушка на длительный срок «Минск-Мир», ул.Жореса Алферова,8","Первое заселение! Сдаётся на длительный срок современная евродвушка в ЖК «Минск-Мир» (по договору). Квартира площадью 38,4 кв.м. полностью готова к за",700.0,2035.67,False,https://re.kufar.by/vi/1078769669,170,38.4,36.8,,3,5,8.0,10.0,2,2025.0,28,27.55274,53.864225,"Жореса Алфёрова ул, 8, Минск",Ирина,4.0
1078769072,2026-07-27T19:42:45Z,1-комнатная квартира,Сдам уютную однокомнатную квартиру у метро Автозаводская. Квартира после капитального ремонта. Есть всё необходимое для комфортного проживания. На окн,584.57,1700.0,False,https://re.kufar.by/vi/1078769072,,29.0,17.0,6.0,1,5,5.0,5.0,1,1972.0,26,27.643739,53.868727,"переулок Кабушкина, 5, Минск",Александра,1.0
1078768436,2026-07-27T19:08:28Z,Сдаётся однокомнатная квартира,"Без комиссии агентству. Долгосрочная аренда. Сдается чистая и уютная 1-комн. квартира. В наличие мебель и техника для комфортного проживания. Почта, б",450.0,1308.65,False,https://re.kufar.by/vi/1078768436,135,39.0,18.0,10.0,2,1,7.0,12.0,3,1991.0,28,27.521299,53.855521,"Брестская ул, 77А, Минск",Настя,1.0
1078766435,2026-07-27T18:42:28Z,Аренда однокомнатной квартиры на длительный срок,"Сдается комфортная квартира с мебелью,полностью оборудованной кухней на длительный срок.Студентам ,агентствам ,парам с животными просьба не беспокоить",450.0,1308.65,False,https://re.kufar.by/vi/1078766435,30,45.2,19.1,10.8,3,1,16.0,16.0,10,2007.0,29,27.481207,53.848776,"Яна Чечота ул, Минск",Александр,
1078765795,2026-07-27T18:33:56Z,Сдается в долгосрочную аренду,"Сдается на длительный срок 2-х комнатная квартира от собственника в пяти минутах от ТЦ ""GreenCity"" и м. Каменная Горка. Район Каменная Горка. Свежий р",750.0,2181.08,False,https://re.kufar.by/vi/1078765795,105,52.1,29.0,9.5,3,5,10.0,12.0,4,2012.0,30,27.420634,53.909705,"Нёманская ул, 3, Минск",Марина,
1075072069,2026-07-27T18:02:30Z,Отличная и удобная квартира для проживания,"Свободная и просторная квартира в элитном ЖК Аркадия, в приятном неоклассическом исполнении для самостоятельных людей без вредных привычек.",550.19,1600.0,False,https://re.kufar.by/vi/1075072069,220,54.0,21.0,13.0,,5,25.0,27.0,,2022.0,23,27.584361,53.937833,"Максима Богдановича ул, 132, Минск",Александр,
1076148127,2026-07-27T17:37:37Z,"2-комнатная квартира, Мястровская 19","На длительный срок сдается квартира по адресу: Мястровская, 19. 
Квартира полностью укомплектована всей необходимой мебелью и техникой для комфортного",850.0,2471.89,True,https://re.kufar.by/vi/1076148127,,63.4,46.0,,3,,7.0,9.0,10,2019.0,22,27.467897,53.937727,"Мястровская ул, 19, Минск",ООО Центр недвижимости ГАЛАКТИКА,
1078758250,2026-07-27T17:24:14Z,Сдается 3-х комнатная квартира,"Сдаётся квартира для проживания по адресу ул. Гая, 14 (1-й этаж).
Главные плюсы квартиры и дома:
 Только что сделан клининг - квартира полностью готов",550.0,1599.46,False,https://re.kufar.by/vi/1078758250,,57.0,,,,,1.0,,,,22,27.562128,53.929701,"Гая ул, 14, Минск",Александр,
1078745653,2026-07-27T17:16:27Z,2-х комнатная квартира,"Евродвушка со свежим ремонтом. На длительный срок. 
Дом 2022 года. Квартира светлая, уютная, полностью готова к проживанию. Коммунальные небольшие- пр",700.0,2035.67,False,https://re.kufar.by/vi/1078745653,220,61.3,,,1,5,3.0,26.0,,2022.0,23,27.586337,53.939513,"Максима Богдановича ул, 144, Минск",татьяна,4.0
1078753642,2026-07-27T16:49:24Z,3 комнатная квартира в аренду,"Сдаётся 3‑комнатная квартира — уют и комфорт для семьи

Сдаётся просторная и светлая 3‑комнатная квартира с продуманной планировкой: две отдельные изо",950.0,2762.7,False,https://re.kufar.by/vi/1078753642,170,58.0,,,1,5,19.0,25.0,2,2025.0,28,27.553216,53.861602,"Игоря Лученка ул, 28, Минск",Анна,3.0
1078749526,2026-07-27T16:23:57Z,Аренда квартиры,Без комиссии агентству !!! Долгосрочная аренда !!! Сдается чистая и уютная 1-комн. квартира. В наличие мебель и техника для комфортного проживания. Ря,515.8,1500.0,False,https://re.kufar.by/vi/1078749526,45,39.0,17.0,9.0,3,5,5.0,16.0,1,1980.0,24,27.653765,53.936502,"Калиновского ул, 82к1, Минск",Дмитрий,
1078741721,2026-07-27T15:11:08Z,Однокомнатная квартира в Минск-Мире,Сдается в аренду стильная современная студия с продуманной планировкой и выделенной зоной для сна. Просторная лоджия с большими панорамными окнами осн,600.0,1744.86,False,https://re.kufar.by/vi/1078741721,170,33.1,24.4,,3,5,15.0,25.0,10,2022.0,28,27.545069,53.87161,"Аэродромная ул, 26, Минск",Егор,
1078741199,2026-07-27T15:04:23Z,Сдается квартира в аренду,Сдается однокомнатная квартира в центре Минска только на длительный срок. В квартире есть все для проживания. Без животных. Предоплата за 2 месяца.,500.0,1454.05,False,https://re.kufar.by/vi/1078741199,,30.0,30.0,7.0,,,2.0,4.0,3,1977.0,22,27.528629,53.917983,"Тарханова ул, 13, Минск",Наталья,
1078741058,2026-07-27T15:02:46Z,Сдаётся светлая тёплая просторная видовая 2ком кв,"Классная видовая квартира в лучшей тихой части города! Тёплая, светлая двухкомнатная квартира с ремонтом и техникой на идеальном высоком втором этаже",1031.6,3000.0,False,https://re.kufar.by/vi/1078741058,,50.0,30.0,7.5,2,5,2.0,5.0,3,1955.0,22,27.571326,53.908601,"Коммунистическая ул, 4, Минск",Snake,3.0
1078740053,2026-07-27T14:50:24Z,Квартира 3х комнатная аренда,"Сдается на длительный срок трехкомнатная квартира. Окна одной спальни выходят на проспект, остальные в тихий уютный дворик. Недалеко от станции метро",700.0,2035.67,False,https://re.kufar.by/vi/1078740053,,55.0,,,1,10,4.0,5.0,3,,26,27.61891,53.877332,"Партизанский пр, 69, Минск",Вика,
1078739186,2026-07-27T14:38:48Z,Однокомнатная квартира,Сдам квартиру однокомнатную квартиру на длительный срок. Без мебели.,500.0,1454.05,False,https://re.kufar.by/vi/1078739186,280,33.1,,,1,1,8.0,9.0,1,,24,27.679483,53.939799,"Шугаева ул, 13к1, Минск",Александр,
1078736252,2026-07-27T14:08:03Z,"Снять 4-комнатную квартиру, г. Минск, ул. Нововиленская, 10","Просторная 4-комнатная квартира в аренду на ул. Нововиленская, 10

Предлагается в аренду просторная и функциональная квартира площадью 105 м2, располо",1031.6,3000.0,True,https://re.kufar.by/vi/1078736252,,105.9,76.1,,1,,7.0,10.0,,,22,27.541511,53.929781,"Нововиленская ул, 10, Минск","ООО ""Резалт Недвижимость""",
1078735727,2026-07-27T14:01:53Z,Сдаётся квартира-студия в 2-х минутах от метро,"Собственником сдаётся на длительный срок уютная квартира-студия. Малоэтажный дом, новый хороший ремонт, первое заселение, окна с видом на парк, 250 ме",567.38,1650.0,False,https://re.kufar.by/vi/1078735727,170,32.3,21.5,21.5,,10,3.0,6.0,2,2025.0,28,27.541831523918773,53.86625239721623,"Игоря Лученка ул, 16, Минск",Александр,2.0
1078732130,2026-07-27T13:22:48Z,Двухкомнатная квартира в центре,"Сдам на два месяца( август сентябрь)
Возможна аренда на недели, дни.",825.28,2400.0,False,https://re.kufar.by/vi/1078732130,,71.0,,,1,5,,,3,,27,27.568045645270505,53.897724718804675,"Ульяновская ул, 4, Минск",Наталья,
1078726452,2026-07-27T12:51:17Z,"Аренда 3-комнатной квартиры, Победителей 115","Уникальная квартира с дизайнерским ремонтом (112 кв.м.). Находится на 26 этаже самого высокого здания г.Минска. 

В ходе ремонта использовались натура",2000.0,5816.2,True,https://re.kufar.by/vi/1078726452,,112.4,84.9,,4,,29.0,30.0,,2018.0,22,27.477219,53.936756,"Победителей пр, 115, Минск",ООО Центр недвижимости ГАЛАКТИКА,
1078726273,2026-07-27T12:49:23Z,Сдается 1-к.квартира,"Сдается уютная 1к.квартира  после ремонта по ул. Шугаева,13, к.2 (4й этаж из 10) Оборудована необходимой мебелью, бытовой техникой( холодильник, стира",450.0,1308.65,False,https://re.kufar.by/vi/1078726273,,33.0,17.0,7.2,3,5,4.0,10.0,1,1988.0,24,27.695554435938302,53.93686541828934,Минск,Светлана,2.0
1078725974,2026-07-27T12:46:00Z,Современная квартира на Независимости 88,"Сдаётся современная квартира на длительный срок. Жилой комплекс расположен рядом с прекрасным парком Челюскинцев. На первых этажах находятся кафе, маг",920.0,2675.45,False,https://re.kufar.by/vi/1078725974,,50.0,40.0,25.0,3,10,12.0,,10,2021.0,24,27.622827,53.925025,"Независимости пр, 88, Минск",Мишель,4.0
1078722090,2026-07-27T12:23:04Z,сдача 1 комнатной квартиры,"Сдаётся 1-комнатная квартира на длительный срок в микрорайоне Веснянка (развитая инфраструктура) только гражданам РБ: одному человеку или паре, без вр",447.03,1300.0,False,https://re.kufar.by/vi/1078722090,40,33.3,17.0,7.2,3,10,6.0,9.0,1,1986.0,22,27.494655,53.932919,"Радужная ул, 6, Минск",Алеся,2.0
1078381682,2026-07-27T11:52:08Z,Однокомнатная квартира Минск мир,"Сдается студия в Минск мире.
На долгий срок 
Вся необходимая мебель имеется.
В квартире никто не прописан. 
По всем вопросам писать в",515.8,1500.0,False,https://re.kufar.by/vi/1078381682,170,25.9,,,1,10,15.0,16.0,,,28,27.528908,53.866959,"Лейтенанта Кижеватова ул, 1Б, Минск",Лиза,
1075023023,2026-07-27T11:40:33Z,Сдаю однокомнатную квартиру на длительный срок,"Сдается однокомнатная квартира на длительный срок рядом с метро ""Каменная горка"" (5 мин ходьбы). Подробности по телефону.",450.0,1308.65,False,https://re.kufar.by/vi/1075023023,130,38.3,18.0,7.1,3,5,11.0,19.0,1,1990.0,30,27.443227,53.911147,"Притыцкого ул, 124, Минск",Виталий,
1078714219,2026-07-27T11:18:07Z,"Сдается просторная 1-комнатная квартира у ст. метро Якуба Коласа, 3 минуты от метро.","Сдается просторная 1-комнатная квартира у ст. метро Якуба Коласа, 3 минуты от метро.

Сдаётся уютная просторная двухкомнатная квартира на 6 этаже 10-э",550.0,1599.46,False,https://re.kufar.by/vi/1078714219,120,48.0,46.0,10.9,1,1,6.0,10.0,2,2000.0,23,27.587388999925988,53.920780479391425,"Якуба Коласа ул, 15, Минск",Мария,
1078713889,2026-07-27T11:14:58Z,"Сдается 3-комнатная квартира в доме с закрытой территорией, г. Минск, ул. Кропоткина","Сдается 3-комнатная квартира в Центральном районе г. Минска. 
Дом премиум-класса 2006 года с оригинальным фасадом в стиле Малевича, малоквартирный (вс",825.28,2400.0,True,https://re.kufar.by/vi/1078713889,,108.6,66.1,15.5,1,1,10.0,10.0,4,2004.0,22,27.555911,53.919442,"Кропоткина ул, 57, Минск",ООО Партнер для всех,
1078713153,2026-07-27T11:06:32Z,Просторная 3-ка в классическом стиле в сердце столицы,"Представляем вашему вниманию 3 комнатную квартиру по ул. Кропоткина д.57.
Каркасно-блочный дом 2004 года постройки. Территория огорожена, въезд через",894.05,2600.0,True,https://re.kufar.by/vi/1078713153,,113.6,57.0,18.1,3,1,5.0,10.0,10,2004.0,22,27.555911,53.919442,"Кропоткина ул, 57, Минск",ООО Авангард Недвижимость,3.0
1077860203,2026-07-27T10:37:20Z,Аренда трехкомнатной квартиры в ''тихом'' центре,Трехкомнатная квартира в тихом центре. Полностью готова к проживанию. Сдаётся только на длительный срок. Только гражданам РБ и смежных государств. Воз,618.96,1800.0,True,https://re.kufar.by/vi/1077860203,120,61.7,39.0,,1,,4.0,5.0,3,,23,27.575899,53.917909,"Пугачёвская ул, 24, Минск",Агентство недвижимости  ''Счастливый адрес регион'',3.0
1078709972,2026-07-27T10:31:31Z,"Снять 3-комнатную квартиру, г. Минск, ул. Толбухина, 11","Сдается большая и уютная квартира в Первомайском районе по адресу: ул. Толбухина 11! Расположена на 9 этаже 9 этажного дома, укомплектована мебелью и",756.51,2200.0,True,https://re.kufar.by/vi/1078709972,,68.5,52.6,,1,5,9.0,9.0,,,24,27.611211,53.927782,"Толбухина ул, 11, Минск","ООО ""Резалт Недвижимость""",
1077874120,2026-07-27T10:20:29Z,"Снять 2-комнатную квартиру, г. Минск, ул. Чечота, 5","Сдаётся просторная 2-комнатная квартира площадью 55,1 квадратных метров с идеальной планировкой. Квартира расположена  в живописнейшем районе столицы",515.8,1500.0,True,https://re.kufar.by/vi/1077874120,30,55.1,29.3,10.1,3,,4.0,10.0,,,29,27.477318,53.850544,"Яна Чечота ул, 5, Минск","ООО ""Резалт Недвижимость""",
1078708960,2026-07-27T10:20:07Z,Сдается квартира у метро,"Сдаетсянуютная квартира, в которой есть все для комфортного проживания в 5 минутах от метро ""Аэродромная"". Квартира чистая с хорошим ремонтом. Иностра",500.0,1454.05,False,https://re.kufar.by/vi/1078708960,170,32.0,,,1,5,5.0,22.0,10,2022.0,28,27.543317,53.868977,"Николы Теслы ул, 16, Минск",Елена,2.0
1078705826,2026-07-27T09:48:43Z,сдам 2х комнатную квартиру с ремонтам на Голубева,"Квартира будет свободна после 15.08.2026. Сдается только на длительный срок, договор.",500.0,1454.05,False,https://re.kufar.by/vi/1078705826,320,49.5,32.0,9.3,4,5,5.0,9.0,1,,29,27.46298,53.869545,"Голубева ул, 28, Минск",Алексей,4.0
1078389790,2026-07-27T09:25:12Z,"3-комнатная квартира Минск, Новгородская, 9","Сдается 3-комнатная квартира на Новгородской 9

Ищете комфортное жильё для долгосрочного проживания? У нас есть отличное предложение!

Что включено:",596.27,1734.0,True,https://re.kufar.by/vi/1078389790,,66.6,43.5,8.8,3,,6.0,9.0,1,2004.0,24,27.609819,53.939407,"Новгородская ул, 9, Минск",ТАА Уласны Дах Эстэйт,
1078703831,2026-07-27T09:24:18Z,2х комн. кв. на длительный срок в Минске,"Чистая, светлая, с окнами на юг, благоустроенная 2х комн. с договором. 1300 BYN + доп. услуги. Подробнее на",0.0,0.0,False,https://re.kufar.by/vi/1078703831,265,55.0,32.0,9.0,3,,,,,,30,27.43162,53.894734,"Лобанка ул, Минск",Продавец,
1078703661,2026-07-27T09:22:15Z,"1-комн. для длительного проживания у метро: ул. Захарова 64, у метро Площадь Победы","Работаем по факту! 

Полностью укомплектована всем необходимым для длительного проживания: мебель, техника, посуда, бытовые мелочи 

ул. Захарова 64,",500.0,1454.05,True,https://re.kufar.by/vi/1078703661,200,33.4,16.5,7.0,1,5,8.0,10.0,3,1971.0,25,27.585178,53.897159,"Захарова ул, 64, Минск",ООО КАРТА ГОРОДА,2.0
1076589152,2026-07-27T09:08:29Z,Долгосрочная аренда квартиры,"После косметического ремонта первое заселение. Только парам. Очень хорошая инфраструктура, парки, магазины, ТЦ, метро, кинотеатры, почта, спортивный з",447.03,1300.0,False,https://re.kufar.by/vi/1076589152,,40.0,17.0,10.0,3,1,7.0,7.0,,2006.0,30,27.477327,53.90683,"Притыцкого ул, 41, Минск",User,2.0
1078701879,2026-07-27T09:01:22Z,Сдаётся 4-комнатная квартира в ЖК «Променад»,"Сдаётся четырёхкомнатная квартира в ЖК «Променад»

Продуманная планировка включает спальню, детскую комнату, отдельный кабинет, который при необходимо",2350.0,6834.04,False,https://re.kufar.by/vi/1078701879,,107.0,96.0,,4,10,17.0,25.0,,2021.0,22,27.468784,53.935893,"Ильянская ул, 18, Минск",Дмитрий,
1072692346,2026-07-27T08:59:35Z,Аренда квартиры,Аренда на длительный срок,1200.0,3489.72,False,https://re.kufar.by/vi/1072692346,120,140.0,,14.0,4,5,2.0,9.0,4,2010.0,23,27.585187,53.92064,"Беломорская ул, 4А, Минск",Katerina,
1076940881,2026-07-27T08:57:38Z,Двухкомнатная квартира в микрорайоне Дрозды,"Просторная уютная 2-х комнатная квартира в престижном районе Дрозды - ул. Пионерская, 9 - лучшее месторасположение в Минске. Площадь квартиры 85 кв.м.",825.28,2400.0,True,https://re.kufar.by/vi/1076940881,195,85.1,47.2,13.5,3,1,4.0,4.0,,2008.0,22,27.485879,53.938723,"Пионерская ул, 9, Минск",Бюро Городской Недвижимости,
1078700198,2026-07-27T08:42:20Z,Сдается квартира в центре Минска,"Сдается 1.5 комнатная квартира от собственника, с мебелью и бытовой техникой общей площадью 40м2 + 8 м2 лоджия. Полностью укомплектована для комфортно",500.0,1454.05,False,https://re.kufar.by/vi/1078700198,,40.0,,,3,5,,,3,,23,27.565408526206394,53.92355047365823,"Веры Хоружей ул, 26, Минск",Muy muy,
1078698222,2026-07-27T08:21:08Z,"Снять 3-комнатную квартиру, г. Минск, ул. Игоря Лученка, 16","Сдается уютная и просторная квартира с дизайнерским ремонтом и абсолютно всей мебелью и техникой для комфортной жизни в лучшем квартале Минск-Мира!

П",1193.22,3470.0,True,https://re.kufar.by/vi/1078698222,170,55.2,43.9,,3,10,10.0,16.0,4,2025.0,28,27.541323,53.866821,"Игоря Лученка ул, 16, Минск",ООО Результативная недвижимость,
1078687327,2026-07-27T07:16:20Z,Сдам студию дом Багамы с 28 августа,"С 28 августа сдаётся уютная комфортабельная квартира -студия в ЖК ""Минск-Мир"" в доме Багамы с прекрасным видом на МФЦ "" Авиа Молл"" гражданам РБ, РФ. В",515.8,1500.0,False,https://re.kufar.by/vi/1078687327,170,30.0,30.0,30.0,1,5,12.0,25.0,,,28,27.547867183216884,53.86365310813693,"Братская ул, 11, Минск",Юлия,2.0
1078658663,2026-07-27T05:18:35Z,Свободна. Сдается 2-комн квартира (Евродвушка),"Сдается 2-комн квартира (Евродвушка) в ЖК Минск Мир, в 5 минутах от метро Аэродромная, ТРЦ Авиа Молл.

Площадь квартиры 38,7 м2. Дом Баку, ул Белградс",590.0,1715.78,False,https://re.kufar.by/vi/1078658663,170,38.7,32.0,10.0,3,5,13.0,25.0,10,2022.0,28,27.541206,53.869693,"Белградская ул, 6, Минск",Елена,1.0
1078655470,2026-07-27T05:10:50Z,Сдаётся 2-х комнатная квартира,"Сдаётся 2-х комнатная, светлая,тёплая,  готовая для проживания квартира. В квартире есть вся мебель. В спальне двухспальная кровать, шкаф, комод, зерк",700.0,2035.67,False,https://re.kufar.by/vi/1078655470,105,58.0,,9.0,3,1,9.0,19.0,1,2015.0,30,27.437465144170066,53.92387643539785,"Колесникова ул, 25, Минск",Елена,4.0
1078652844,2026-07-27T04:59:48Z,Сдается 2-х комнатная квартира возле м. Каменная горка,"Сдаётся уютная 2-х комнатная квартира, рядом с метро ""Каменная горка"", от собственника. Чистая и аккуратная квартира. Окна выходят во двор. Две изолир",481.41,1400.0,False,https://re.kufar.by/vi/1078652844,80,47.0,,,1,,5.0,9.0,1,1988.0,30,27.435788,53.897122,"Лобанка ул, 13к1, Минск",svetlana,3.0
1035574271,2026-07-27T04:08:07Z,"Снять 2-комнатную квартиру в центре, Минск","Сдается стильная 2-комнатная квартира совмещающая в себе элементы ретро и современности.
О квартире:
Просторная 55 метров. За счет больших окон и высо",600.0,1744.86,True,https://re.kufar.by/vi/1035574271,200,54.7,,,2,1,1.0,3.0,,1950.0,25,27.578665,53.900671,"Первомайская ул, 24к3, Минск",ООО Партнер для всех,
1075743013,2026-07-27T04:08:07Z,"Снять 2-комнатную квартиру в центре Минска, Пулихова","Сдается 2-комнатная квартира, которая идеально подойдет для 1 человека или пары, которые ценят комфорт и тишину.
Локация:
Самая тихая и зеленая часть",618.96,1800.0,True,https://re.kufar.by/vi/1075743013,200,51.8,32.5,11.3,4,1,2.0,9.0,3,1972.0,25,27.57942,53.897764,"Пулихова ул, 19, Минск",ООО Партнер для всех,
1073121689,2026-07-26T20:46:21Z,Сдам квартиру ЖК Парк Челюскинцев 41 м2,Новая светлая и просторная квартира-студия 41м2 расположена на 11 этаже у входа в Парк Челюскинцев. Укомплектована всей необходимой мебелью и надежной,750.0,2181.08,False,https://re.kufar.by/vi/1073121689,,41.0,,,3,10,11.0,13.0,10,2022.0,24,27.622478230154456,53.9249707833547,"Независимости пр, 88, Минск",Екатерина,2.0
1078650919,2026-07-26T19:41:08Z,Лебяжий 3-ех комнатная квартира 114 м² без отделки,"Сдаётся в аренду просторная 3-комнатная квартира 114 м² в ЖК «Лебяжий» (Ратомская, 7), Центральный район — один из самых престижных и зелёных районов",400.0,1163.24,False,https://re.kufar.by/vi/1078650919,210,114.0,108.0,,3,20,15.0,17.0,2,2018.0,22,27.459809,53.942195,"Ратомская ул, 7, Минск",Игорь,
1078651444,2026-07-26T19:40:21Z,Сдается 3-к. квартира с большой лоджией,Сдается на длительный срок просторная трехкомнатная квартира от собственника. Сдача квартиры осуществляется официально по договору. Квартира полностью,650.0,1890.27,False,https://re.kufar.by/vi/1078651444,280,83.0,77.0,,3,,5.0,9.0,,,24,27.693075,53.945168,"Независимости пр, 180, Минск",Виктория,3.0
1078650875,2026-07-26T19:31:12Z,Сдам 2 комнатную квартиру,Квартира на долгий срок. Заезд с 25 августа. Квартира с простым ремонтом не евро . Фото чуть позже .предпочтение отдаем семье .просмотр после 15 авгус,500.0,1454.05,False,https://re.kufar.by/vi/1078650875,80,48.0,,,3,1,4.0,,1,,30,27.447871,53.893562,"Якубовского ул, 54, Минск",Настя,
1078650819,2026-07-26T19:31:01Z,Квартира трёхкомнатная в Серебрянке,"Уютная трёхкомнатная квартира в зелёном районе Минска для семьи с детьми. Во дворе современная детская площадка. В шаговой доступности сад #481, школы",618.96,1800.0,False,https://re.kufar.by/vi/1078650819,230,66.5,37.2,9.0,3,1,9.0,12.0,1,1985.0,27,27.599174714211813,53.866941797307916,"Рокоссовского пр, 58к1, Минск",Анна,4.0
1078306835,2026-07-26T18:43:34Z,Аренда квартиры в Минске,"Уютная квартира со всеми удобствами! Разная Мебель и техника для комфортного проживания! Посудомойка, стиральная машина LG, 2 телевизора, приставка TV",730.0,2122.91,False,https://re.kufar.by/vi/1078306835,170,42.0,39.0,6.0,,10,9.0,20.0,,2022.0,28,27.532932,53.864071,"Лейтенанта Кижеватова ул, 3В, Минск",Андрей,4.0
1078644457,2026-07-26T17:50:07Z,Двухкомнатная квартира (Кирова 1),"Квартира в самом центре Минска (сталинка) — высокие потолки, уютно возле метро Оборудована для проживания: спальные места, шкафы, газовая плита, холод",650.0,1890.27,False,https://re.kufar.by/vi/1078644457,,57.0,31.0,9.0,2,1,3.0,4.0,3,1951.0,28,27.549474575254354,53.892423832539116,"Кирова ул, 1, Минск",Юрий,2.0
1078642110,2026-07-26T17:18:43Z,Сдаю 2-х комнатную квартиру Маяк Минска,"2-комнатная квартира со свежим ремонтом. Общая площадь 56 м2. 6 этаж. Гостиная, совмещённая с кухней, спальня, гардеробная, постирочная, ванная комнат",1203.53,3500.0,False,https://re.kufar.by/vi/1078642110,325,56.4,42.4,,3,10,6.0,25.0,4,2017.0,24,27.654097,53.927655,"Петра Мстиславца ул, 3, Минск",Татьяна,2.0
1078628503,2026-07-26T15:40:40Z,Квартиры,"Сдается однокомнатная квартира в микрорайоне Лошица по адресу ул. Игуменский тракт 36
Квартира расположена на 2 этаже 9-этажного дома. В доме есть лиф",450.0,1308.65,False,https://re.kufar.by/vi/1078628503,145,39.0,17.0,8.8,3,1,2.0,9.0,1,2004.0,27,27.573177,53.837333,"Игуменский тракт, 36, Минск",Ольга,2.0
1078627107,2026-07-26T15:29:05Z,Квартира 2-хкомнатная,"Квартира в 3 минутах от метро (Грушевка). Новый дом, домофон, в подъезде 4 лифта. Квартира теплая и уютная.",584.57,1700.0,False,https://re.kufar.by/vi/1078627107,,64.0,35.0,11.0,3,1,13.0,20.0,2,2024.0,29,27.515676,53.887756,"Дзержинского пр, 26, Минск",Вера,2.0
1078623631,2026-07-26T14:46:31Z,Сдается на длительный срок однакомнатная квартира,"Сдается на длительный срок однакомнатная квартира от собственника.  Есть мебель,стиральная машина,холодильник,большой шкаф купе. Санузел совмещен. Ряд",412.64,1200.0,False,https://re.kufar.by/vi/1078623631,55,40.0,20.0,6.0,3,1,2.0,,,,29,27.507465,53.876812,"Железнодорожная ул, 122, Минск",Валентина,2.0
1078622857,2026-07-26T14:36:26Z,Квартира,С 6 августа сдается двухкомнатная квартира на длительный срок. Метро в шаговой доступности. Вся информация по телефону,600.0,1744.86,False,https://re.kufar.by/vi/1078622857,,46.0,26.0,6.0,1,1,4.0,5.0,3,1968.0,26,27.623509,53.873378,"Народная ул, Минск",Елена,5.0
1078602221,2026-07-26T14:24:02Z,Сдам квартиру,"Сдается квартира, кухня, ванная комната, туалет, прихожая полностью оборудованы, вместительные шкафы-купе(прихожая, 1 комната), отдельно стоящий шкаф.",618.96,1800.0,False,https://re.kufar.by/vi/1078602221,150,64.0,48.0,7.5,3,5,7.0,,1,1994.0,29,27.457178692269995,53.84555195696608,"Слободская ул, 135, Минск",Илона,
1070674774,2026-07-26T12:58:28Z,Сдам однокомнатную квартиру на длительный срок,"БУДЕТ СВОБОДНА С АВГУСТА 
Сдаётся светлая и уютная квартира от собственника. Идеально подойдет для одного человека или пары. В квартире выполнен качес",650.0,1890.27,False,https://re.kufar.by/vi/1070674774,,52.3,50.0,15.0,1,5,11.0,,10,2010.0,23,27.58876665076003,53.930928348764226,"Леонида Беды ул, 2Б, Минск",Пользователь,3.0
1078611464,2026-07-26T12:56:09Z,Сдам квартиру,"Квартира в Минск Мире
Удобное месторасположение 
Первая сдача",500.0,1454.05,False,https://re.kufar.by/vi/1078611464,15,27.0,20.0,3.0,3,5,9.0,25.0,,2024.0,28,27.529195,53.874493,"Брилевская ул, Минск",Екатерина,2.0
1078607291,2026-07-26T12:46:40Z,Сдается стильная однокомнатная квартира,"Сдается стильная однокомнатная квартира со всем необходимым для комфортной жизни!

Современный ремонт, продуманная планировка и полная комплектация те",650.0,1890.27,False,https://re.kufar.by/vi/1078607291,220,45.0,,,2,5,7.0,,,2017.0,23,27.592931,53.935299,"Леонида Беды ул, 26, Минск",Виктория,
1078599837,2026-07-26T11:35:29Z,"Сдам квартиру (евро двушка) Белградская, 8","Сдам порядочному парню или девушке квартиру на длительный срок. Иностранцев, с детьми, с животными, студентов просьба не беспокоить!
Уютная, ухоженная",620.0,1803.02,False,https://re.kufar.by/vi/1078599837,170,43.0,,,4,10,10.0,25.0,10,2022.0,28,27.541448,53.869194,"Белградская ул, 8, Минск",Оксана Каменная Горка,4.0
1078590735,2026-07-26T09:48:09Z,Сдается светлая и современная 1-комнатная квартира в районе метро Грушевка,"Уютная однокомнатная квартира в спальном районе Грушевки. В квартире имеется вся необходимая техника для жизни: холодильник, стиральная машина, плита,",600.0,1744.86,False,https://re.kufar.by/vi/1078590735,55,41.0,30.0,,3,5,6.0,7.0,,2010.0,29,27.51882,53.8816,"Щорса ул, 3, Минск",Никита,1.0
1076177040,2026-07-26T09:15:00Z,Сдается 2-х комнатная квартира,"Сдается 2-х комнатная квартира
Рядом метро «Михалово», в 5 минутах ходьбы
В квартире есть все необходимое для проживания,мебель и вся необходимая техн",650.0,1890.27,False,https://re.kufar.by/vi/1076177040,,62.0,,,4,5,1.0,20.0,,2022.0,29,27.498823,53.883394,"Прилукская ул, 46, Минск",Тамара,4.0
1078587197,2026-07-26T09:05:20Z,Долгосрочная аренда тихий центр Золотая горка,"Сдается уютная 2-комнатная квартира на длительный срок в самом сердце Минска — микрорайон Золотая Горка. 5 мин до метро Я.Коласа. Тихий, зеленый двор,",600.0,1744.86,False,https://re.kufar.by/vi/1078587197,,46.0,46.0,6.0,1,5,4.0,5.0,1,1988.0,23,27.588322,53.911439,"Смолячкова ул, 26, Минск",Михаил,2.0
1078584877,2026-07-26T08:35:27Z,Трехкомнатная квартира,"Уютная, светлая, тихая квартира на длительный срок. Машиноместо на парковке за шлагбаумом.  Предоплата за месяц+залог.",1031.6,3000.0,False,https://re.kufar.by/vi/1078584877,,78.3,56.7,,1,1,5.0,9.0,2,2020.0,22,27.534639,53.933608,"Нововиленская ул, 29, Минск",Екатерина,
1078582674,2026-07-26T08:09:44Z,Квартира,"Уютная квартира от собственника 
В квартире есть необходимое для комфортного проживания
Стоимость указана с коммунальными платежами 
Сдача с начала ав",532.99,1550.0,False,https://re.kufar.by/vi/1078582674,175,42.0,,,3,10,11.0,14.0,,,29,27.477434,53.8723,"Алибегова ул, 28, Минск",Соня,2.0
1078578098,2026-07-26T07:49:13Z,Двухкомнатная квартира возле метро на длительный срок,Сдается двухкомнатная квартира возле метро на длительный срок по договору. Имеется вся необходимая мебель и техника для проживания. Квартира сдается п,700.0,2035.67,False,https://re.kufar.by/vi/1078578098,80,65.0,,,,,4.0,10.0,,,30,27.436983,53.90613,"Притыцкого ул, 97, Минск",Анатолий,2.0
1057773386,2026-07-26T07:18:12Z,Сдача на длительный срок,"Сдаётся 2-х комнатная квартира на длительный срок с ремонтом,с мебелью и техникой. Первое заселение. Без животных.",600.0,1744.86,False,https://re.kufar.by/vi/1057773386,320,46.7,,,1,5,10.0,10.0,,,29,27.45459,53.858771,"Белецкого ул, 22, Минск",Александр,
1075159906,2026-07-26T06:41:12Z,Квартира в аренду,"Сдается просторная двухкомнатная квартира в одном из самых статусных жилых комплексов Лебяжьего. 
17 этаж — это не просто высота, это совершенно друго",1200.0,3489.72,False,https://re.kufar.by/vi/1075159906,40,65.4,34.4,10.4,1,10,17.0,19.0,10,2019.0,22,27.478593,53.93399,"Нарочанская ул, Минск",Ольга,6.0
1076415770,2026-07-26T05:55:29Z,Аренда,"Сдается впервые, на длительный срок (от 1 года) новая, полностью меблированная квартира-студия, укомплектованная встроенной бытовой техникой (холодиль",550.0,1599.46,False,https://re.kufar.by/vi/1076415770,170,32.6,25.4,,3,5,6.0,25.0,,2025.0,28,27.554519,53.858612,"Леонида Щемелёва ул, 30, Минск",Юрий,2.0
1078517712,2026-07-25T15:40:53Z,Сдаётся квартира,"С 05.08.2026г сдаётся 3-х комнатная квартира в Минске, ул.Калиновского дом 82,корпус 1,на 7 этаже 16-ти этажного дома. Окна выходят в парк и на Пр-кт.",700.0,2035.67,False,https://re.kufar.by/vi/1078517712,45,67.0,45.0,10.0,4,1,7.0,16.0,1,1980.0,24,27.653684442083268,53.936539044978204,"Калиновского ул, 82к1, Минск",Сергей,3.0
1077376894,2026-07-25T15:32:33Z,Квартира долгосрочная аренда,"Сдаются однокомнатная квартира на длительный срок .самый центр , метро 1 минута пешком , тихий двор и мало соседей , все парки , ЦУМ , учебные и культ",470.0,1366.81,False,https://re.kufar.by/vi/1077376894,,34.0,25.0,8.0,1,1,9.0,9.0,3,1994.0,23,27.588655,53.914351,"Золотая Горка ул, 20, Минск",Наталья,
1078509116,2026-07-25T14:07:55Z,Сдам 1 комнатную квартиру,Сдам 1-ю квартиру в центре Минска в шаговой доступности от метро Институт Культуры. В квартире есть всё необходимое для проживания,550.0,1599.46,False,https://re.kufar.by/vi/1078509116,,34.6,19.2,,2,1,1.0,5.0,3,1974.0,28,27.540577,53.887597,"Рабкоровская ул, 21, Минск",Светлана,
1077260548,2026-07-25T13:50:43Z,Квартира,"Сдается трехкомнатная квартира. На этаже всего 5 квартир! Отличные соседи! Понорамный вид из окна на обе стороны города, вы будете впечатлены! Детский",1400.0,4071.34,False,https://re.kufar.by/vi/1077260548,170,80.0,55.0,25.0,3,10,,,2,2023.0,28,27.539607,53.872459,"Аэродромная ул, 20, Минск",Екатерина,
1078507159,2026-07-25T13:26:50Z,Уютная 2-комнатная квартира в центре,"Центр города. Метро «Институт культуры» — 300м (3-5 минут ходьбы).
В шаговой доступности ж/д вокзал. Рядом с домом есть продуктовые магазины, пиццерия",900.0,2617.29,False,https://re.kufar.by/vi/1078507159,,60.0,33.0,10.0,1,10,3.0,4.0,3,1970.0,29,27.539032,53.88946,"Московская ул, 12, Минск",ангел,4.0
1078501087,2026-07-25T12:48:23Z,Сдам 2-ухкомн. кв-ру,"Сдам двухкомнатную квартиру для двух человек с договором на полгода (с возможным продлением). 

Заселение возможно с 20 августа. 

От 25 лет, работающ",550.0,1599.46,False,https://re.kufar.by/vi/1078501087,320,46.6,28.4,7.2,1,,6.0,9.0,,1980.0,29,27.473859,53.86337,"Голубева ул, 13, Минск",Анастасия,2.0
1078123569,2026-07-25T12:06:59Z,Сдам 2х ком квартиру,"Сдается 2 х комнатная квартира от собственника, рядом с метро Каменная горка, 3 мин. ходьбы. Квартира светлая, чистая, уютная с мебелью: кухня, стол и",1500.0,4362.15,False,https://re.kufar.by/vi/1078123569,80,55.0,32.0,8.0,3,1,3.0,16.0,4,2001.0,30,27.436541616162966,53.90365536576073,"микрорайон Запад-1, микрорайон Запад, Минск",Ирина,4.0
1078494684,2026-07-25T12:04:58Z,Сдача в найм,"Однокомнатная квартира сдаётся с 03 августа 2026г. Семейной паре без детей и любых животных, только для граждан РБ , без регистрации, с обязательным з",395.45,1150.0,False,https://re.kufar.by/vi/1078494684,100,32.16,18.35,5.79,3,1,3.0,5.0,3,1960.0,23,27.608822,53.950817,"Широкая ул, 26, Минск",Елена,2.0
1078494038,2026-07-25T11:57:02Z,Сдам квартиру новую долгосрочно,"Сдается на длительный срок первым жильцам 2-комнатная квартира. Стильный ремонт, встроенная техника, стиральная, посудомоечная машина и холодильник, м",0.0,0.0,False,https://re.kufar.by/vi/1078494038,,51.0,35.0,,1,5,6.0,21.0,,2025.0,29,27.511265,53.875406,"Кузьмы Минина ул, 6, Минск",Диана,
1078493551,2026-07-25T11:55:04Z,СДАЕТСЯ 1 комнатная кв.,"Сдается на длительный срок!!! Квартира НОВАЯ! Сдается одному ЧИСТОПЛОТНОМУ (во всех отношениях) Человеку, для которого важно жить в чистоте, уюте, ком",600.0,1744.86,False,https://re.kufar.by/vi/1078493551,55,47.0,32.0,9.0,3,5,12.0,16.0,2,2023.0,29,27.524632,53.884148,"3-й Железнодорожный переулок, 10, Минск",Владимир,1.0
1078492767,2026-07-25T11:44:41Z,"Сдать двухкомн. квартиру,Чижовка, около рынка,","9-ти этажка напротив Чижовского рынка. В шаговой доступности находятся парк,Чижовка-Арена, водохранилище и Минский зоопарк. Из окон открывается приятн",420.0,1221.4,False,https://re.kufar.by/vi/1078492767,305,39.7,22.7,7.1,1,1,5.0,9.0,4,1976.0,26,27.62713,53.837811,"Ташкентский проезд, 4, Минск",Олег,2.0
1078483277,2026-07-25T09:58:44Z,Аренда квартиры,"Видовая евродвушка с дизайнерским ремонтом

Тихий центр по ул. Максима Богдановича дом 144.
По-настоящему домашняя уютная теплая квартира - солнечная",750.0,2181.08,False,https://re.kufar.by/vi/1078483277,220,70.0,,34.0,3,5,25.0,26.0,10,2022.0,23,27.586337,53.939513,"Максима Богдановича ул, 144, Минск",Светлана,1.0
1072467127,2026-07-25T09:34:24Z,Сдается уютная 4к квартира в таун-хаусе,"Сдаются две 4к квартиры по адресу Минск, 1-я Базисная 43а (1 и 2 этажи). 

Первое заселение после ремонта. 

Закрытая территория, подземная парковка,",2000.0,5816.2,False,https://re.kufar.by/vi/1072467127,220,141.2,54.0,41.2,3,5,2.0,3.0,10,2008.0,23,27.59304782208985,53.94280849433796,"1-я Базисная ул, 43А, Минск",Собственник,
1064270313,2026-07-25T08:33:24Z,Долгосрочная аренда 1-ком. квартиры,"Сдается на длительный срок только гражданам РБ, нешумным и ответственным. Договор. Несколько остановок от ст.м.Малиновка. По соседству спортцентр Макс",498.61,1450.0,False,https://re.kufar.by/vi/1064270313,,45.5,18.0,9.5,3,5,2.0,19.0,1,2010.0,29,27.446308,53.855335,"Сергея Есенина ул, 58, Минск",Анастасия,2.0
1078471105,2026-07-25T07:39:27Z,Квартира,"Сдается на длительный срок 3-х комнатная квартира по адресу: ул. Асаналиева 15
Квартира полностью укомплектована мебелью и бытовой техникой для комфор",687.73,2000.0,False,https://re.kufar.by/vi/1078471105,,79.8,52.2,10.2,3,1,5.0,7.0,1,2009.0,28,27.543649,53.84485,"Асаналиева ул, Минск",Анастасия,5.0
1078466749,2026-07-25T07:23:10Z,Сдам квартиру в центре от месяца до года,Сдам квартиру с ремонтом аккуратным людям. Рассматриваю срок от 1 мес до длительного периода. Регистрация на время проживания возможна. С детьми возмо,650.0,1890.27,False,https://re.kufar.by/vi/1078466749,,42.7,31.0,6.1,,1,4.0,5.0,3,1960.0,22,27.557214,53.925826,"Осипенко ул, 28, Минск",Маргарита,5.0
1078462990,2026-07-25T07:00:56Z,"Аренда 2 кв. по ул.Ложинская,д.16","Сдается светлая 2-комнатная квартира с по адресу: ул. Ложинская, 16.

О квартире и планировке:
Пространство: большая кухня-гостиная для отдыха и две у",700.0,2035.67,True,https://re.kufar.by/vi/1078462990,280,58.3,44.6,,3,,8.0,14.0,3,2013.0,24,27.680902,53.949699,"Ложинская ул, 16, Минск",Агентство недвижимости ''Юриэлт'' в Минске,
1076547832,2026-07-24T23:07:15Z,Сдаётся квартира,"Квартира сдаётся минимум на 1 год! Без животных. Исключительно гражданам Беларуси, по договору аренды. Свободна с 6 августа",520.0,1512.21,False,https://re.kufar.by/vi/1076547832,170,29.0,25.0,,3,5,22.0,25.0,2,2020.0,28,27.526967,53.869141,"Брилевская ул, 35, Минск",Ульяна,2.0
1078433346,2026-07-24T21:33:26Z,Первое заселение. Евро 2-комнатная квартира в ЖК Дубравинский,"Квартира в новостройке. Первое заселение, свежий ремонт, укомплектована новой мебелью и техникой, удобная планировка. Высокий этаж, обустроенная терри",550.19,1600.0,True,https://re.kufar.by/vi/1078433346,,38.5,29.2,,3,5,11.0,21.0,10,2025.0,29,27.511265,53.875406,"Кузьмы Минина ул, 6, Минск","ООО ""Лада Риэлт""",
1078427798,2026-07-24T19:46:30Z,Сдается светлая 2-к. квартира,"Условия сдачи:
- На длительный срок (от 6-12 месяцев).
- Только официальный договор.
- Коммунальные платежи оплачиваются арендатором отдельно (ориенти",600.0,1744.86,False,https://re.kufar.by/vi/1078427798,45,40.0,23.0,7.0,1,5,4.0,5.0,1,1972.0,24,27.645294,53.94087,"Калиновского ул, 44, Минск",Юлия,2.0
1078426860,2026-07-24T19:45:52Z,Длительная аренда,"Сдаю 1-комнатную квартиру в доме бизнес-класса на длительный срок.
 Только для граждан РБ — без домашних питомцев и вредных привычек (некурящих).
​Мет",500.0,1454.05,False,https://re.kufar.by/vi/1078426860,80,40.0,38.0,11.0,3,5,,,3,,30,27.457941,53.905307,"Притыцкого ул, 77, Минск",Инга,1.0
1077727135,2026-07-24T18:53:06Z,Сдаётся 1-комн квартира в Степянке,"Сдаётся 1-комн квартира в Степянке- одном из самых зелёных районов города.
Сдача квартиры примерно с 20 августа, просмотр примерно тогда же.
Ремонт ск",447.03,1300.0,False,https://re.kufar.by/vi/1077727135,255,37.8,17.2,9.2,3,1,8.0,9.0,1,2010.0,25,27.675549646582457,53.913320836974655,"Связистов ул, 8, Минск",Людмила,2.0
1076259420,2026-07-24T18:19:28Z,"2-х комнатная квартира, Центр города","Центр города! Парк Победы, Комсомольское озеро! Отличная локация, развитая инфраструктура!

Полноценная 2-х комнатная квартира с двумя раздельными ком",800.0,2326.48,False,https://re.kufar.by/vi/1076259420,,53.9,31.18,7.95,3,5,7.0,13.0,3,1985.0,22,27.52977,53.91942,"Победителей пр, 53к1, Минск",Ольга,
1078421348,2026-07-24T17:41:44Z,Видовая евротрешка в ЖК ''Маяк Минска'',"Видовая евротрешка с закрытой парковкой в ЖК «Маяк Минска»

Долгосрочная аренда по договору

Сдается просторная, полностью готовая к заселению квартир",1850.0,5379.98,False,https://re.kufar.by/vi/1078421348,325,95.5,41.5,,3,10,10.0,10.0,10,2012.0,24,27.651151,53.929489,"Петра Мстиславца ул, 7, Минск",Милана,7.0
1078418629,2026-07-24T17:04:57Z,Сдам квартиру на длительный срок,Теплая и полностью укомплектованная мебелью и необходимой техникой квартира с качественным ремонтом и отличной локацией. Квартира от собственника с ти,498.61,1450.0,False,https://re.kufar.by/vi/1078418629,320,34.0,17.0,7.3,2,5,5.0,9.0,1,,29,27.455345,53.864421,"Любимова пр, 46к2, Минск",Сергей55,4.0
1078414659,2026-07-24T16:51:13Z,"Аренда 1-комнатной квартиры, Нововиленская 53","Предлагается в аренду новая просторная квартира-студия с отдельным спальным местом в ЖК ""Левада"". Выполнен современный ремонт в светлых тонах. Есть вс",700.0,2035.67,True,https://re.kufar.by/vi/1078414659,,40.9,31.1,,,,8.0,9.0,,2024.0,22,27.529889,53.936927,"Нововиленская ул, 53, Минск",ООО Центр недвижимости ГАЛАКТИКА,
1078404207,2026-07-24T15:28:51Z,Квартира,"Уютная квартира,теплая зимой.до метро 6 мин.пешком.есть все необходимое для проживания.  Квартира сдается с 1.09.2026г  НИКТО НЕ ПРОПИСАН.",450.0,1308.65,False,https://re.kufar.by/vi/1078404207,200,34.0,34.0,7.0,3,1,7.0,9.0,3,1974.0,25,27.587855,53.895074,"Андреевская ул, 7к1, Минск",игорь,4.0
1078396785,2026-07-24T14:29:52Z,Сдается 3-х комнатная квартира Минск,"Сдаётся просторная 3-х комнатная квартира по адресу Волгоградская 86. Квартира в новом кирпичном доме. Круглосуточное видеонаблюдение, консьерж. Удобн",830.0,2413.72,False,https://re.kufar.by/vi/1078396785,,90.0,90.0,16.0,4,5,9.0,12.0,3,2009.0,24,27.607394,53.938766,"Волгоградская ул, 86, Минск",Андрей,4.0
1073810109,2026-07-24T14:16:04Z,Аренда квартиры,"Светлая квартира, после косметическим ремонта. Внутри: 3 большие комнаты, кухня-столовая, 2 с/у (душ + джакузи). 6 лоджий по периметру. Квартира обору",850.0,2471.89,False,https://re.kufar.by/vi/1073810109,,140.0,100.0,24.8,4,1,2.0,14.0,3,1999.0,24,27.608669,53.941405,"Логойский тракт, 10, Минск",Александр,6.0
1078398159,2026-07-24T14:00:08Z,однокомнатная квартира в длительную аренду,"Сдается на длительный срок уютная однокомнатная квартира 37м2, кухня 8,6 м2, комната 17м2, балкон. 3 этаж 5-этажного дома, сталинка, потолки 3м, еврор",498.61,1450.0,False,https://re.kufar.by/vi/1078398159,,37.0,,8.0,1,5,3.0,5.0,3,1960.0,24,27.605354,53.921483,"Независимости пр, 76А, Минск",Ирина,2.0
1078389764,2026-07-24T12:50:33Z,"Аренда 2-комнатной квартиры, Кижеватова 3Б","Работаем по факту!
Уютная квартира сдается на длтельный срок со всеми удобствами — для комфортного проживания

В квартире есть всё необходимое:
- Разн",730.0,2122.91,True,https://re.kufar.by/vi/1078389764,170,41.5,35.9,,3,,9.0,20.0,2,,28,27.532187,53.864574,"Лейтенанта Кижеватова ул, 3Б, Минск",ООО Центр недвижимости ГАЛАКТИКА,
1078385934,2026-07-24T12:27:16Z,Сдам двухкомнатную квартиру,"Сдам двухкомнатную квартиру, в хорошем месте, рядом школа, детсад, поликлиника, магазины, рынок.  До метро 2 остановки.
Без домашних животных, граждан",510.0,1483.13,False,https://re.kufar.by/vi/1078385934,320,44.0,38.0,8.0,3,5,9.0,9.0,1,1984.0,29,27.468365104842206,53.867633148321104,"Газеты Звязда пр, 14к1, Минск",Андрей,4.0
1078385229,2026-07-24T12:21:26Z,Аренда 1 комнатной квартиры,"Сдается 1- комн.квартира в центре города,рядом б- р Шевченко,2- ой этаж 3- х этаж.
кирпичного дома,кап ремонт в
2025 г.,есть мебель,домофон,
газ. и эл",447.03,1300.0,False,https://re.kufar.by/vi/1078385229,,33.33,21.5,5.13,1,5,2.0,3.0,3,1959.0,22,27.553005860704296,53.925714798595905,"Осипенко ул, 20, Минск",Раиса Немцева,2.0
1078382882,2026-07-24T12:01:39Z,3-х комнатная квартира с 18 августа,"Сдаётся просторная трехкомнатная квартира, расположенная на втором этаже на длительный срок (договор от года)
Квартира светлая, чистая и полностью гот",600.0,1744.86,False,https://re.kufar.by/vi/1078382882,15,76.5,62.8,29.9,2,5,2.0,9.0,4,2006.0,28,27.544404,53.876451,"Быховская ул, 37, Минск",Наталья,3.0
1078380311,2026-07-24T11:34:01Z,Аренда Двушка от Собственника м.Пушкинская,"Сдается 2-ух комнатная квартира у метро. От собственника. 
Ст. метро «Пушкинская» - 1 минута пешком. Светлая сторона, окна в парк. Дом кирпичный (тепл",540.0,1570.37,False,https://re.kufar.by/vi/1078380311,205,46.0,25.0,10.0,1,1,5.0,9.0,3,1969.0,30,27.500602,53.91111,"Притыцкого ул, 10, Минск",Кирилл,2.0
1078378110,2026-07-24T11:13:57Z,Новая уютная квартира ждет первых жильцов с 1 августа 2026 г.,"Новая евродвушка с отличным ремонтом в современном ЖК «Вершина». Закрытая территория, внутри детские и спортивные площадки. Квартира полностью оборудо",567.38,1650.0,False,https://re.kufar.by/vi/1078378110,,43.4,33.0,,3,5,7.0,12.0,2,2025.0,29,27.434154,53.872719,"Маршала Лосика ул, 53, Минск",Игорь,3.0
1078374555,2026-07-24T10:35:08Z,"2-комнатная квартира ул.Щемелева, д.16","Сдается дизайнерская евродвушка в ЖК «Минск Мир»
Г. Минск, ул. Леонида Щемелева, д.16, дом «Панама-Сити».
Первое заселение!
Площадь по СНБ 39,8 м2.
Об",653.35,1900.0,True,https://re.kufar.by/vi/1078374555,170,39.8,31.0,,3,5,4.0,19.0,10,2024.0,28,27.556441,53.862159,"Леонида Щемелёва ул, 16, Минск",ООО МИР НЕДВИЖИМОСТИ ПРО,
1078374278,2026-07-24T10:31:39Z,Сдается 1к квартира,"Сдается 1-комнатная квартира, микрорайон Домбровка. Спальное место - диван, на кухне эл. плита, свч, в ванной - стиральная машина. Ремонт косметически",378.25,1100.0,False,https://re.kufar.by/vi/1078374278,65,40.6,17.1,9.0,3,1,9.0,9.0,1,2008.0,30,27.443547537250343,53.92530142989725,"Алеся Гаруна ул, 25, Минск",Оля,2.0
1078372524,2026-07-24T10:14:19Z,Аренда Квартира Грушевка,Светлая теплая просторная двухкомнатная квартира (площадь 67 м.кв) от собственника. Не агентство. Станция метро Грушевка буквально возле дома!!! Светл,650.0,1890.27,False,https://re.kufar.by/vi/1078372524,55,67.0,38.0,9.0,1,5,10.0,13.0,,2013.0,29,27.51509474603267,53.88548417187038,"Щорса ул, 11, Минск",Артем,2.0
1078372193,2026-07-24T10:09:39Z,"Аренда двухкомнатной квартиры на  Горецкого, 19","Предлагается к долгосрочной аренде просторная двухкомнатная квартира на 3 этаже 6-этажного дома. 

Квартира теплая и уютная. Есть всё для комфортного",515.8,1500.0,True,https://re.kufar.by/vi/1078372193,265,51.0,28.4,9.0,3,,3.0,6.0,1,1999.0,30,27.448958,53.882317,"Максима Горецкого ул, 19, Минск",ООО ''ЮГ Хоум'',3.0
1078367528,2026-07-24T09:09:18Z,"Снять 1-комнатную квартиру, г. Минск, ул. Минина, 6","Сдается в аренду абсолютно новая квартира в современном ЖК «Дубравинский»!

Предлагается светлая и уютная квартира в доме 2025 года постройки. Первое",515.8,1500.0,True,https://re.kufar.by/vi/1078367528,,38.1,30.9,,3,5,15.0,21.0,10,2025.0,29,27.511265,53.875406,"Кузьмы Минина ул, 6, Минск",ООО Результативная недвижимость,
1078367118,2026-07-24T09:04:16Z,2 комнатная квартира Лученка 13,"Уютная красивая ,стильная квартира с дизайнерским ремонтом, полностью мебелирована и снабжена электро техникой ,сдается на длительный срок не курящему",650.0,1890.27,False,https://re.kufar.by/vi/1078367118,170,38.0,,,,10,11.0,24.0,10,2021.0,28,27.543514,53.86723,"Игоря Лученка ул, 13, Минск",Оксана,
1072233130,2026-07-24T08:58:28Z,Сдается двухкомнатная квартира в центре Минска,"СДАЕТСЯ ОТЛИЧНАЯ (ухоженная и чистая) ДВУХКОМНАТНАЯ КВАРТИРА В ЦЕНТРЕ МИНСКА  
По адресу : Минск, ул. Я. Коласа 29.            
Телефон:  Светлана, ,",600.0,1744.86,False,https://re.kufar.by/vi/1072233130,,49.0,35.0,7.0,1,10,4.0,5.0,3,1970.0,24,27.59453,53.926626,"Якуба Коласа ул, Минск","Дмитрий, Светлана",3.0
1078363454,2026-07-24T08:19:54Z,Уютная 3-х комнатная квартира,Сдаётся уютная 3-х комнатная квартира площадью 75 кв. м с современным ремонтом по ул. Скрипникова недалеко от ст. метро. 6 этаж 9-ти этажного дома. Ма,620.0,1803.02,False,https://re.kufar.by/vi/1078363454,,75.0,50.0,12.0,3,5,6.0,9.0,1,2007.0,30,27.4201814920654,53.89277219055482,"Скрипникова ул, 19, Минск",Владлен,
1078358770,2026-07-24T07:53:24Z,"Аренда 2-комнатной квартиры, Дзержинского 30","ПЕРВОЕ ЗАСЕЛЕНИЕ!

Сдается новая дизайнерская 2-комнатная  квартира с машиноместом в крытом паркинге в ЖК ""Квартал на Грушевке"" по адресу: пр-т Дзержи",720.0,2093.83,True,https://re.kufar.by/vi/1078358770,,49.7,42.5,,3,,15.0,20.0,4,2025.0,29,27.512611,53.886524,"Дзержинского пр, 30, Минск",ООО Центр недвижимости ГАЛАКТИКА,
1073321937,2026-07-24T07:32:18Z,Сдаю 2 ком.квартиру,"Сдам на длительный срок отличную 2-х комнатную квартиру со всеми удобствами!!!
Находится по адресу г. Минск, ул. Неманскаяд.43,
метро Каменная горка,",600.0,1744.86,False,https://re.kufar.by/vi/1073321937,105,78.0,41.0,18.0,1,5,2.0,10.0,1,2010.0,30,27.425637,53.915077,"Нёманская ул, 43, Минск",наталья,
1078352242,2026-07-24T06:58:12Z,"Аренда 2 кв. по ул.Щемелёва,д.10 (Минск-Мир)","Сдаётся ВПЕРВЫЕ видовая евродвушка в престижном доме «Сан-Паулу» (ЖК «Минск Мир») по адресу: ул. Леонида Щемелёва, дом 10.
Квартира полностью укомплек",700.0,2035.67,True,https://re.kufar.by/vi/1078352242,170,34.2,22.7,,3,,25.0,25.0,10,2024.0,28,27.557348,53.864994,"Леонида Щемелёва ул, 10, Минск",Агентство недвижимости ''Юриэлт'' в Минске,
1078352243,2026-07-24T06:58:12Z,"Аренда 1 кв. по ул.В.Хоружей,д.17","Уютная и просторная однокомнатная квартира в самом центре Минска: ул. В. Хоружей, дом 17. 
В доме есть лифт! Рядом с домом – метро, рынок, магазины, к",550.0,1599.46,True,https://re.kufar.by/vi/1078352243,120,31.4,17.1,,3,,5.0,9.0,3,1971.0,23,27.571938,53.919987,"Веры Хоружей ул, 17, Минск",Агентство недвижимости ''Юриэлт'' в Минске,
1069968471,2026-07-24T06:08:04Z,"Двухкомнатная квартира по ул. Янки Купалы, дом 17","Двухкомнатная квартира по адресу: г. Минск, ул. Янки Купалы, дом 17. 
Потолки — 3 метра.
Выполнен дизайнерский ремонт в 2023 году.
Общая площадь кварт",1000.0,2908.1,True,https://re.kufar.by/vi/1069968471,,62.64,40.0,9.75,1,,4.0,6.0,3,,27,27.566959,53.903519,"Янки Купалы ул, 17, Минск",Агентство недвижимости ''Юриэлт'' в Минске,
1078312088,2026-07-23T20:12:24Z,Сдается 1-комн квартира,"Сдается 1-комнатная квартира, светлая, уютная, чистый подъезд, видеодомофон, мебель частично, холодильник, стиральная машина, электроплита,  15 мин до",447.03,1300.0,False,https://re.kufar.by/vi/1078312088,105,42.0,18.0,9.0,3,1,6.0,19.0,1,2018.0,30,27.434405,53.927671,"Налибокская ул, 16, Минск",Екатерина,
1078311155,2026-07-23T20:12:03Z,2х комн квартира в долгосрочную аренду,сдаётся полностью меблированная квартира со всей бытовой техникой. в хорошем состоянии. ранее не сдавалась. есть прописанный. коммуналка + к цене. по,618.96,1800.0,False,https://re.kufar.by/vi/1078311155,,42.0,,5.0,2,5,2.0,5.0,3,,23,27.584693,53.915761,"Независимости пр, 52, Минск",Евгений,2.0
1078308870,2026-07-23T19:13:54Z,Сдаю квартиру,"Полноценная однокомнатная квартира со свежим ремонтом. 
ЖК Гранд Хаус - лучший дом в этой локации. Квартира 35м, полноценная отдельная комната, кухня",584.57,1700.0,False,https://re.kufar.by/vi/1078308870,55,35.0,35.0,10.0,1,5,4.0,20.0,2,,29,27.516116,53.886159,"Дзержинского пр, 19, Минск",Алексей,2.0
1077923460,2026-07-23T19:09:16Z,Тихий оазис на Площади Победы: 2-комнатная квартира с новым ремонтом,"Редкая находка на рынке аренды: квартира, в которой исторический шарм центра Минска сочетается с абсолютной тишиной и свежим ремонтом. Сдается 2-комна",1014.41,2950.0,False,https://re.kufar.by/vi/1077923460,,58.5,35.0,9.0,2,5,2.0,5.0,3,1953.0,22,27.573496440549206,53.90962304481974,"Киселёва ул, 3, Минск",Диана,4.0
1074695024,2026-07-23T15:46:40Z,Сдаётся двухкомнатная квартира в Минске,"Сдаётся уютная светлая двухкомнатная квартира на длительный срок по договору со всеми удобствами. Окна выходят на две стороны, имеются две застекленны",600.0,1744.86,False,https://re.kufar.by/vi/1074695024,280,52.2,28.0,9.3,4,1,9.0,12.0,3,1986.0,24,27.6895,53.934732,"Руссиянова ул, 46, Минск",Виктория,4.0
1078286329,2026-07-23T15:43:21Z,Сдается квартира на длительный срок,"Сдается уютная 1-комнатная квартира с евроремонтом на длительный срок
Расположение:
- В 3 минутах от магазина «Соседи»
- Через дорогу – вход в Парк Па",520.0,1512.21,False,https://re.kufar.by/vi/1078286329,320,38.0,,,1,5,8.0,9.0,,,29,27.462711,53.855946,"Белецкого ул, 10к1, Минск",Дина,2.0
1054968409,2026-07-23T13:38:47Z,"Снять 3-комнатную квартиру, г. Минск, ул. Сторожовская, 6","Сдаётся в аренду элитная 3-квартира в ЖК «У Троицкого»!!!!

Самая топовая локация г. Минска. Троицкое предместье, театр Оперы и Балета, улица Зыбицкая",1700.0,4943.77,True,https://re.kufar.by/vi/1054968409,260,143.0,122.2,,3,5,15.0,23.0,,2012.0,22,27.556836,53.910325,"Сторожовская ул, 6, Минск",ООО ВСП недвижимость-Инвест,2.0
1078275641,2026-07-23T13:34:15Z,Сдам квартиру на длительный срок,"Квартира в хорошем состоянии. После капитального и косметического ремонта.В одной минуте ходьбы от метро. Общая площадь 30.2 м.кв, комната 16.4 м.кв,",464.22,1350.0,False,https://re.kufar.by/vi/1078275641,,30.2,16.4,7.0,2,5,3.0,5.0,3,1962.0,26,27.645096,53.869577,"Партизанский пр, 84, Минск",по обьявлению,2.0
1073583541,2026-07-23T13:15:05Z,Сдам квартиру на длительный срок,"Свободна с 11 августа!!!  Цена  указано для семейной пары или двух человек. 

Сдается просторная и светлая квартира с отличной планировкой: две полноц",650.0,1890.27,False,https://re.kufar.by/vi/1073583541,120,60.0,,,1,1,5.0,8.0,3,,23,27.568775,53.920725,"Веры Хоружей ул, 21, Минск",Ирина,3.0
1078272918,2026-07-23T13:01:52Z,Квартира-студия в Минск Мире,"С 25 августа сдаётся уютная студия в Минск Мире, в квартире есть всё для комфортного проживания.
В 5 минутах ходьбы метро Аэродромная и ТЦ Авиамолл.
С",515.8,1500.0,False,https://re.kufar.by/vi/1078272918,170,31.0,,,3,5,16.0,25.0,,,28,27.549147,53.863402,"Игоря Лученка ул, 24, Минск",Татьяна,2.0
1078269134,2026-07-23T12:52:52Z,Сдам двухкомнатную квартиру рядом с метро Пушкинская,"Сдам двухкомнатную квартиру рядом с метро Пушкинская. 
Хорошее состояние. 
Прописан один человек. Залог.",480.0,1395.89,False,https://re.kufar.by/vi/1078269134,290,48.5,31.7,7.5,1,1,1.0,5.0,1,,30,27.487567,53.901313,"Янки Мавра ул, 30, Минск",Миша,
1078269116,2026-07-23T12:52:39Z,"Аренда 2-комнатной квартиры, Алфёрова 13","Квартира готова к просмотру и будет готова к заселению с начала августа, точно пока не известно.

2-х комнатная квартира-студия с качественным ремонто",700.0,2035.67,True,https://re.kufar.by/vi/1078269116,170,42.8,38.3,,3,,25.0,25.0,4,2023.0,28,27.550369,53.860619,"Жореса Алфёрова ул, 13, Минск",ООО Центр недвижимости ГАЛАКТИКА,
1078265050,2026-07-23T12:28:58Z,Квартира,"Современная двухкомнатная квартира с джакузи в экологическом центре Минска, с панорамными видом и современной планировкой",650.0,1890.27,False,https://re.kufar.by/vi/1078265050,,64.0,42.0,9.0,3,5,15.0,17.0,2,2008.0,23,27.58313,53.93629,"Максима Богдановича ул, 120, Минск",Наталья,
1078255637,2026-07-23T11:52:18Z,Евродвушка в лебяжьем,"Сдам на месяц и более евродвушку в Лебяжьем
Август такая цена, далее договорная  

Предоставляю все для комфортного проживания, в том числе полотенца",1600.0,4652.96,False,https://re.kufar.by/vi/1078255637,210,48.0,,,1,10,1.0,9.0,,2021.0,22,27.465253,53.936555,"Княгининская ул, 6, Минск",Мария,2.0
1078255413,2026-07-23T11:49:55Z,Квартира в аренду,"Сдаётся уютная квартира с качественным ремонтом в Лебяжем, все вопросы, которые вас интересуют можете задать по телефону или написать",600.0,1744.86,False,https://re.kufar.by/vi/1078255413,,50.0,,,1,1,9.0,,,,22,27.465927,53.93955,"Мястровская ул, 24, Минск",Вадим,4.0
1058305156,2026-07-23T11:03:12Z,Сдаётся квартира на длительный срок на Макаёнка,"Сдам 1-комн квартиру с дизайнерским ремонтом. 
Панорамные окна с видом на Парк Челюскинцев . Квартира полностью укомплектована мебелью и бытовой техни",800.0,2326.48,False,https://re.kufar.by/vi/1058305156,,41.0,37.0,,3,10,7.0,25.0,10,2020.0,24,27.624336,53.923604,"Макаёнка ул, 12Е, Минск",Екатерина,2.0
1058303976,2026-07-23T11:02:41Z,Сдаётся конкурсная квартира на длительный срок Макаёнка 12Л,"Сдам 1-комн квартиру с дизайнерским ремонтом. Квартира участвовала в конкурсе на портале Обстановка 
Панорамные окна с видом на Парк Челюскинцев . Ква",800.0,2326.48,False,https://re.kufar.by/vi/1058303976,,42.0,39.0,,3,10,4.0,25.0,10,2021.0,24,27.624021,53.921785,"Макаёнка ул, 12Л, Минск",Екатерина,2.0
1077865879,2026-07-23T10:43:10Z,Сдать квартиру,Сдам двухкомнатную квартиру на длительный срок,550.0,1599.46,False,https://re.kufar.by/vi/1077865879,230,64.0,,,,,12.0,24.0,,,27,27.604986,53.863694,"Рокоссовского пр, Минск",Денис,
1078242131,2026-07-23T10:30:50Z,Квартира ЦЕНТР ГОРОДА ЯКУБА КОЛОСА ДВУШКА,"Отличная уютная квартира, 5 минуты до метро ЯКУБА КОЛОСА . 
Беломорская 9 
Рядом магазины и всё необходимое под рукой. ЦЕНТР ГОРОДА. Возможна сдача ко",600.0,1744.86,False,https://re.kufar.by/vi/1078242131,120,34.0,,,3,1,5.0,5.0,2,,23,27.5860983959937,53.92238834054737,"переулок Якуба Коласа, 5, Минск",In,3.0
1078238983,2026-07-23T09:35:23Z,БЕЗ КОМИССИИ ДЛЯ НАНИМАТЕЛЯ.,"Без комиссии для нанимателя!

В стоимость аренды включено машиноместо в подземном паркинге, а сам дом обслуживают личный сантехник и электрик.

3‑комн",1200.0,3489.72,True,https://re.kufar.by/vi/1078238983,,126.0,,,3,,3.0,7.0,3,2002.0,22,27.529456,53.914266,"Чехова ул, 3, Минск",ООО ''Риэлтерский центр Столицы'',
1078238015,2026-07-23T09:24:22Z,Квартира,"Сдам на длительный срок  двухкомнатную квартиру. Квартира теплая, на солнечной стороне. Новый ремонт. Сигнализация. Космос ТВ. Отличная транспортная д",584.57,1700.0,False,https://re.kufar.by/vi/1078238015,240,43.4,,5.7,1,5,3.0,5.0,4,1964.0,25,27.614041,53.904066,"Менделеева ул, 19, Минск",Ирина,
1073470464,2026-07-23T09:02:41Z,Аренда офис-квартира (склад) на длительный срок,"Сдается в длительную аренду квартира строительной отделки (100,7 кв.м). Можете сделать какой вам нравиться ремонт для жизни или обустроить как офис дл",515.8,1500.0,False,https://re.kufar.by/vi/1073470464,,100.7,94.1,,1,15,13.0,18.0,,,29,27.475934,53.848154,"Дзержинского пр, 123, Минск",Яна,
1078223601,2026-07-23T07:28:43Z,Сдается 2-я комнатная квартира,"От собственника сдается 2-я комнатная квартира на длительный срок. В квартире есть все необходимое для комфортного проживания: мебель, бытовая техника",600.0,1744.86,False,https://re.kufar.by/vi/1078223601,230,49.4,34.7,5.6,3,5,5.0,5.0,1,1971.0,27,27.611373,53.858697,"Рокоссовского пр, 107, Минск",Виктор,
1078194547,2026-07-23T05:36:28Z,Сдам квартиру,Сдам по договору на длительный срок отличную квартиру с видом на парк Челюскенцев. Я собственник. Не агенство или посредник. Квартира очень светлая и,777.0,2259.59,False,https://re.kufar.by/vi/1078194547,,52.0,,15.0,3,10,6.0,21.0,2,2024.0,24,27.624321441357772,53.92365748553052,"Макаёнка ул, 12Е, Минск",Алексей,4.0
1078188102,2026-07-23T05:35:26Z,Квартира,Сдаю квартиру студию для порядочных людей без животных,500.0,1454.05,False,https://re.kufar.by/vi/1078188102,145,30.0,28.0,5.0,3,5,,,2,2024.0,27,27.578657,53.843522,"Станислава Монюшко ул, Минск",галя,2.0
1078214212,2026-07-23T05:27:17Z,Сдается двухкомнатная квартира на длительный срок,"Квартира оборудованна всем необходимым, посудомойка, стиральная машина, 2 телевизора, холодильник. Новый ремонт, 2 раздельные комнаты( детская и взрос",680.0,1977.51,False,https://re.kufar.by/vi/1078214212,210,46.0,,,3,5,14.0,,2,2016.0,22,27.459809,53.942195,"Ратомская ул, 7, Минск",Артем,
1078178942,2026-07-23T05:13:22Z,Сдаётся стильная квартира-студия в Минск Мире,"Сдаётся уютная квартира-студия в Минск Мире в доме ""Стокгольм"". Идеальный вариант для одного человека или семейной пары. Студия полностью обустроена и",498.61,1450.0,False,https://re.kufar.by/vi/1078178942,170,30.0,28.0,,3,5,7.0,25.0,2,2022.0,28,27.537792,53.864315,"Белградская ул, 9, Минск",Елена,2.0
1078176533,2026-07-22T19:54:30Z,Квартира на Матусевича,Сдается официально по договору квартира после ремонта на длительный срок. Удобное расположение. Хорошая инфраструктура. Две отдельные комнаты и одна п,600.0,1744.86,False,https://re.kufar.by/vi/1078176533,205,42.0,,,1,5,1.0,,1,,30,27.491092026638547,53.91678201223381,"Матусевича ул, 8, Минск",Иван,6.0
1078167856,2026-07-22T18:01:28Z,Сдам квартиру-студию 35м  МИНСК-МИР НОВАЯ,"На сообщения не отвечаю. Звоните! 
Новая квартира в ЖК Минск мира.
Сдается с 25 августа ! 
- Дом Баку
- сдаёт собственник
- метро аэродромная в шагово",500.0,1454.05,False,https://re.kufar.by/vi/1078167856,170,35.0,25.0,,2,10,15.0,21.0,10,2022.0,28,27.541206,53.869693,"Белградская ул, 6, Минск",Sergey,4.0
1078166906,2026-07-22T18:00:03Z,Сдам квартиру,"Сдается уютная квартира-студия в центре Минска (м. Грушевка)

Сдается на любой срок: от 1 месяца, на квартал или длительный период!
Условия и стоимост",1200.0,3489.72,False,https://re.kufar.by/vi/1078166906,55,45.0,33.0,12.0,1,5,3.0,9.0,5,2014.0,29,27.51864,53.880894,"Щорса ул, 1, Минск",Сергей,5.0
1078165857,2026-07-22T17:36:26Z,Сдается однокомнатная квартира в центре,"Сдается квартира очень стильная и уютная. Квартира расположена в центре Минска. Ремонт из хороших, дорогостоящих, экологически чистых материалов, квар",515.8,1500.0,True,https://re.kufar.by/vi/1078165857,,47.5,19.5,8.8,3,,9.0,9.0,3,1998.0,22,27.531863,53.913863,"Гвардейская ул, 10, Минск",ООО Авангард Недвижимость,
1078164694,2026-07-22T17:22:45Z,"Квартира ЖК «Каскад»  3-ех комнатная, 2 этаж","Сдадим свою квартиру для семьи ( можно с животными ) 
Есть все для уюта , 
комнаты раздельные 
Детская в дальнем углу 
Два сан узла 
Кондиционер 
Отде",1500.0,4362.15,False,https://re.kufar.by/vi/1078164694,110,95.0,,,1,10,2.0,20.0,,,30,27.517427,53.90997,"Скрыганова ул, 4А, Минск",Татьяна,3.0
1066955313,2026-07-22T17:19:17Z,4-х комнатная квартира в Сухарево,"Предлагаем уютную квартиру с продуманной планировкой - 3 спальни, гостиная, столовая, кухня, просторная ванная, лоджия, гардеробная. Окна выходят на д",600.0,1744.86,False,https://re.kufar.by/vi/1066955313,265,101.0,90.0,25.0,1,5,4.0,9.0,1,1996.0,30,27.435988457980116,53.88480517642004,"Сухаревская ул, 13, Минск",Полина,5.0
1078162977,2026-07-22T17:03:15Z,Квартира в центре (длительно),"Квартира на длительный срок, 2 минуты ходьбы до ст.м.Фрунзенская. Кухня, холодильник, стиральная машина, кровать, диван. Без домашних животных.",430.0,1250.48,False,https://re.kufar.by/vi/1078162977,,33.5,20.5,,3,1,4.0,5.0,3,,22,27.545356,53.904994,"Раковская ул, 27, Минск",Алла,4.0
1078149526,2026-07-22T15:40:46Z,Сдам 1-комнатную квартиру рядом с м.Малиновка,"Сдам 1-квартиру в которой есть: три шкафа, два спальных места, большой новый холодильник, микроволновка, чайник, телевизор на кухне, две сушилки. Комн",549.0,1596.55,False,https://re.kufar.by/vi/1078149526,30,40.6,17.2,9.2,3,1,5.0,9.0,1,2007.0,29,27.480419544766185,53.850408787730245,"Яна Чечота ул, 9, Минск",Анна,2.0
1075100711,2026-07-22T15:36:59Z,"Сдается 2-ая квартира по ул. Левкова, д. 13 Минск","Сдается уютная 2х-комнотная квартира по адресу г. Минск, ул. Левкова, д.13. В квартире необходимая мебель, бытовая техника. На площадке 4 квартиры. со",601.77,1750.0,False,https://re.kufar.by/vi/1075100711,,47.0,29.0,6.0,3,1,6.0,9.0,1,1997.0,28,27.557115,53.879408,"Левкова ул, 13, Минск",Антонина,2.0
1078148294,2026-07-22T15:31:19Z,Сдается стильная квартира с отдельной спальней и гардеробной по адресу Аэродромная 30.,"Сдается стильная квартира с отдельной спальней и гардеробной по адресу Аэродромная 30.
 
-Студия + отдельная спальня (двуспальная кровать).

- Светлая",720.0,2093.83,True,https://re.kufar.by/vi/1078148294,170,40.0,32.2,,3,,12.0,25.0,2,2020.0,28,27.552534,53.871284,"Аэродромная ул, 30, Минск",ООО ''Риэлтерский центр Столицы'',
1078144409,2026-07-22T14:47:51Z,Квартира сдача,"Сдается 1 комнатная квартира. 5мин метро Уручье. Чистая, после обновленного ремонта, на длительный срок по договору приблизительно с сентября . Без до",481.41,1400.0,False,https://re.kufar.by/vi/1078144409,280,33.0,18.0,7.5,1,5,6.0,9.0,1,1989.0,24,27.677929,53.946657,"Городецкая ул, Минск",Елена,2.0
1074178029,2026-07-22T14:42:53Z,"Минск, Ратомская ул., д.34, аренда: 3-ком. квартир","Потолки 3м, просторная гостиная, совмещенная с зоной столовой и кухней. 2 спальни, 2 сан. узла, 2 лоджии. 
Квартира полностью готова для проживания. С",2579.0,7500.0,True,https://re.kufar.by/vi/1074178029,140,100.1,69.0,,4,10,3.0,6.0,,2019.0,22,27.451868,53.939434,"Ратомская ул, 34, Минск",ООО ''7 этажей'',
1078141190,2026-07-22T14:12:32Z,"Снять 1-комнатную квартиру, г. Минск, просп. Правда газеты, 54",Сдаётся однокомнатная квартира с отличным ремонтом на длительный срок. В квартире есть всё необходимое для комфортного проживания. В пешей доступности,412.64,1200.0,True,https://re.kufar.by/vi/1078141190,320,33.2,17.1,7.3,3,5,1.0,9.0,,,29,27.473284,53.860757,"Газеты Правда пр, 54, Минск","ООО ""Резалт Недвижимость""",
1076046175,2026-07-22T14:04:48Z,"Аренда 2-комнатной квартиры, Брилевская 10",Сдается квартира в центре города с двумя раздельными комнатами по адресу: ул. Брилевская 10. Квартира расположена на комфортном втором этаже из трех(к,430.0,1250.48,True,https://re.kufar.by/vi/1076046175,,43.83,29.08,5.37,1,,2.0,3.0,3,,28,27.531639,53.877804,"Брилевская ул, 10, Минск",ООО Центр недвижимости ГАЛАКТИКА,
1078131381,2026-07-22T12:53:06Z,БЕЗ КОМИССИИ ДЛЯ НАНИМАТЕЛЯ.,"Без комиссии для нанимателя!

В стоимость аренды включено машиноместо в подземном паркинге.

3‑комнатная квартира в престижном районе столицы, рядом с",1500.0,4362.15,True,https://re.kufar.by/vi/1078131381,,140.0,,,4,,2.0,6.0,,2011.0,22,27.527228,53.913789,"Грибоедова ул, 5, Минск",ООО ''Риэлтерский центр Столицы'',
1078129467,2026-07-22T12:34:55Z,4х комнатная квартира в центральном районе,"Сдается светлая 4-комнатная квартира в центре Минска!

Адрес: Сморговский тракт, 3 (Центральный район).

Просторная квартира для комфортной жизни боль",1300.0,3780.53,True,https://re.kufar.by/vi/1078129467,,92.0,87.0,35.0,1,5,11.0,,2,2017.0,22,27.55036,53.930019,"Сморговский тракт, 3, Минск",ООО НовиконАвто,8.0
1073071979,2026-07-22T11:44:02Z,Уютная 4-комнатная квартира возле парка,"СДАЕТСЯ  просторная  4-комнатная квартира с  3 раздельными комнатами  в престижном ЖК «Vogue» по адресу: ул.Макаенка, 12В, в одном из самых престижных",1121.01,3260.0,True,https://re.kufar.by/vi/1073071979,,80.0,62.0,14.0,3,5,8.0,18.0,10,2019.0,24,27.625773,53.923742,"Макаёнка ул, 12В, Минск",Бюро Городской Недвижимости,
1078119846,2026-07-22T11:31:14Z,Студия с клубными привилегиями в ЖК Северный Берег,"Сдается светлая студия 42,2 м² в современном премиальном комплексе «Северный Берег». Это не просто квартира, а пространство для жизни с характером — д",800.0,2326.48,True,https://re.kufar.by/vi/1078119846,,43.0,37.2,,1,,3.0,7.0,,2024.0,23,27.568291,53.962048,"Виталия Цвирко ул, 74, Минск",ООО ''Риэлтерский центр Столицы'',
1078112747,2026-07-22T11:27:16Z,Сдам 3х комнатную АКТУАЛЬНО С 14.08,"АКТУАЛЬНО С 14.08

Сдам 3х комнатную квартиру по адресу Лобанка 52 

550+коммунальные платежи+налог за сдачу 3х комнат

По квартире
-фиксированный инт",550.0,1599.46,False,https://re.kufar.by/vi/1078112747,125,67.0,,,1,5,9.0,10.0,1,,30,27.430849491229846,53.89696909305461,"Лобанка ул, 52, Минск","Ольга, Лобанка 52, гп Михановичи",5.0
1078118490,2026-07-22T11:16:52Z,"Снять 3-комнатную квартиру, г. Минск, ул. Кальварийская, 16","Эксклюзивная 3-комнатная квартира в ЖК «Парус»
г. Минск, ул. Кальварийская, 16

Предлагается в долгосрочную аренду роскошная дизайнерская квартира в о",1900.0,5525.39,True,https://re.kufar.by/vi/1078118490,,82.0,53.6,,2,5,17.0,30.0,,2015.0,30,27.532564,53.90674,"Кальварийская ул, 16, Минск",ООО Результативная недвижимость,
1078117247,2026-07-22T11:03:34Z,Сдам комноту,Сдам комноту студентке ( только девушка) все подробности по тел. Цена договорная.,0.0,0.0,False,https://re.kufar.by/vi/1078117247,135,16.5,,,,,,,,,28,27.50501628080264,53.849650556931735,"Казинца ул, 66к2, Минск",Валери,
1078111726,2026-07-22T10:10:44Z,"Аренда 3 кв. по пр.Независимости,174","С 18.08 актуальна трёхкомнатная квартира по адресу: проспект Независимости, дом 174. 
Смотреть квартиру можно также с 18.08!!! 
Квартира полностью уко",700.0,2035.67,True,https://re.kufar.by/vi/1078111726,280,63.3,43.5,7.2,3,,5.0,9.0,1,1990.0,24,27.690271,53.944286,"Независимости пр, 174, Минск",Агентство недвижимости Юриэлт в Минске,
1078111380,2026-07-22T10:07:09Z,Дизайнерская студия в Минск Мир,"Делалось для себя, все продумано до мелочей, хороших арендаторов на долгосрок",900.0,2617.29,False,https://re.kufar.by/vi/1078111380,170,30.0,,,3,10,6.0,15.0,10,2021.0,28,27.530282,53.869794,"Михаила Савицкого ул, 1, Минск",Александр,2.0
1078110340,2026-07-22T09:55:21Z,Квартира 3-комнатная в аренду,"19/19 , 86 кв.м.
три комнаты
огромный балкон с местами для хранения, кладовка
кухня со встроенной техникой, вся мебель,
теплые полы

район ПВТ 
больша",700.0,2035.67,False,https://re.kufar.by/vi/1078110340,,86.0,60.0,10.0,3,10,19.0,19.0,,2015.0,24,27.698393,53.927628,"Франциска Скорины ул, 41, Минск",Mar,4.0
1077650667,2026-07-22T09:52:49Z,2-комнатная квартира,"С 5-го сентября квартира на длительный срок. Порядочным, аккуратным (!), без животных и без детей. С заключением договора.",650.0,1890.27,False,https://re.kufar.by/vi/1077650667,170,42.0,42.0,,1,10,25.0,25.0,,2023.0,28,27.54073,53.872427,"Аэродромная ул, 22, Минск",Маргарита,2.0
1053589960,2026-07-22T09:11:27Z,Квартира для организаций от 15 суток в Соколе,"Сдаётся 2-комнатная квартира ( от 15 суток), стоимость из расчета от 140 руб/сутки за квартиру.
Квартира сдается в аренду только для ОРГАНИЗАЦИЙ.
Вмес",0.0,0.0,True,https://re.kufar.by/vi/1053589960,245,52.0,,,,,5.0,5.0,,1988.0,28,27.904511,53.876626,"Барамзиной ул, 10, Минск",ООО Компания АрендаПро,5.0
1069049353,2026-07-22T08:56:58Z,"Аренда 4-комнатной квартиры, ул. Скрипникова 35","Квартира для семьи. Просторная, очень светлая и уютная квартира с качественным ремонтом по ул. Скрипникова 35.
Идеальное расположение рядом с зеленой",756.51,2200.0,True,https://re.kufar.by/vi/1069049353,,94.9,58.4,11.3,4,5,7.0,9.0,4,2006.0,30,27.422413,53.89449,"Скрипникова ул, 35, Минск",ОДО Старый Стиль,
1067162772,2026-07-22T07:49:50Z,Сдам 2-х комнатную квартиру ул.И.Лученка д.24,"Сдам 2-х комнатную квартиру от трёх месяцев и больше в Минск-Мире.40м.кв, Ул. И.Лученка д.24 с современным ремонтом. До метро 5 минут пешком.
В кварти",700.0,2035.67,False,https://re.kufar.by/vi/1067162772,170,40.0,,,3,10,23.0,25.0,2,2023.0,28,27.549147,53.863402,"Игоря Лученка ул, 24, Минск",Оксана,3.0
1075478476,2026-07-22T07:34:11Z,"Минск, Кальварийская, 2","Сдается отличная светлая 2-х комнатная квартира в самом центре города В квартире выполнен качественный современный ремонт. Два больших шкафа-купе,встр",687.73,2000.0,True,https://re.kufar.by/vi/1075478476,,54.0,33.9,7.4,1,,6.0,9.0,3,1965.0,22,27.540227,53.905758,"Кальварийская ул, 2, Минск","ООО ""Группа компаний Эксклюзив""",
1076392839,2026-07-22T07:34:11Z,"Минск, Независимости 42","На длительный срок от 1 года и более, в аренду предоставим уютную квартиру в сердце Минска, только для опрятных граждан строго без животных, семьям с",1203.53,3500.0,True,https://re.kufar.by/vi/1076392839,,70.4,47.3,28.0,1,,4.0,6.0,3,1957.0,25,27.577291,53.9098,"Независимости пр, 42, Минск","ООО ""Группа компаний Эксклюзив""",
1078089308,2026-07-22T07:10:55Z,Квартира,Сдаётся просторная 4‑х комнатная квартира на длительный срок в  удобном районе Минска с развитой инфраструктурой — всего в 5 минутах ходьбы от станции,1100.37,3200.0,False,https://re.kufar.by/vi/1078089308,55,112.0,98.0,14.0,4,5,1.0,5.0,3,1998.0,29,27.526914,53.887056,"Грушевская ул, 15, Минск",Пётр,4.0
1078086697,2026-07-22T06:27:14Z,"Снять 2-комнатную квартиру, г. Минск, ул. Ратомская, 7","С 8 августа сдаётся стильная и светлая евродвушка в микрорайоне Лебяжий по адресу: ул. Ратомская 7!
 
Дизайнерский ремонт из дорогостоящих материалов.",756.51,2200.0,True,https://re.kufar.by/vi/1078086697,210,42.6,32.5,,3,5,9.0,15.0,,,22,27.459809,53.942195,"Ратомская ул, 7, Минск","ООО ""Резалт Недвижимость""",
1077710313,2026-07-22T05:20:31Z,Сдам квартиру,"Здравствуйте,сдается гражданам РБ уютная квартира в Минск-Мире с 08.08.2026 после ремонта.В квартире никто не жил и она никогда не сдавалась.До метро",560.0,1628.54,False,https://re.kufar.by/vi/1077710313,170,35.6,30.0,12.0,1,10,2.0,25.0,2,2024.0,28,27.534262,53.868637,"Леонида Левина ул, 7, Минск",Юрий,
1078051787,2026-07-22T05:16:14Z,Элитная 4 комнатная квартира в престижном районе Маяк Минска,"Элитная квартира полностью укомплектована всем необходимым. 2 сан узла. Импортная бытовая техника, кондиционер, консьерж, 4 лифта. Вид на национальную",1400.0,4071.34,False,https://re.kufar.by/vi/1078051787,325,84.0,78.0,14.0,2,5,8.0,25.0,10,2017.0,24,27.654097,53.927655,"Петра Мстиславца ул, 3, Минск",Алекс,4.0
1078051393,2026-07-22T05:13:56Z,Аренда квартиры на Воронянского,"Светлая квартира, со свежим ремонтом, просторная, окна выходят на стадион, шума нет ни с улицы, ни от соседей. Рядом метро Ковальская Слобода (3-5 мин",567.38,1650.0,False,https://re.kufar.by/vi/1078051393,15,57.3,33.5,9.5,3,5,2.0,12.0,3,1999.0,28,27.553432,53.876122,"Воронянского ул, 50к4, Минск",Анастасия,4.0
1078047813,2026-07-21T20:05:30Z,Аренда квартиры/евродвушки на Николы Теслы 20,"Собственник.
Квартира полностью укомплектована всей необходимой мебелью и техникой (большая кровать, кондиционер, стиральная машина, холодильник, духо",601.77,1750.0,False,https://re.kufar.by/vi/1078047813,170,30.0,,14.0,1,5,,,,,28,27.545922,53.868228,"Николы Теслы ул, 20, Минск",Вероника Безенсон,1.0
1072092973,2026-07-21T19:34:38Z,Сдаю квартиру,"Сдается впервые! Новая квартира на Брилевской, 25 (ЖК «Минск Мир», дом «Ча-ча-ча»). Собственник. Ищем порядочных жильцов на длительный срок (от 1 года",687.73,2000.0,True,https://re.kufar.by/vi/1072092973,170,45.0,25.0,10.0,3,5,23.0,25.0,10,2024.0,28,27.528611,53.872491,"Брилевская ул, 25, Минск",И.П. Токарев В.В,3.0
1078044749,2026-07-21T19:00:13Z,Квартира у парка Челюскинцев,"С 25 августа сдается 2х комнатная квартира в 4 минутах ходьбы от метро “Парк Челюскинцев» , 56 кв метров. Свежий ремонт, заменены все коммуникации, ст",720.0,2093.83,False,https://re.kufar.by/vi/1078044749,,56.1,31.0,13.4,1,5,3.0,4.0,3,1956.0,24,27.607753,53.925322,"Калинина ул, 8, Минск",Николя,3.0
1068850932,2026-07-21T17:54:27Z,Аренда на длительный срок,"Сделан полностью ремонт, ещё не обжит. Официально, договор, собственник, прописан 1 человек. Без животных. Только на длительный срок. Иностранных граж",600.0,1744.86,False,https://re.kufar.by/vi/1068850932,,41.0,25.0,6.0,1,1,3.0,5.0,1,1968.0,22,27.553719518896433,53.92261266201697,"Веры Хоружей ул, 37, Минск",Анна,
1078036822,2026-07-21T17:29:37Z,Сдам рядом с метро двухкомнатную квартиру,"В прошлом году сделали ремонт ,переложен пол,установлена новая кухня на балконе сделали ремонт и т.д",0.0,0.0,False,https://re.kufar.by/vi/1078036822,290,50.0,32.0,7.0,1,,4.0,5.0,1,,30,27.48089855573275,53.90859262963657,"Бельского ул, Минск",Олег,4.0
1078036020,2026-07-21T17:22:01Z,Сдаётся 1-комнатная квартира в центре Минска,"Сдаётся на длительный срок красивая, светлая , просторная 1-комнатная квартира в центре Минска по адресу ул. Лили Карастояновой, 5А. В квартире выполн",500.0,1454.05,False,https://re.kufar.by/vi/1078036020,,43.0,18.0,9.0,1,5,18.0,19.0,,,22,27.564796,53.931143,"Лили Карастояновой ул, 5А, Минск",Галина,2.0
1078033035,2026-07-21T16:51:56Z,Сдаём 3-комнатную квартиру. Ул. Максима Танка 30,"Сдаём трёхкомнатную квартиру с мебелью на длительный срок.
Ул. Максима Танка, 30. 2-ой этаж. Рядом станция метро Фрунзенская (Юбилейная площадь).
Звон",687.73,2000.0,False,https://re.kufar.by/vi/1078033035,90,51.0,,,4,1,2.0,9.0,3,,22,27.533175,53.907801,"Максима Танка ул, Минск",Екатерина,
1078032904,2026-07-21T16:50:45Z,Современная 2-комнатная квартира в аренду в  ЖК ''Лазурит'',"Сдается современная просторная 2-комнатная квартира в ЖК ""Лазурит"" по адресу: пр-т Победителей,115.

Заселение с 11 августа! Просмотр возможен по согл",800.0,2326.48,True,https://re.kufar.by/vi/1078032904,,65.5,44.2,,3,,9.0,17.0,4,2018.0,22,27.477219,53.936756,"Победителей пр, 115, Минск",ООО Центр недвижимости ГАЛАКТИКА,
1078026774,2026-07-21T16:27:58Z,Сдам 2-комнатную квартиру,"Сдам квартиру в первомайском районе. Хороший ремонт, рядом магазины, почта, школа, детский сад. Транспорт до Востока идет 10 минут. Свободна с 5 авгус",445.0,1294.1,False,https://re.kufar.by/vi/1078026774,100,46.0,,,1,1,5.0,9.0,,,24,27.634038,53.953397,"Тикоцкого ул, 34к2, Минск",Angelina,
1078024086,2026-07-21T15:44:52Z,"Аренда 2 кв. по пр.Дзержинского,23","ПЕРВОЕ ЗАСЕЛЕНИЕ!
Сдается просторная, светлая 2-комнатная квартира в престижном доме по адресу: пр-т Дзержинского, 23!

Сдается на длительный срок пор",850.0,2471.89,True,https://re.kufar.by/vi/1078024086,55,80.0,37.8,15.2,3,,8.0,13.0,2,2013.0,29,27.507797,53.882454,"Дзержинского пр, 23, Минск",Агентство недвижимости Юриэлт в Минске,
1078017402,2026-07-21T14:31:23Z,"Квартира на Каменной горке, 1 минута до метро","Сдам двухкомнатную квартиру на длительный срок студентам, резидентам РБ, от подъезда до метро - 100 шагов. Зимой не холодно, окна не продувает.",447.03,1300.0,False,https://re.kufar.by/vi/1078017402,130,47.0,35.0,6.0,3,20,7.0,,1,1987.0,30,27.438789,53.908347,"Притыцкого ул, 136, Минск",Даниил,2.0
1078016273,2026-07-21T14:22:27Z,2-ая квартира возле метро Каменная горка,"Сдаётся светлая, просторная, современная 2-ая квартира, общей площадью 70 кв.метров возле ст.метро Каменная горка. Дом находится за торговым центре Гр",750.0,2181.08,False,https://re.kufar.by/vi/1078016273,105,70.0,36.0,17.0,2,10,1.0,9.0,1,,30,27.429752,53.911153,"Нёманская ул, 18, Минск",Mari,5.0
1078014615,2026-07-21T14:03:55Z,Сдача квартиры на длительный срок,"Описание
Сдается 1,5-комнатная/ квартира по ул. Кульман д.24. Шестой этаж
Квартира в хорошем состоянии.
Мебель - частично, кухня, застекленная лоджия",429.83,1250.0,False,https://re.kufar.by/vi/1078014615,120,38.2,21.4,7.2,1,1,6.0,9.0,,,23,27.576779,53.924299,"Кульман ул, 24, Минск",Дмитрий,
1078013065,2026-07-21T13:45:50Z,Однокомнатная квартира,Просторная и уютная однокомнатная квартира в современном доме! Идеальный вариант для комфортной жизни: предлагается к сдаче светлая однокомнатная квар,687.73,2000.0,False,https://re.kufar.by/vi/1078013065,65,43.2,17.8,9.0,1,5,5.0,9.0,1,2011.0,30,27.455228,53.922819,"Аладовых ул, 15, Минск",Анна,1.0
1078008669,2026-07-21T12:56:17Z,Аренда квартиры,"Сдается на длительный срок двухкомнатная квартира после ремонта, никто не проживал. В квартире полностью оборудована кухня, за исключением холодильник",722.12,2100.0,False,https://re.kufar.by/vi/1078008669,,61.8,27.9,12.6,3,10,9.0,9.0,1,2006.0,30,27.420921,53.893524,"Скрипникова ул, 25, Минск",Юлия,
1056401738,2026-07-21T12:47:56Z,Квартира 3 комнатная у метро от 15 дней,Сдаётся уютная 3квартира недалеко от центра и метро. На период от 15 суток и до полугода.,999.0,2905.19,True,https://re.kufar.by/vi/1056401738,,85.0,60.0,10.0,4,5,5.0,10.0,1,2007.0,28,27.554905,53.87833,"Воронянского ул, 27, Минск",ООО ЦЕНТРХАУСАПАРТ,8.0
1078005993,2026-07-21T12:33:12Z,"Снять 2-комнатную квартиру, г. Минск, просп. Дзержинского, 15","Без животных. Сдаётся иностранным студентам
Сдаётся светлая и просторная квартира в прекрасном районе. В квартире есть всё необходимое для комфортного",550.19,1600.0,True,https://re.kufar.by/vi/1078005993,55,42.7,33.0,,3,5,4.0,19.0,,,29,27.52041,53.886934,"Дзержинского пр, 15, Минск","ООО ""Резалт Недвижимость""",
1078002938,2026-07-21T12:20:16Z,"Снять 3-комнатную квартиру, г. Минск, ул. Берута, 11/А","Уникальная по планировке, большая квартира с качественным ремонтом вблизи метро.

Главные плюсы квартиры:

Большая площадь : На 111 квадратах располож",1031.6,3000.0,True,https://re.kufar.by/vi/1078002938,290,102.2,73.1,,4,5,12.0,14.0,,,30,27.507025,53.901812,"Болеслава Берута ул, 11А, Минск","ООО ""Резалт Недвижимость""",
1078001748,2026-07-21T12:19:21Z,1-комнатная квартира в аренду,С августа 2026 сдается современная квартира с хорошим ремонтом в одном из исторических домов на проспекте Независимости с видом на Национальную Библио,495.0,1439.51,False,https://re.kufar.by/vi/1078001748,45,39.0,18.0,9.0,3,5,12.0,16.0,1,,24,27.643410344016083,53.93324326780427,"Независимости пр, 131к1, Минск",Андрей,2.0
1077999645,2026-07-21T11:57:31Z,"Снять 2-комнатную квартиру, г. Минск, ул. Лучины, 24","Уютная 2-комнатная квартира в Лошице на длительный срок

Сдается просторная и уютная двухкомнатная квартира в одном из самых комфортных для жизни райо",515.8,1500.0,True,https://re.kufar.by/vi/1077999645,145,67.4,41.9,8.8,3,5,9.0,9.0,,,27,27.57686,53.837673,"Янки Лучины ул, 24, Минск","ООО ""Резалт Недвижимость""",
1077998500,2026-07-21T11:50:04Z,"Сдаётся 2к квартира с видом на сквер, Р-н Комаровка, до м.Я.Коласа 9мин, первое заселение, все новое","Риэлторам не беспокоить!
Сдаётся 2к квартира с видом на сквер, Район Комаровка, до м.Я.Коласа 9мин, до комаровского рынка 3-4 мин.  ул. Куйбышева, 61/",618.96,1800.0,False,https://re.kufar.by/vi/1077998500,120,41.0,,,1,10,4.0,5.0,,,23,27.570482,53.919394,"Куйбышева ул, 61к3, Минск",Сергей,2.0
1077997781,2026-07-21T11:42:14Z,"Снять 3-комнатную квартиру, г. Минск, ул. Хоружей, 10/1","Сдаётся просторная 3-комнатная квартира в самом сердце города — у Комаровского рынка!. Квартира готова к  заселению с 6 сентября. 
Хотите жить в центр",618.96,1800.0,True,https://re.kufar.by/vi/1077997781,120,69.2,41.3,9.8,4,5,15.0,16.0,,,23,27.574524,53.920216,"Веры Хоружей ул, 10к1, Минск","ООО ""Резалт Недвижимость""",
1077997060,2026-07-21T11:34:47Z,"Снять 3-комнатную квартиру, г. Минск, ул. Коласа, 55/1","Сдается уютная квартира на длительный срок.
Есть все необходимое для комфортного проживания. В квартире также есть бойлер

Общая площадь квартиры - 10",615.52,1790.0,True,https://re.kufar.by/vi/1077997060,,103.8,84.6,10.9,4,1,3.0,4.0,,,23,27.600333,53.93241,"Якуба Коласа ул, 55к1, Минск","ООО ""Резалт Недвижимость""",
1077996171,2026-07-21T11:29:27Z,"Снять 1-комнатную квартиру, г. Минск, ул. Ольшевского, 74","Сдается просторная светлая однокомнатная квартира в благоустроенном районе. Идеальный вариант для тех, кто ценит покой, но хочет оставаться на связи с",343.87,1000.0,True,https://re.kufar.by/vi/1077996171,160,32.5,17.0,8.5,3,,1.0,9.0,,,30,27.487666,53.925052,"Ольшевского ул, 74, Минск","ООО ""Резалт Недвижимость""",
1077994361,2026-07-21T11:09:07Z,"Снять 2-комнатную квартиру, г. Минск, ул. Богдановича, 120","Просторная 2-комнатная квартира с панорамным видом на город

 Минск, ул. Максима Богдановича, 120

Сдается светлая и просторная двухкомнатная квартира",670.54,1950.0,True,https://re.kufar.by/vi/1077994361,,59.9,45.2,,3,5,15.0,16.0,,,23,27.58313,53.93629,"Максима Богдановича ул, 120, Минск","ООО ""Резалт Недвижимость""",
1076647244,2026-07-21T11:02:14Z,Квартира,"Уютная двухкомнатная квартира в Уручье (Военный городок) сдаётся на длительный срок! 

Сдача квартиры будет с 1 СЕНТЯБРЯ! ‼‼‼
Квартира ранее не сдавал",600.0,1744.86,False,https://re.kufar.by/vi/1076647244,50,60.0,60.0,,3,,1.0,,,2018.0,24,27.716413,53.951151,"Курсанта Гвишиани ул, Минск",Алёна,4.0
1077992732,2026-07-21T10:50:11Z,"Снять 1-комнатную квартиру, г. Минск, ул. Игоря Лученка, 19","Сдаётся светлая и уютная квартира в Минск Мире по адресу: Игоря Лученка, 19! Квартира расположена на 3 этаже 10 этажного дома, полностью укомплектован",481.41,1400.0,True,https://re.kufar.by/vi/1077992732,170,27.9,23.9,,3,5,3.0,10.0,,,28,27.550387,53.864257,"Игоря Лученка ул, 19, Минск","ООО ""Резалт Недвижимость""",
1077992208,2026-07-21T10:43:53Z,сдается квартира,"сдам самостоятельной женщине, работающей, беларуске, возможно, с ребенком (студентом)",0.0,0.0,False,https://re.kufar.by/vi/1077992208,,32.0,,,2,22,1.0,2.0,3,1961.0,29,27.511355,53.889555,"Розы Люксембург ул, 130, Минск",Лариса,2.0
1076251929,2026-07-21T10:31:17Z,"1комн квартира ул.Рафиева 78, Московский район","Сдаётся квартира в Малиновке ул.Рафиева 78.
Срок аренды длительный.
Квартира с мебелью 
Холодильник , стиральная машина .
Без животных.
Просмотры с де",350.0,1017.84,True,https://re.kufar.by/vi/1076251929,150,37.0,,,,1,,,,,29,27.438582,53.861272,"Рафиева ул, 78, Минск",ООО Альфа-риэлт,
1077989464,2026-07-21T10:24:00Z,"Сдается на длительный срок двухкомнатная квартира на ул. Белорусская, д. 15 в г. Минске","Стильная двухкомнатная квартира в тихом центре города Минска сдается ответственному человеку либо семье, которые будут ценить комфорт и уют квартиры (",962.83,2800.0,False,https://re.kufar.by/vi/1077989464,,64.4,19.8,22.8,3,10,2.0,16.0,10,2004.0,27,27.563152,53.890999,"Белорусская ул, 15, Минск",Натали,3.0
1077987041,2026-07-21T09:55:00Z,Сдается 3-комнатная квартира ст. м. Немига,"ТОЛЬКО ЗВОНИТЬ/ПИСАТЬ ПО НОМЕРУ ТЕЛЕФОНА!

Сдается на длительный срок уютная трехкомнатная квартира в самом центре Минска. Напротив ТЦ Галерея, дворец",700.0,2035.67,False,https://re.kufar.by/vi/1077987041,90,68.0,,9.2,,,,,3,1997.0,22,27.54585,53.90753,"Обойная ул, 4к1, Минск",Оксана Петровна,
1077986901,2026-07-21T09:53:15Z,"Снять 1-комнатную квартиру, г. Минск, ул. Сторожовская, 8","Светлая, просторная однокомнатная квартира в самом центре Минска. Уютная, тихая, полностью укомплектована всей техникой для долгосрочной жизни. Но гла",756.51,2200.0,True,https://re.kufar.by/vi/1077986901,260,36.6,17.1,6.5,3,5,7.0,12.0,,,22,27.555453,53.912972,"Сторожовская ул, 8, Минск","ООО ""Резалт Недвижимость""",
1077984846,2026-07-21T09:29:26Z,Сдаётся двухкомнатная квартира,Сдаётся двухкомнатная квартира на длительный срок. Только гражданам РБ.,450.0,1308.65,False,https://re.kufar.by/vi/1077984846,135,45.0,27.0,7.0,2,1,1.0,5.0,1,1976.0,28,27.514589,53.853041,"Казинца ул, 51/2, Минск",Елена,2.0
1077982835,2026-07-21T09:06:27Z,Сдаётся евротрешка с 26 августа гражданам РБ,"Дом находится в тихом центре, в шаговой доступности вся инфраструктура: все сетевые магазины, пвз WB и Ozon, поликлиника, школы, сады, парк Победы, Ко",600.0,1744.86,False,https://re.kufar.by/vi/1077982835,,70.0,37.0,18.0,3,5,1.0,5.0,3,,22,27.555157,53.926335,"Осипенко ул, 27, Минск",Дмитрий,5.0
1077981070,2026-07-21T08:45:36Z,"Снять 3-комнатную квартиру, г. Минск, ул. Сухаревская, 56","Квартира будет актуальна для заселения с 19-20 августа!!!

Сдаётся большая, светлая и уютная 3-комнатная квартира в Фрунзенском районе по адресу: ул.",601.77,1750.0,True,https://re.kufar.by/vi/1077981070,265,66.8,43.5,8.6,3,1,5.0,9.0,,,30,27.425269,53.889226,"Сухаревская ул, 56, Минск","ООО ""Резалт Недвижимость""",
1070695038,2026-07-21T08:45:01Z,"Минск, Академическая, 17","Аренда стильной 4-комнатной квартиры в центре Минска, ул. Академическая, 17

Предлагается в аренду просторная, светлая 4-комнатная квартира вместе с т",1695.26,4930.0,True,https://re.kufar.by/vi/1070695038,5,159.5,99.3,26.2,,,1.0,10.0,,2003.0,24,27.601258,53.917432,"Академическая ул, 17, Минск","ООО ""Группа компаний Эксклюзив""",
1073319036,2026-07-21T08:45:01Z,"Минск, просп. Победителей, 27","Сдаётся в аренду современная квартира площадью 104 м² в одном из самых престижных жилых комплексов Минска — «Славянский Квартал». Новый дом, квартира",1714.52,4986.0,True,https://re.kufar.by/vi/1073319036,90,99.0,49.8,13.9,3,,6.0,25.0,,2012.0,22,27.539831,53.911874,"Победителей пр, 27, Минск","ООО ""Группа компаний Эксклюзив""",
1077980845,2026-07-21T08:42:58Z,1-к Жуковского 5/1,"Светлая, чистая, тёплая. Свободна с сентября",550.0,1599.46,False,https://re.kufar.by/vi/1077980845,,38.0,,,3,5,9.0,9.0,1,,28,27.552048,53.883543,"Жуковского ул, 5к1, Минск",Паша,
1061326770,2026-07-21T08:33:52Z,Аренда 4х-комнатной квартиры с дизайнерским ремонтом  в Маяке Минска,"Аренда с 15.05.2026  НА НЕДЕЛИ,МЕСЯЦЫ дизайнерской 4х-комнатной квартиры в Маяке Минска около Национальной библиотеки. Отличное месторасположение (7 м",1850.0,5379.98,False,https://re.kufar.by/vi/1061326770,325,78.0,74.0,,3,10,3.0,24.0,10,2020.0,24,27.651142,53.928227,"Франциска Скорины ул, 5, Минск",Каролина,7.0
1077979902,2026-07-21T08:31:45Z,"Снять 2-комнатную квартиру, г. Минск, ул. Радужная, 11","Сдаётся стильная двухкомнатная квартира премиум-класса по адресу: ул. Радужная, 11.
Предлагается в аренду современная двухкомнатная квартира с дорогим",687.73,2000.0,True,https://re.kufar.by/vi/1077979902,40,72.7,46.7,8.6,1,5,4.0,9.0,,,22,27.487621,53.932463,"Радужная ул, 11, Минск","ООО ""Резалт Недвижимость""",
1077978752,2026-07-21T08:19:39Z,"Снять 2-комнатную квартиру, г. Минск, ул. Захарова, 23","Сдается просторная квартира с дизайнерским ремонтом в Партизанском районе. 
В квартире есть все необходимое для комфортного проживания. В наличии такж",945.29,2749.0,True,https://re.kufar.by/vi/1077978752,,59.4,40.9,10.6,1,5,2.0,4.0,,,25,27.579043,53.906199,"Захарова ул, 23, Минск","ООО ""Резалт Недвижимость""",
1077978608,2026-07-21T08:17:54Z,"Снять 3-комнатную квартиру, г. Минск, ул. Ржавецкая, 49","Сдается квартира в Центральном районе. Квартира укомплектована кухонной зоной и санузлом.
Имеется кухонный гарнитур, духовой шкаф с плитой, холодильни",1047.08,3045.0,True,https://re.kufar.by/vi/1077978608,210,116.3,103.0,,3,5,6.0,6.0,,,22,27.457959,53.94069,"Ржавецкая ул, 49, Минск","ООО ""Резалт Недвижимость""",
1077977888,2026-07-21T08:10:18Z,"Снять 3-комнатную квартиру, г. Минск, просп. Дзержинского, 24","Сдаётся на длительный срок просторная  светлая трёхкомнатная квартира.

Отличное транспортное сообщение, в двух минутах ходьбы станции метро ""Грушевка",997.21,2900.0,True,https://re.kufar.by/vi/1077977888,,101.0,63.2,14.1,1,5,16.0,20.0,,,29,27.517077,53.888282,"Дзержинского пр, 24, Минск","ООО ""Резалт Недвижимость""",
1077973888,2026-07-21T07:54:40Z,"Аренда 3-комнатной квартиры, Победителей 129","Работаем по факту!
Квартира в полной комплектации, 2 отдельные спальные комнаты, гостиная и кухня, обустроенная лоджия. Для хранения одежды оборудован",820.0,2384.64,True,https://re.kufar.by/vi/1077973888,,63.4,36.2,10.3,3,,10.0,17.0,4,2015.0,22,27.46607,53.941017,"Победителей пр, 129, Минск",ООО Центр недвижимости ГАЛАКТИКА,
1077967896,2026-07-21T07:12:04Z,"Снять 1-комнатную квартиру, г. Минск, ул. Радужная, 19","Квартира актуальна к заселению после 12 августа!

Сдаётся однокомнатная квартира по адресу Радужная около Минск-Арены на длительный срок! Великолепный",453.9,1320.0,True,https://re.kufar.by/vi/1077967896,40,43.1,18.0,9.5,3,5,15.0,17.0,,,22,27.489633,53.933142,"Радужная ул, 19, Минск","ООО ""Резалт Недвижимость""",
1077967271,2026-07-21T07:02:46Z,"Снять 3-комнатную квартиру, г. Минск, ул. Червякова, 64",Сдаётся светлая и уютная 3-комнатная квартира в Центральном районе Минска! В квартире после ремонта никто не жил. Вся мебель и техника новые. Просторн,859.67,2500.0,True,https://re.kufar.by/vi/1077967271,,76.8,47.3,10.4,3,5,3.0,9.0,,,22,27.548617,53.930788,"Червякова ул, 64, Минск","ООО ""Резалт Недвижимость""",
1077965754,2026-07-21T06:44:37Z,"Сдается 2-ая квартира по ул. Воронянского, д. 27 Минск","Сдается уютная 2х-комнотная квартира. 
В квартире необходимая мебель, бытовая техника.
Развитая инфраструктура: метро ст. Ковальская Слобода.
Просьба",594.89,1730.0,False,https://re.kufar.by/vi/1077965754,,60.0,50.0,7.0,1,1,3.0,9.0,1,2000.0,28,27.554905,53.87833,"Воронянского ул, 27, Минск",Владимир,2.0
1077962369,2026-07-21T05:51:07Z,Студия с шикарными видами,"Сдается студия в ЖК ""Левада"", воплощенный в жизнь дизайн проект с шикарным видом на рассветы и закаты в ЖК ""Левада"", полностью оборудована техникой, в",649.0,1887.36,False,https://re.kufar.by/vi/1077962369,,39.0,,,1,10,,9.0,2,2024.0,22,27.529689,53.93628,"Нововиленская ул, 57, Минск",Сергей,1.0
1074143781,2026-07-21T05:19:51Z,Сдам 2-х комнатную квартиру на длительный срок,Собственником на длительный срок сдается полностью готовая к проживанию уютная квартира с хорошим ремонтом в хорошем районе с развитой инфраструктурой,650.0,1890.27,False,https://re.kufar.by/vi/1074143781,220,62.7,32.4,13.2,3,5,11.0,26.0,4,2010.0,23,27.584882,53.938501,"Максима Богдановича ул, 136, Минск",Ольга,4.0
1075738238,2026-07-21T05:12:26Z,Снять 1-комнатную квартиру ЖК ''Парк челюскинцев'',"Сдам 1-комн квартиру в ЖК ""Парк Челюскинцев"" с дизайнерским ремонтом. Квартира доступна к сдаче с 1 августа 2026 года.

Панорамные окна с видом на Пар",600.0,1744.86,False,https://re.kufar.by/vi/1075738238,,39.5,,,1,10,,5.0,2,,24,27.624237,53.922984,"Макаёнка ул, 12Ж, Минск",Наталья,2.0
1077925488,2026-07-20T19:39:59Z,Квартира евро трёшка с ремонтом,Сдам по договору  на длительный срок просьба иностранцев не беспокоить!,750.0,2181.08,False,https://re.kufar.by/vi/1077925488,,70.0,50.0,17.0,1,10,1.0,,,2014.0,30,27.443764811354896,53.877511055558216,"Мачульского ул, 24, Минск",пользователь,
1077925236,2026-07-20T19:39:35Z,Аренда квартиры,"Сдам квартиру в удобном месте квартиру, с хорошим ремонтом",600.0,1744.86,False,https://re.kufar.by/vi/1077925236,55,45.0,17.0,14.0,1,5,3.0,9.0,1,2013.0,29,27.524345283358684,53.88391986799058,"3-й Железнодорожный переулок, 10, Минск",Сергей,1.0
1077921740,2026-07-20T18:44:42Z,Сдам 1-комнатную квартиру,Рядом с метро сдается квартира на две койки. Предоплата и залог. Студентам не звонить.,457.34,1330.0,False,https://re.kufar.by/vi/1077921740,205,31.0,17.0,6.0,,,3.0,,,,30,27.492571,53.915231,"Матусевича ул, 1, Минск",Людмила,2.0
1077919001,2026-07-20T18:16:01Z,Сдаю 1-комнатную квартиру,Для длительный аренды хорошая однокомнатная квартира. Не беспокоить студентам и с животными. Предпочтение парам. Метро 3 остановки.,471.1,1370.0,False,https://re.kufar.by/vi/1077919001,160,29.0,16.0,5.0,2,,2.0,,,,30,27.500898,53.925926,"Чигладзе ул, 6к2, Минск",Алиса,2.0
1077918210,2026-07-20T18:06:53Z,Сдаю 1-комнатную квартиру,"Сдаю уютную 1-комнатную квартиру со всем необходимым для проживания. Не студентам, без животных. Агентам не беспокоить.",508.92,1480.0,False,https://re.kufar.by/vi/1077918210,205,32.0,16.0,6.0,2,,2.0,9.0,,,30,27.497422,53.91845,"Пушкина пр, 64, Минск",Elena,2.0
1077908977,2026-07-20T16:51:26Z,"Аренда 2-комнатной квартиры, Репина 4","РАБОТАЕМ ПО ФАКТУ 

Сдается 2 х комнатная квартира по адресу ул.  Репина 4 общ.пл. 59,7 кв.м.  Укомплектована всей необходимой техникой ( TV, стиральн",900.0,2617.29,True,https://re.kufar.by/vi/1077908977,,57.9,52.2,,3,,7.0,10.0,4,2014.0,22,27.526445,53.912308,"Репина ул, 4, Минск",ООО Центр недвижимости ГАЛАКТИКА,
1077908336,2026-07-20T16:43:59Z,АГЕНТСТВО. РАБОТАЕМ ПО ФАКТУ.,"3–комнатная квартира в 10-15 минутах ходьбы от станции метро «Кунцевщина».

Условия аренды:

Приоритет для семейной пары.

Предусмотрен залог в размер",550.0,1599.46,True,https://re.kufar.by/vi/1077908336,80,65.7,,,3,,4.0,9.0,,,30,27.462397,53.899637,"Тимошенко ул, 24к1, Минск",ООО ''Риэлтерский центр Столицы'',
1063193087,2026-07-20T16:01:34Z,Уютная новая двушка м.Грушевка,"Сдается новая 2-комнатная квартира в доме 2023 года (Грушевка, ремонты завершены в доме). 

Можем рассмотреть вариант заселения на месяц

Квартира пол",950.0,2762.7,False,https://re.kufar.by/vi/1063193087,,65.0,56.0,,1,10,3.0,9.0,2,2023.0,29,27.504204,53.888966,"Розы Люксембург ул, 181, Минск",Настасья,3.0
1077898109,2026-07-20T15:26:06Z,Однокомнатная квартира,Сдаётся однокомнатная квартира,0.0,0.0,False,https://re.kufar.by/vi/1077898109,160,33.5,,,2,,2.0,9.0,1,,30,27.487531,53.926361,"Михася Лынькова ул, 15В, Минск",Виктория,
1077894844,2026-07-20T14:44:56Z,Аренда,Сдаëтся 4х комнатная квартира с мебелью на длительный срок! Свободна с 10.08.2026. Посмотреть то-же с 10.08.2026!,800.0,2326.48,False,https://re.kufar.by/vi/1077894844,170,70.0,66.0,24.0,3,5,13.0,25.0,10,2022.0,28,27.534325,53.863179,"Лейтенанта Кижеватова ул, 3Д, Минск",Сергей,
1077893711,2026-07-20T14:30:03Z,Койко-место в квартире,"Сдам койко-место в квартире. на сессию, вахту, командировку. Постельное белье предоставлю, кухня укомплектована. метро рядом, круглосуточный магазин ч",0.0,0.0,False,https://re.kufar.by/vi/1077893711,320,50.0,,,3,1,,,,,29,27.46696,53.863412,"Газеты Звязда пр, Минск",Марина,4.0
1077886198,2026-07-20T13:16:26Z,"Снять 2-комнатную квартиру, г. Минск, просп. Мира, 1","Сдается уютная квартира в ЖК Минск Мир. Первое заселение!
В квартире есть все для комфортного проживания. В наличии также: бойлер, 2 кондиционера, пос",670.54,1950.0,True,https://re.kufar.by/vi/1077886198,170,44.1,39.7,,3,5,8.0,24.0,,,28,27.549991,53.869784,"Мира пр, 1, Минск","ООО ""Резалт Недвижимость""",
1076928049,2026-07-20T13:00:01Z,Стильная квартира в современном ЖК ''Северный Берег'' с паркоместом,Сдается стильная евродвухкомнатная квартира  в современном динамичном жилом комплексе Северный Берег - одном из самых перспективных районов города. Пр,1300.0,3780.53,True,https://re.kufar.by/vi/1076928049,,55.9,46.8,,3,10,5.0,7.0,10,2024.0,23,27.567499,53.962001,"Виталия Цвирко ул, 76, Минск",ООО ''АН Клевер'',3.0
1069134869,2026-07-20T12:50:28Z,"Аренда 2-комнатной квартиры, Розы Люксембург 151","ПЕРВОЕ ЗАСЕЛЕНИЕ!

Предлагается в аренду современная евро-двухкомнатная квартира  в одном из  престижных районов города Минска.

В квартире выполнен д",830.0,2413.72,True,https://re.kufar.by/vi/1069134869,,45.3,40.2,,3,,8.0,9.0,4,2021.0,29,27.508381,53.889114,"Розы Люксембург ул, 151, Минск",ООО Центр недвижимости ГАЛАКТИКА,
1077878019,2026-07-20T12:30:29Z,Сдаю 1-комнатную квартиру,Сдается 1 комнатная квартира со всеми удобствами.,447.03,1300.0,False,https://re.kufar.by/vi/1077878019,,30.0,17.0,6.0,2,,3.0,,,,30,27.499578,53.919998,"Ольшевского ул, 24, Минск",Елена,1.0
1077876598,2026-07-20T12:21:32Z,Квартира,"Сдаётся 2-х комнатная квартира, Минск, ул Осипенко., в шаговой доступности магазин, парки, озёра, кинотеатр.
Свободна с 1-го Августа.",498.61,1450.0,False,https://re.kufar.by/vi/1077876598,,45.0,,,1,,3.0,5.0,1,,22,27.555386604328298,53.92938063244276,Минск,Dzianis,2.0
1077869386,2026-07-20T11:20:53Z,Двухкомнатная квартира в Серебрянке на длительный срок,"Теплая, чистая, светлая квартира на длительный срок, не солнечная сторона. Залог 1 месяц, 1 человек прописан, по договору, спальных мест нет, 2 вмести",450.0,1308.65,False,https://re.kufar.by/vi/1077869386,230,50.2,,,3,,6.0,9.0,1,1981.0,27,27.597791,53.870299,"Рокоссовского пр, 18к1, Минск",Анна,
1077471301,2026-07-20T10:46:39Z,сдача квартиры в аренду,"Квартира ухоженная с хорошим ремонтом, со всей техникой включая 2 кондиционера, стиральная и сушильная машина.",1065.99,3100.0,False,https://re.kufar.by/vi/1077471301,15,60.0,52.0,14.8,1,10,19.0,24.0,2,,28,27.545383,53.872682,"Аэродромная ул, Минск",андрей,2.0
1077863668,2026-07-20T10:14:10Z,Сдача в Аренду,"Сдаётся уютная квартира-студия в малоэтажном доме, в 5 мин ходьбы от м. Аэродромная и ТЦ АВИА-МОЛЛ. Оснащена всем необходимым для комфортного проживан",567.38,1650.0,False,https://re.kufar.by/vi/1077863668,170,32.5,30.8,,1,10,4.0,13.0,2,2025.0,28,27.541179,53.866609,"Игоря Лученка ул, 16, Минск",Наталья,2.0
1077852855,2026-07-20T08:05:24Z,Сдаю квартиру гражданам РБ,Агентам не беспокоить,550.0,1599.46,False,https://re.kufar.by/vi/1077852855,,43.0,42.0,,1,5,3.0,4.0,4,,24,27.61707087571085,53.93401965737044,"Волгоградская ул, 27А, Минск",Елена,2.0
1077852364,2026-07-20T07:58:29Z,"Снять 3-комнатную квартиру, г. Минск, ул. Есенина, 31к1","Сдается на длительный срок 3-х комнатная квартира!

Квартира полностью укомплектована мебелью и бытовой техникой для комфортного проживания. 

3 спаль",722.12,2100.0,True,https://re.kufar.by/vi/1077852364,150,73.0,39.5,9.0,1,5,3.0,10.0,1,1997.0,29,27.452506,53.849355,"Сергея Есенина ул, 31к1, Минск",ООО Результативная недвижимость,
1077844581,2026-07-20T07:20:15Z,Сдам в аренду на долгий срок,Сдаю на длительный срок 1 комнатную квартиру после ремонта. Есть все необходимое для комфортного проживания. Квартира светлая. Современная новая бытов,450.0,1308.65,False,https://re.kufar.by/vi/1077844581,,30.0,,6.0,2,5,1.0,5.0,3,,25,27.604124,53.885363,"Олега Кошевого ул, 26, Минск",Анжелика,2.0
1077843080,2026-07-20T07:09:25Z,"1-комнатная квартира по ул. Мстиславца, 15","Сдается квартира-студия на длительный срок.

Есть все для комфортного проживания. Квартира полностью укомплектована мебелью и техникой. Теплые полы, к",584.57,1700.0,True,https://re.kufar.by/vi/1077843080,325,39.0,34.0,,3,10,9.0,25.0,10,,24,27.65566,53.934329,"Петра Мстиславца ул, 15, Минск",Агентство недвижимости ''Час-Пик'',
1075932608,2026-07-20T05:56:57Z,Аренда квартиры,"Трёхкомнатная квартира 82кв. Две изолированные комнаты. Большая гостиная совмещённая с кухней , большие раздельные санузлы. Квартира полностью укомпле",800.0,2326.48,True,https://re.kufar.by/vi/1075932608,65,82.0,,,1,10,8.0,10.0,4,2013.0,30,27.45764853216003,53.917749418173855,"Матусевича ул, 64, Минск",ИП Авсянский Павел Александрович,
1077797381,2026-07-20T05:24:52Z,НОВАЯ КВАРТИРА-СТУДИЯ МИНСК-МИР,"TEXT ME IN ENGLISH ONLY!!!

ЗАБРОНИТЬ - СКИДЫВАЕТЕ НЕВОЗВРАЩАЕМЫЙ ЗАЛОГ В РАЗМЕРЕ 10% ОТ ЕЖЕМЕСЯЧНОЙ СТОИМОСТИ (соответственно за мес доплатить остане",410.0,1192.32,False,https://re.kufar.by/vi/1077797381,170,31.0,,,3,5,12.0,,,,28,27.541216088679327,53.86965428384568,"Белградская ул, 6, Минск",DOESN'T MATTER,2.0
1077800703,2026-07-20T05:19:54Z,Сдаётся квартира,"Сдаётся двухкомнатная квартира, сдаётся только девушкам, женщинам, семейным парам только гражданам РБ.
По договору аренды.
В шаговой доступности магаз",515.8,1500.0,False,https://re.kufar.by/vi/1077800703,,50.0,37.0,,1,1,1.0,5.0,1,,23,27.57951,53.925576,"Куйбышева ул, 83, Минск",ффффф,
1077800456,2026-07-20T05:19:17Z,2 комн. кварт. в аренду на длит. срок,Сдам гражданам РБ уютную двухкомнатную квартиру в тихом и чистом районе. Пространство идеально продумано для жизни: в спальне установлена двуспальная,584.57,1700.0,False,https://re.kufar.by/vi/1077800456,40,57.7,31.1,9.5,1,5,3.0,19.0,1,2008.0,22,27.486075765943095,53.931499912973806,"Тимирязева ул, 80к2, Минск",Ао,5.0
1077196737,2026-07-19T18:17:57Z,Квартиры,"Трехкомнатная квартира с хорошим ремонтом и видом на парк .Есть детская площадка ,кинотеатр ,3 школы и детский сад.Также рядом поликлиника ,больница ,",756.51,2200.0,False,https://re.kufar.by/vi/1077196737,230,98.0,65.0,12.0,3,5,19.0,20.0,2,2011.0,27,27.61052,53.854809,"Рокоссовского пр, 150Б, Минск",Ульяна,5.0
1077776471,2026-07-19T16:27:07Z,Сдам 2-ух комнату квартиру на длительный срок,"Сдам двухкомнатную квартиру рядом с метро на длительный срок по договору, без животных и детей",550.0,1599.46,False,https://re.kufar.by/vi/1077776471,,50.0,,,1,5,5.0,9.0,3,,27,27.584806469312817,53.88634152625706,"Партизанский пр, 7, Минск",Светлана,
1033465222,2026-07-19T14:27:19Z,Долгосрочная аренда евротрешки Лазурит Победителей,"Сдается от собственника на длительный срок дизайнерская ЕвроТРЕШКА с шикарным ВИДОМ в ЖК ЛАЗУРИТ! ШИКАРНЫЙ ВИДОВОЙ БАЛКОН, ОКНА в комнате В ПОЛ! Полно",850.0,2471.89,False,https://re.kufar.by/vi/1033465222,,58.0,,,1,10,19.0,30.0,,2021.0,22,27.476994,53.936815,"Победителей пр, 115, Минск",Татьяна,2.0
1077762533,2026-07-19T14:00:24Z,Просторная квартира для семьи/студентов,"114 м², четыре полноценные комнаты, два санузла, большая кухня. Всё, что нужно для комфортной жизни

Квартира полностью готова к проживанию и отлично",1100.37,3200.0,False,https://re.kufar.by/vi/1077762533,55,114.0,76.0,14.0,3,,1.0,6.0,3,2007.0,29,27.526914,53.887056,"Грушевская ул, 15, Минск",Пётр,4.0
1077761481,2026-07-19T13:48:24Z,Сдается 3-комнатная квартира 3 нанимателям,Сдается 3-комнатная квартира (по одной изолированной комнате трем нанимателям 3*350=1050 дол. по 3 отдельным договорам с регистрацией) в историческом,1050.0,3053.5,False,https://re.kufar.by/vi/1077761481,,81.2,54.6,8.1,1,5,5.0,5.0,3,1964.0,27,27.554267,53.896204,"Карла Маркса ул, 8, Минск",Николай,3.0
1077759565,2026-07-19T13:32:11Z,2-комнатная квартира,"Сдается в долгосрочную аренду двухкомнатная квартира по ул.Московская, д.1 в кирпичном доме на втором этаже с идеальной локацией: сразу за ж/д вокзало",690.0,2006.59,False,https://re.kufar.by/vi/1077759565,,43.0,27.0,7.0,1,1,2.0,,3,1987.0,28,27.541314,53.890256,"Московская ул, 1, Минск",Мария,3.0
1077758358,2026-07-19T13:17:57Z,Квартира,"Сдаётся уютная квартира в новом доме, евродвушка, семейной паре",600.0,1744.86,False,https://re.kufar.by/vi/1077758358,170,40.7,,,3,10,4.0,25.0,10,2025.0,28,27.55455379462282,53.858342004248776,"Леонида Щемелёва ул, 30, Минск",Инна,2.0
1077757589,2026-07-19T13:08:37Z,Аренда 3-ех комнатной квартиры на Маяковского,"Сдается просторная, светлая и очень теплая 3-комнатная квартира для комфортной жизни. Отличный вариант для семьи или тех, кто ценит личное пространств",750.0,2181.08,False,https://re.kufar.by/vi/1077757589,,67.0,40.0,7.5,3,5,12.0,13.0,3,1986.0,27,27.569808,53.866773,"Маяковского ул, 154, Минск",Татьяна,3.0
1066483636,2026-07-19T12:59:52Z,Квартира,"Сдается стильная однокомнатна квартира с хорошим ремонтом .Сдаю на короткий срок от месяца до трех порядочным,без животных.
Входная дверь металическая",750.0,2181.08,False,https://re.kufar.by/vi/1066483636,,43.0,20.0,6.9,3,5,16.0,19.0,,2011.0,28,27.541745,53.881101,"Воронянского ул, 11, Минск",анжела,2.0
1077749580,2026-07-19T12:24:30Z,Поиск Квартиры,"ИЩЕМ КВАРТИРУ
ищем возможность снять квартиру 3-м студенткам(спортсменки, аккуратные, доброжелательные ) 
на срок с конца августа по начало июля.

не",500.0,1454.05,False,https://re.kufar.by/vi/1077749580,,50.0,40.0,12.0,2,1,7.0,10.0,3,2010.0,22,27.521658,53.935766,"Центральный район, Минск",Анастасия,3.0
1077748602,2026-07-19T12:22:27Z,Аренда 1-комнатной квартиры в центре Минска,"Сдается теплая и современная 1-комнатная квартира с качественным ремонтом по адресу: ул. Заславская, д. 11/2. Квартира полностью укомплектована качест",590.0,1715.78,False,https://re.kufar.by/vi/1077748602,90,35.0,17.0,7.5,3,5,2.0,9.0,1,,22,27.542086,53.909567,"Заславская ул, 11к2, Минск",Ксения,2.0
1077744146,2026-07-19T11:47:51Z,Сдается 1-ком. кв + машино-место (подземный паркинг),Сдается 1-ком.кв и машино-место в подземном паркинге на длительный срок. Новостройка в центре города в районе ул. Немига/Короля/К.Цеткин. Огороженная/,685.0,1992.05,False,https://re.kufar.by/vi/1077744146,,42.3,38.8,,1,5,6.0,9.0,10,2021.0,29,27.54329,53.900671,"Коллекторная ул, 8, Минск",Дмитрий,2.0
1077739783,2026-07-19T11:00:34Z,Уютная квартира,"Квартира в которой есть все для вашего комфорта 
Заезжайте с зубной щёткой. Остальное уже есть. И ТЦ рядом. Маяковский не писал бы стихи. Он бы тут жи",550.0,1599.46,False,https://re.kufar.by/vi/1077739783,35,56.0,39.0,,3,5,1.0,,3,1992.0,27,27.569494,53.8686,"Маяковского ул, 154, Минск",Марина,4.0
1077730753,2026-07-19T09:11:37Z,Сдается 3-х комнатная квартира на длительный срок,Трёхкомнатная квартира 82кв. Две изолированные комнаты. Большая гостиная совмещённая с кухней 38 кв.м . Квартира полностью укомплектована мебелью и те,800.0,2326.48,False,https://re.kufar.by/vi/1077730753,65,82.0,49.1,,3,10,9.0,10.0,10,2014.0,30,27.457303,53.917729,"Матусевича ул, 64, Минск",Людмила,
1077716792,2026-07-19T07:19:23Z,Аренда квартиры,"Сдам в аренду однокомнатную квартиру, студия 35м2, 1 этаж, новостройка, все новое, собственник 
Аренда + коммуналка + залоговая!

Просьба агентства НЕ",650.0,1890.27,False,https://re.kufar.by/vi/1077716792,,35.0,25.0,9.0,2,5,1.0,10.0,3,2024.0,22,27.530013,53.916742,"Гастелло ул, 8, Минск",Нелли,
1077715980,2026-07-19T07:05:30Z,недвижимость,микроволнвую печь. журнальный стол. шторы .,0.0,0.0,False,https://re.kufar.by/vi/1077715980,320,30.0,20.0,7.0,1,1,,,,,29,27.492966,53.871021,"Московский район, Минск",Татьянв,1.0
1077683695,2026-07-19T06:04:12Z,4х комнатная квартира,"Сразу после ремонта, сдается просторная двухэтажная квартира, 150м2, два санузла, кондиционеры в каждой комнате, абсолютно новая мебель, добавим еще п",1498.0,4356.33,False,https://re.kufar.by/vi/1077683695,,150.0,106.0,14.0,1,1,7.0,8.0,,2004.0,23,27.559001,53.918445,"Машерова пр, 50, Минск",Василий,8.0
1077682344,2026-07-19T05:58:35Z,сдача в аренду,"Трехкомнатная квартира 63 кв,м (одна комната проходная, санузел раздельный, балкон и застекленная лоджия), со всей необходимой мебелью и техникой на 5",687.73,2000.0,False,https://re.kufar.by/vi/1077682344,,63.0,41.0,9.2,4,1,5.0,9.0,1,1988.0,26,27.645213,53.868265,"переулок Кабушкина, 9, Минск",Ирина,5.0
1077669959,2026-07-18T18:19:53Z,"Квартира для заочников, иностранных граждан","Сдам квартиру, возможно аренда по комнатам, также рассмотрю заочников и командировочным, ДОЛГОСРОЧНО НЕ СДАЕМ",257.9,750.0,False,https://re.kufar.by/vi/1077669959,,41.0,33.0,6.0,2,1,5.0,5.0,3,1988.0,27,27.591552926996485,53.888847480980054,"Стрелковая ул, Минск",Анастасия,2.0
1077274755,2026-07-18T17:28:13Z,Квартира,"Добрый день!

Квартира будет доступна к просмотру с сентября -октябрь 2026г. 

Идеальное место для жизни и работы Vogue.
Плюсы :
+ Евродвушка, 45 м.кв",699.0,2032.76,False,https://re.kufar.by/vi/1077274755,,45.0,40.0,,,10,6.0,16.0,1,2019.0,24,27.625522,53.922851,"Макаёнка ул, 12Б, Минск",София,3.0
1063954238,2026-07-18T17:22:52Z,Сдача квартиры в аренду,Сдаётся квартира в долгосрочную аренду рядом со ст. метро Ковальская Слобода.,687.73,2000.0,False,https://re.kufar.by/vi/1063954238,,53.3,28.5,9.0,1,,3.0,9.0,1,,28,27.55689,53.878606,"Левкова ул, 15, Минск",Наталья,2.0
1077669178,2026-07-18T17:22:20Z,3 комнатная квартира,"Сдается на долгий срок 3-комнатная квартира (Грушевская 15). Площадь 115 кв.м. Рядом метро Грушевка, Франтишка Богушевича. Вся инфраструктура в шагово",1100.0,3198.91,False,https://re.kufar.by/vi/1077669178,55,115.0,,,4,,,,,,29,27.526914,53.887056,"Грушевская ул, 15, Минск",Петр,
1077666077,2026-07-18T16:54:42Z,Квартира Ммтиславца 18,Роскошные апартаменты (72 м²) с потолками 3.3м в ЖК «Маяк Минска» — Первая сдача! Сдается на длительный срок дизайнерская двухкомнатная квартира преми,1400.0,4071.34,False,https://re.kufar.by/vi/1077666077,325,73.0,,,3,5,11.0,11.0,,2020.0,24,27.651779,53.931641,"Петра Мстиславца ул, 18, Минск",Отправлю почтой и европочтой,2.0
1069968464,2026-07-18T16:11:49Z,"Аренда 1 кв. в самом центре Минска: ул. Володарского, дом 15.","Однокомнатная квартира в самом центре Минска: ул. Володарского, дом 15.

Высота потолков - 3,3 м. ! Квартира полностью укомплектована мебелью и техник",530.0,1541.29,True,https://re.kufar.by/vi/1069968464,,38.6,19.0,,,,5.0,6.0,3,,27,27.552938,53.896538,"Володарского ул, 15, Минск",Агентство недвижимости ''Юриэлт'' в Минске,
1077657421,2026-07-18T15:47:52Z,"Снять 1-комнатную квартиру, г. Минск, ул. Михаила Савицкого, 1","Сдает собственник по договору. Квартира-студия светлая, теплая, уютная. Наниматель без вредных привычек и животных. Квартира для комфортного проживани",464.22,1350.0,False,https://re.kufar.by/vi/1077657421,170,30.2,25.5,,3,5,6.0,17.0,2,2022.0,28,27.530282,53.869794,"Михаила Савицкого ул, 1, Минск",Александр,
1077656465,2026-07-18T15:39:11Z,Аренда квартиры на Минск-Мире,"Сдается шикарная квартира на любой срок, все обсуждается индивидуально в лс",500.0,1454.05,False,https://re.kufar.by/vi/1077656465,170,37.0,28.0,8.0,3,1,10.0,19.0,,2022.0,28,27.544661734533122,53.86855077191112,"Николы Теслы ул, 18, Минск",Олег,2.0
1077612517,2026-07-18T15:32:31Z,Сдам квартиру на длительный период,"От собственика! престижная 2-х комнатная квартира, 
Расположена в экологически чистом и современном районе Минска в 4 минутах езды от МКАДа, Дрозды
Ес",700.0,2035.67,False,https://re.kufar.by/vi/1077612517,40,65.0,40.0,12.9,4,5,9.0,19.0,1,2007.0,22,27.489633,53.933142,"Радужная ул, 19, Минск",Наталья,4.0
1077652970,2026-07-18T14:43:03Z,Сдам 1-комнатную квартиру девушке (молодому специалисту),С 5-го августа по договору сдается 1-комнатная квартира. Некурящим. Без животных. Предпочтение молодому специалисту ( девушке). Гражданам РБ. В кварти,378.25,1100.0,False,https://re.kufar.by/vi/1077652970,150,39.0,17.0,10.0,1,1,5.0,10.0,1,2000.0,29,27.440217,53.854592,"Сергея Есенина ул, 47, Минск",tatinka24,1.0
1076660266,2026-07-18T12:42:59Z,"Аренда 2 кв. по ул.Туровского,д.2 (ст.м.''Восток'')","Двухкомнатная квартира по адресу: ул. Кирилла Туровского, дом 2. Общая площадь квартиры – 67,8 кв. м.!!!
Квартира расположена в самой удобной локации",800.0,2326.48,True,https://re.kufar.by/vi/1076660266,325,67.8,46.0,,3,,2.0,9.0,1,2015.0,24,27.653917,53.932323,"Кирилла Туровского ул, 2, Минск",Агентство недвижимости ''Юриэлт'' в Минске,
1075409018,2026-07-18T12:41:32Z,"Аренда 2 кв. по пр.Независимости,д.13",Атмосферная «сталинка» на проспекте Независимости в знаковом для белорусов доме. Первое заселение. Квартира после ремонта и укомплектованная техникой.,1031.6,3000.0,True,https://re.kufar.by/vi/1075409018,,60.0,31.6,10.5,1,,4.0,5.0,3,,29,27.552561,53.897728,"Независимости пр, 13, Минск",Агентство недвижимости ''Юриэлт'' в Минске,
1077628617,2026-07-18T10:44:05Z,Аренда,Сдается с 20.08 однакомнатная квартира,412.64,1200.0,False,https://re.kufar.by/vi/1077628617,105,53.0,,,3,5,3.0,,,,30,27.434271502991272,53.9140475040195,"Кунцевщина ул, 31, Минск",VVOWQ,
1076785863,2026-07-18T09:54:30Z,2ух комнатная квартира с 27.08.2026,"Сдается 2-ух комнатная квартира после полного ремонта. Залит новый пол, положен новый линолеум. Новые стены, потолок, окна, сан.техника. есть стиральн",700.0,2035.67,False,https://re.kufar.by/vi/1076785863,,55.0,35.0,9.0,3,1,2.0,,3,1970.0,26,27.631442,53.873611,"Партизанский пр, 56/2, Минск",Катрин,3.0
1077623092,2026-07-18T09:27:56Z,Сдам квартиру,"Сдам 2-ую квартиру с ремонтом на длительный срок. Рассмотрим граждан РБ,РФ. Студентов не рассматриваем. С котиками нет((.Оплата 650+650(залог )+коммун",650.0,1890.27,False,https://re.kufar.by/vi/1077623092,290,60.0,30.0,9.0,1,5,5.0,9.0,1,1985.0,30,27.496488,53.896432,"Пушкина пр, 3, Минск",Влада,2.0
1068931469,2026-07-18T09:22:56Z,"Аренда 3-комнатной квартиры, Каховская 26","Работаем по факту 
Сдаётся  просторная 3 -х  комнатная квартира в центре города по ул.Каховская, 26 общ.пл. 95 кв м , с консьержем и видеонаблюдением",790.0,2297.4,True,https://re.kufar.by/vi/1068931469,,94.6,55.9,11.9,3,,5.0,19.0,3,2006.0,22,27.550234,53.928822,"Каховская ул, 26, Минск",ООО Центр недвижимости ГАЛАКТИКА,
1075430926,2026-07-18T09:21:57Z,"Аренда 1-комнатной квартиры, Кропоткина 61","Работаем по факту 

Сдается  1 комнатная квартира по ул. Кропоткина 61  в ЖК ""Фарфоровый"" с дизайнерским ремонтом. Укомплектована всей техникой ( TV,",700.0,2035.67,True,https://re.kufar.by/vi/1075430926,,42.7,40.7,,1,,6.0,15.0,4,2023.0,22,27.556808,53.920368,"Кропоткина ул, 61, Минск",ООО Центр недвижимости ГАЛАКТИКА,
1068931459,2026-07-18T09:20:40Z,"Аренда 3-комнатной квартиры, Независимости 39","РАБОТАЕМ ПО ФАКТУ

ЕСТЬ ЛИФТ!
Сдается 3-х комнатная  квартира на проспекте Независимости 39, в центре Минска общ. пл. 65,3 кв.м. Полностью оборудована",998.0,2902.28,True,https://re.kufar.by/vi/1068931459,,65.3,46.3,8.4,2,,3.0,6.0,3,1950.0,22,27.576466,53.910133,"Независимости пр, 39, Минск",ООО Центр недвижимости ГАЛАКТИКА,
1077616748,2026-07-18T08:03:20Z,Сдам 1комнатную квартиру,Сдается 1к. квартира от собственника. Для белорусов. Агенства не беспокоить ВООБЩЕ. Прописан 1 человек.,420.0,1221.4,False,https://re.kufar.by/vi/1077616748,305,34.7,,7.4,1,1,4.0,9.0,1,,26,27.635875765176998,53.846800332029474,"Краснослободская ул, 15к2, Минск",Павел,2.0
1077574115,2026-07-18T07:07:30Z,Тимошенко 8. Аренда квартиры,Все для комфортного проживания. Owner speaks English,800.0,2326.48,False,https://re.kufar.by/vi/1077574115,80,100.0,50.0,15.0,3,5,2.0,9.0,10,,30,27.461627585788538,53.90630827992223,"Тимошенко ул, 8, Минск",Miss,
1076188241,2026-07-17T17:59:11Z,Студия в Минск Мире,Сдается студия в Минск Мире. В квартире есть все необходимое.,500.0,1454.05,False,https://re.kufar.by/vi/1076188241,170,29.0,10.0,,3,5,18.0,25.0,10,2021.0,28,27.5268908818006,53.86909524680442,"Брилевская ул, 35, Минск",Владимир,2.0
1077550667,2026-07-17T16:51:08Z,"Аренда 2-комнатной квартиры, ЖК ''Vogye'' Макаенка 12Б","Работаем по факту!

Сдаётся уютная евродвушка в ЖК “Vogue” по адресу: ул. Макаёнка, 12Б!

Квартира полностью готова к проживанию: есть вся необходимая",687.73,2000.0,True,https://re.kufar.by/vi/1077550667,,43.1,36.7,,3,,8.0,25.0,4,2018.0,24,27.625523,53.922852,"Макаёнка ул, 12Б, Минск",ООО Центр недвижимости ГАЛАКТИКА,
1077525207,2026-07-17T15:37:58Z,"Элитная 3-комнатная квартира в клубном ЖК «Парк-Сити» (ул. Жасминовая, 3Г)","Элитная 3-комнатная квартира в клубном ЖК «Парк-Сити» (ул. Жасминовая, 3Г)
Сдается на длительный срок просторная, светлая квартира в одном из самых пр",1800.0,5234.58,False,https://re.kufar.by/vi/1077525207,,88.4,75.2,10.0,3,5,6.0,6.0,3,2013.0,25,27.650567,53.926064,"Жасминовая ул, 3Г, Минск",Nelia,6.0
1077362355,2026-07-17T13:37:16Z,Квартира,1 мин. до метро. Готова к проживанию.,650.0,1890.27,False,https://re.kufar.by/vi/1077362355,170,44.0,,,,,,,,,28,27.550322176648343,53.86855374406497,"Братская ул, 16, Минск",Марина,
1068829406,2026-07-17T13:11:19Z,Сдаётся уютная 2-комнатная квартира в центре Минска,"Сдаётся 2-комнатная квартира в центре Минска
ул. Гикало, 24/2

40.5 м² | высокий 1 этаж | без балкона

Современная светлая квартира с хорошим ремонтом",670.0,1948.43,False,https://re.kufar.by/vi/1068829406,,40.5,,,2,,1.0,5.0,3,,23,27.593272,53.910919,"Гикало ул, 24к2, Минск",Анна,
1077488117,2026-07-17T12:56:12Z,Новая дизайнерская 1-комнатная квартира в ЖК ''Парк Челюскинцев'',"ПЕРВОЕ ЗАСЕЛЕНИЕ!

Сдается новая дизайнерская 1-комнатная квартира с шикарным видом на парк в ЖК ""Парк Челюскинцев"" по адресу: ул. Макаенка, д. 12Е.
В",800.0,2326.48,True,https://re.kufar.by/vi/1077488117,,38.2,30.7,,3,,7.0,25.0,4,2021.0,24,27.624336,53.923603,"Макаёнка ул, 12Е, Минск",ООО Центр недвижимости ГАЛАКТИКА,
1077488116,2026-07-17T12:56:11Z,"Уютная 3-комнатная квартира в закрытом жилом комплексе в аренду по адресу: ул. Жасминовая, д.3Г","Сдается уютная 3-комнатная в закрытом жилом комплексе клубного типа по адресу: ул. Жасминовая, 3Г.

Заселение с 20 августа, просмотр по согласованию в",1200.0,3489.72,True,https://re.kufar.by/vi/1077488116,,83.3,75.2,,3,,6.0,6.0,4,2013.0,25,27.650566,53.926048,"Жасминовая ул, 3Г, Минск",ООО Центр недвижимости ГАЛАКТИКА,
1077483272,2026-07-17T12:22:04Z,Сдам квартиру на длительный срок.,"Сдается в аренду стильная 2-комнатная квартира-студия в престижном ЖК Северный берег, по улице Виталия Цвирко. Идеальный вариант для тех, кто ценит ко",700.0,2035.67,False,https://re.kufar.by/vi/1077483272,,43.0,,,2,5,1.0,7.0,,2026.0,23,27.570212,53.965084,"Виталия Цвирко ул, 96, Минск",игорь,2.0
1077482176,2026-07-17T12:14:54Z,1-комнатная квартира на длительный срок с 16/08,"Сдается уютная,светлая 1 комнатная квартира на длительный срок,рядом с метро.
Духовой шкаф есть!
,В шаговой доступности много магазинов,торговый центр",520.0,1512.21,False,https://re.kufar.by/vi/1077482176,80,39.2,,,1,5,13.0,16.0,,,30,27.436983,53.90613,"Притыцкого ул, 97, Минск",Ирина,2.0
1074188760,2026-07-17T11:08:32Z,"Аренда 2-комнатной квартиры, Маяковского 100","Сдаётся просторная, современная двухкомнатная квартира. Расположена на 5 этаже 5-этажного дома, есть лифт. Территория огорожена. Для жильцов доступны",720.0,2093.83,True,https://re.kufar.by/vi/1074188760,,69.3,48.6,10.2,3,,5.0,5.0,4,2009.0,27,27.568291,53.87352,"Маяковского ул, 100, Минск",ООО Центр недвижимости ГАЛАКТИКА,
1077035216,2026-07-17T10:59:00Z,Студия с видом на реку Свислочь 3 минуты от метро Немига,"Шикарная студия 45кв2с 5ти метровой лоджией, с шикарным видом на реку Свислоч в 3х минутах от метро Немига и 2х минутах от тц Галерея. Дизайнерская ме",700.0,2035.67,False,https://re.kufar.by/vi/1077035216,,45.0,40.0,,3,10,5.0,7.0,3,,22,27.55097,53.90649,"Победителей пр, 3, Минск",Наталья,3.0
1077468643,2026-07-17T10:37:45Z,Сдам квартиру,"Сдается уютная, светлая квартира от собственника. Рядом метро Петровщина. Район с развитой инфраструктурой: торговый центр Титан, универмаг Кирмаш, ма",570.0,1657.62,False,https://re.kufar.by/vi/1077468643,320,44.0,,,3,,12.0,25.0,2,,29,27.484567,53.866375,"Газеты Правда пр, 15, Минск",Тамара,
1077462915,2026-07-17T10:11:04Z,Светлая и уютная студия в современном микрорайоне Minsk World,"Вашему вниманию представлена светлая и уютная студия в современном микрорайоне Minsk World, готовая к заселению.

Локация:

Адрес: ул. Братская, д. 6,",618.96,1800.0,True,https://re.kufar.by/vi/1077462915,170,31.6,24.3,,3,,4.0,19.0,10,2018.0,28,27.552929,53.870086,"Братская ул, 6, Минск",ООО ''АН Клевер'',1.0
1077462840,2026-07-17T10:10:08Z,Аренда,Сдам квартиру 1000 б. Р.,0.0,0.0,False,https://re.kufar.by/vi/1077462840,,36.0,27.0,7.0,2,1,,,1,1986.0,29,27.541763,53.901759,"Короля ул, 9А, Минск",Анна,2.0
1077461775,2026-07-17T09:54:59Z,2-к. квартира с новым евро-ремонтом у метро Грушевка,Сдается на длительный срок светлая и просторная  квартира евродвушка (изолированная спальня + кухня-гостиная) в одном из самых востребованных районов,550.19,1600.0,False,https://re.kufar.by/vi/1077461775,55,44.0,,,3,5,4.0,19.0,10,2019.0,29,27.52041,53.886934,"Дзержинского пр, 15, Минск",iryna,2.0
1077460948,2026-07-17T09:43:49Z,Двушка Аренда у метро Партизанская от собственника,"Внимание! Одна комната проходная!!!
От собственника сдается 2-ух комнатная квартира у метро.  Ст. м. ""Партизанская» (2 минуты пешком). Светлая сторона",470.0,1366.81,False,https://re.kufar.by/vi/1077460948,,46.0,27.0,6.1,3,1,3.0,4.0,3,1971.0,26,27.627175,53.873123,"Народная ул, 33, Минск",Ольга,2.0
1077458947,2026-07-17T09:17:15Z,Сдаются в аренду уникальные бизнес-апартаменты в доме «Несвижский замок»,"Сдаются в аренду уникальные бизнес-апартаменты в доме «Несвижский замок» — жемчужине нового квартала «Родная страна» в Минск Мире!

Апартаменты распол",261.34,760.0,True,https://re.kufar.by/vi/1077458947,170,38.9,20.4,,1,20,3.0,16.0,10,2025.0,28,27.539741,53.860662,"Жореса Алфёрова ул, 22, Минск",ООО ''Оператор недвижимости ''Перспектива24-Развитие'',
1077457948,2026-07-17T09:06:13Z,Квартира трёхкомнатная,Только гражданам РБ! Сдаётся трёхкомнатная просторная и современная квартира возле Военной академии РБ. Оборудована необходимой для комфортной жизни м,650.0,1890.27,False,https://re.kufar.by/vi/1077457948,50,78.1,48.0,11.7,3,5,1.0,18.0,4,2015.0,24,27.739599,53.962155,"Фогеля ул, 1Л, Минск",Елена,
1077457374,2026-07-17T08:58:26Z,Аренда,"Молодая пара, ищем квартиру в аренду на 2 месяца, бюджет 1300р, работающие, вредный привычек нет, порядочные",0.0,0.0,False,https://re.kufar.by/vi/1077457374,,35.0,,,,,,,,,26,27.611847048959362,53.87852684053564,"Партизанский пр, Минск",Николай,
1073454797,2026-07-17T08:53:09Z,"2-комнатная квартира ул.П.Медёлки, д.5","Сдается уютная 2-комнатная квартира рядом с ЖК «Северный берег»
 ул. П. Медёлки, д. 5
2/9 этажного дома 2017 года постройки.
Общая площадь по СНБ - 68",818.4,2380.0,True,https://re.kufar.by/vi/1073454797,180,68.4,33.1,,4,5,2.0,9.0,,,22,27.550988,53.955951,"Павлины Медёлки ул, 5, Минск",ООО МИР НЕДВИЖИМОСТИ ПРО,
1074270842,2026-07-17T08:45:53Z,"Сдам Пентхаус на 25 этаже, потолки 3м и видом на фин центр.","Сдается квартира (первая сдача) с  дизайнерским ремонтом, с видом на фин центр и потолками 3м на 25 этаже, Парню или девушке БЕЗ домашних животных, на",900.0,2617.29,False,https://re.kufar.by/vi/1074270842,170,40.0,,,,10,25.0,25.0,2,2022.0,28,27.537792,53.864315,"Белградская ул, 9, Минск",Василь,2.0
1077395334,2026-07-17T08:35:45Z,"Квартира 2-х комн(56кв. м),собственник ,полная комплектация, центр, метро Московская.","2-комн. квартира, собственник, центр, метро Московская, полная комплектация.",600.0,1744.86,False,https://re.kufar.by/vi/1077395334,,56.0,29.0,12.0,3,5,13.0,14.0,10,2014.0,24,27.634644711104162,53.92395319602071,"Филимонова ул, 49, Минск",Сергей,3.0
1077451220,2026-07-17T08:10:40Z,Евротрёшка в ЖК Каскад - первое заселение,"Евротрёшка в ЖК «Каскад» — Первое заселение!
Центр города, Минск, ул. Скрыганова (ЖК «Каскад»).
Метро «Молодёжная» — 3 минуты пешком.
Параметры: 19 эт",900.0,2617.29,False,https://re.kufar.by/vi/1077451220,110,72.1,52.1,,3,10,19.0,26.0,2,2017.0,30,27.51873,53.908686,"Скрыганова ул, 2Б, Минск",Евгений,2.0
1072538489,2026-07-17T07:41:13Z,Долгосрочная аренда,Современная уютная квартира с панорамным видом на Грушевский сквер и город с высокого 19 этажа. В квартире есть все для комфортного проживания и отдых,1000.0,2908.1,False,https://re.kufar.by/vi/1072538489,55,60.0,48.1,22.7,1,5,19.0,20.0,2,2018.0,29,27.518356720800764,53.886636225013966,"Дзержинского пр, 15, Минск","Наталья, Владимир",4.0
1077447290,2026-07-17T07:20:53Z,Квартира на длительный срок,"Сдается в аренду однокомнатная квартира.  Тихий район города, до метро 10-15 минут, яблоневый сад около подъезда. Развитая инфраструктура: магазины, ш",412.64,1200.0,False,https://re.kufar.by/vi/1077447290,,50.0,37.0,10.0,1,1,15.0,25.0,2,2013.0,29,27.44779,53.865202,"Рафиева ул, 54, Минск",Александр,2.0
1077410480,2026-07-17T05:23:53Z,"Однушка на длительный срок , с м. Могилевская","Сдам однушку недалеко от станции метро Могилевская , в квартире есть все необходимое для проживания кровать , диван ( спальных мест 2+2) , холодильник",630.0,1832.1,False,https://re.kufar.by/vi/1077410480,10,43.0,25.0,9.0,1,1,7.0,9.0,1,,26,27.684334,53.885299,"Нестерова ул, 53к2, Минск",Екатерина Колесникова,
1077404748,2026-07-16T19:44:52Z,Сдам квартиру,"Сдам 3 х комнатную квартиру, отличная локация, Парк Победы, комсомольское озеро,  центр города, квартира чистая, уютная,  мебель, все есть для прожива",928.44,2700.0,False,https://re.kufar.by/vi/1077404748,40,70.0,50.0,12.0,3,5,14.0,16.0,2,1986.0,22,27.499461,53.934949,"Победителей пр, Минск",наталья,3.0
1077401717,2026-07-16T18:38:01Z,Сдается двухкомнатная квартира в Серебрянке,"Сдается аккуратная квартира с ремонтом. Две комнаты. Развитое транспортное сообщение, скверы и канал для прогулок, до метро 10 минут на общественном т",550.0,1599.46,False,https://re.kufar.by/vi/1077401717,230,51.0,,,3,5,5.0,9.0,1,,27,27.609397,53.862722,"Плеханова ул, 85, Минск",Анна,
1077391728,2026-07-16T16:52:31Z,"Аренда 3-комнатной квартиры, Лученка 13","Ранее не сдавалась, но жили сами.

3-х комнатная квартира с качественным ремонтом, которая находится на 23-м этаже по адресу: ул. Лученка 13 (Минск-ми",900.0,2617.29,True,https://re.kufar.by/vi/1077391728,170,59.7,54.5,,3,,23.0,23.0,4,2021.0,28,27.543371,53.867279,"Игоря Лученка ул, 13, Минск",ООО Центр недвижимости ГАЛАКТИКА,
1062948899,2026-07-16T16:21:27Z,"уже скоро -  2к.кв, ''На Грушевке'', длгср аренда, первое заселение","Граждане Китая могут оплачивать юанями через вичат или алипей.

По данным авторитетного издания ""booking и  studing"" (USA) стоимость аренды будет возр",800.0,2326.48,False,https://re.kufar.by/vi/1062948899,,44.0,40.0,11.0,3,10,5.0,19.0,10,2025.0,29,27.51131,53.886323,"Дзержинского пр, 32, Минск",Алексей Александрович Полещук,2.0
1077355853,2026-07-16T11:16:51Z,Аренда,Тамбур на две квартиры. Метро ковальская слобода пешком 1 минута.,600.0,1744.86,False,https://re.kufar.by/vi/1077355853,,53.6,42.3,8.0,3,5,2.0,9.0,1,2006.0,28,27.551006,53.878277,"Жуковского ул, 29, Минск",Ярослав,3.0
1077352835,2026-07-16T10:54:30Z,Квартира сдам,"Уручье, Метро в минуте от дома. Торговый центр Спектр, аптека, шаурма, продуктовый, мясной магазин, кристалл, альфа банк-все есть. Квартире все есть д",450.0,1308.65,False,https://re.kufar.by/vi/1077352835,280,43.0,33.0,10.0,1,10,4.0,12.0,10,2015.0,24,27.69241,53.945799,"Независимости пр, 168к3, Минск",Леонид,2.0
1077351843,2026-07-16T10:49:06Z,"1 ком.Квартира ул. Корженевского, 31",Сдается 1-комнатная квартира на длительный срок. Вся мебель и техника в наличии. Косметический ремонт. Хорошие соседи. Оказываем помощь в поиске кварт,361.06,1050.0,True,https://re.kufar.by/vi/1077351843,135,33.0,17.0,8.7,,,,,,,28,27.503638,53.846242,"Корженевского ул, 31, Минск",ООО Альфа-риэлт,
1077350101,2026-07-16T10:33:22Z,сдаю однокомнатную квартиру,"Сдается однокомнатная квартира после ремонта (первое заселение),  новая кухня, индукционная варочная поверхность, духовой шкаф, холодильник. В прихоже",515.8,1500.0,False,https://re.kufar.by/vi/1077350101,290,50.0,20.0,11.4,3,5,8.0,9.0,3,2005.0,30,27.514041,53.900544,"Харьковская ул, 58, Минск",Людмила,2.0
1077349004,2026-07-16T10:20:29Z,Однокомнатная квартира пр. Независимости 80,"Сдается по договору найма на длительный срок 1-комнатная квартира по адресу пр. Независимости, 80 с. Условия оплаты: Оплата за первый и последний меся",532.99,1550.0,False,https://re.kufar.by/vi/1077349004,,29.9,,,2,10,6.0,9.0,3,,24,27.607843,53.922342,"Независимости пр, 80, Минск",Людмила,1.0
1061600625,2026-07-16T10:10:46Z,Сдача в аренду,Новая уютная евро двушка для комфортного проживания,650.0,1890.27,False,https://re.kufar.by/vi/1061600625,170,42.0,42.0,,3,5,12.0,15.0,10,2024.0,28,27.544628,53.865993,"экспериментальный многофункциональный комплекс Минск-Мир, Минск",Илона,2.0
1077347736,2026-07-16T10:03:52Z,Квартира ( студия) Победителей 127,"Студия , победителей 127",500.0,1454.05,False,https://re.kufar.by/vi/1077347736,,43.0,18.5,9.9,3,5,5.0,10.0,4,2014.0,22,27.467472,53.939767,"Победителей пр, 127, Минск",Николай,2.0
1077344060,2026-07-16T09:19:12Z,Сдается 2-я квартира,"Сдается 2-х комнатная квартира во Фрунзенском районе г. Минска вблизи ст.метро Кунцевщина. Просторная, светлая, идеальные условия для комфортного прож",722.12,2100.0,False,https://re.kufar.by/vi/1077344060,65,64.0,,,3,5,6.0,,10,2012.0,30,27.452434,53.918339,"Матусевича ул, 70, Минск",Светлана,
1063186735,2026-07-16T09:07:36Z,Сдаю квартиру,"Квартира свободна с 10 сентябрю. 
Сдаю квартиру на месяц, два. Не более. Постоянно не сдаю. В квартире курить нельзя. Студентам, гостям столицы, коман",550.19,1600.0,False,https://re.kufar.by/vi/1063186735,170,29.0,,,3,5,,,2,2018.0,28,27.551788,53.868727,"Братская ул, 12, Минск",Александр,2.0
1077342290,2026-07-16T08:57:39Z,"Аренда 4-комнатной квартиры, Червякова 55","4k-квартира (107.6 м²) с сауной у Комсомольского озера

Сдается роскошная, просторная четырехкомнатная квартира с эксклюзивным дизайнерским ремонтом.",1200.0,3489.72,True,https://re.kufar.by/vi/1077342290,,95.8,72.5,,3,,5.0,9.0,3,2010.0,22,27.548016,53.928719,"Червякова ул, 55, Минск",ООО Центр недвижимости ГАЛАКТИКА,
1077341623,2026-07-16T08:50:32Z,Сдается 1 комнатная квартира,"Сдаётся однокомнатная квартира.
Отличное расположение — рядом станция метро:
Институт культуры, Ковальская Слобода, Площадь ленина.
Квартира чистая, у",430.0,1250.48,False,https://re.kufar.by/vi/1077341623,15,35.0,17.0,9.0,1,1,1.0,9.0,1,2010.0,28,27.54678342797578,53.87451255625487,"Сенницкая ул, 5, Минск",Юра,2.0
1050852000,2026-07-16T07:35:35Z,Аренда в г.Минск для организаций,"Сдаётся 3-комнатная квартира в г.Минск ТОЛЬКО ДЛЯ ОРГАНИЗАЦИЙ (юр.лица)
Аренда от 15 дней, оплата по безналичному расчету с НДС, отчётные документы пр",0.0,0.0,True,https://re.kufar.by/vi/1050852000,305,62.0,,,,1,5.0,,,,26,27.632546,53.844749,"Ташкентская ул, 22к1, Минск",ООО Эра Комфорта,7.0
1077323818,2026-07-16T06:28:50Z,сдается в аренду евродвушка,"Сдаётся светлая просторная квартира с двумя спальнями и отличным ремонтом по улице Куйбышева 69. 
Общая площадь 97,2 м2. Тёплый и добротный дом, стату",1500.0,4362.15,False,https://re.kufar.by/vi/1077323818,120,97.2,48.2,24.0,1,,10.0,10.0,3,2004.0,23,27.576020058860696,53.92105066585166,"Куйбышева ул, 69, Минск",Дмитрий,
1077286108,2026-07-16T05:47:17Z,Сдам 3-комнатную квартиру на Немиге,"Сдам 3-комнатную квартиру на Немиге (собственник). 2 минуты пешком до станции метро Немига. Общая площадь 87м2. Есть всё необходимое для проживания, т",720.0,2093.83,False,https://re.kufar.by/vi/1077286108,,87.0,,,4,1,7.0,7.0,3,,22,27.55097,53.90649,"Победителей пр, 3, Минск",Мария,
1075406498,2026-07-16T05:19:53Z,"Сдаётся однокомнатная квартира,Алтайская ул, 90к1","Первое заселение после косметического ремонта.

 Чистая,светлая однокомнатная квартира только  в долгосрочную аренду 
(на длительный срок!!)

  Уборка",400.0,1163.24,True,https://re.kufar.by/vi/1075406498,215,34.0,17.0,7.2,3,1,7.0,9.0,,,26,27.670473,53.871355,"Алтайская ул, 90к1, Минск",ООО Альфа-риэлт,1.0
1074197608,2026-07-16T05:19:28Z,"2-я квартира в ЖК ''Минск Мир'' по адресу Белградская,9","Сдается хорошая, уютная квартира на долгосрочный период.

 ""Евро двушка""

При заселении залог за имущество в размере ежемесячного платежа (возвращаетс",550.0,1599.46,True,https://re.kufar.by/vi/1074197608,170,38.0,,,,10,5.0,,,,28,27.537792,53.864315,"Белградская ул, 9, Минск",ООО Альфа-риэлт,2.0
1073211418,2026-07-16T05:19:21Z,1 комнатная квартира по ул.Притыцкого дом  2. Метро пушкинская,На длительный срок сдается 1 комнатная квартира по ул. Притыцого 2. Метро Пушкинская рядом. Квартира находится на 16 этаже. Для проживания есть крупна,500.0,1454.05,True,https://re.kufar.by/vi/1073211418,205,39.0,16.0,9.5,3,1,,,,,30,27.506055,53.910585,"Притыцкого ул, 2, Минск",ООО Альфа-риэлт,
1071773074,2026-07-16T05:18:25Z,"4 ком квартира ул. Ржавецкая, 3 м-н Лебяжий","Аккуратная квартира в современном микрорайоне Лебяжий. Три изолированные спальни, гостиная совмещена с кухонной зоной. Два санузла. На длительный срок",756.51,2200.0,True,https://re.kufar.by/vi/1071773074,210,87.0,51.0,11.0,3,10,13.0,19.0,,2014.0,22,27.462334,53.936211,"Ржавецкая ул, 3, Минск",ООО Альфа-риэлт,
1077262534,2026-07-15T16:10:52Z,Аренда квартиры,"Сдается 2-х комнатная квартира, рядом находятся магазины, поликлиника, иная инфраструктура, удобнее расположение общественного транспорта.",500.0,1454.05,False,https://re.kufar.by/vi/1077262534,230,50.0,,,1,,7.0,9.0,1,1988.0,27,27.596722,53.868377,"Рокоссовского пр, 26, Минск",Галина,3.0
1077249338,2026-07-15T13:27:53Z,Трехкомнатная комфортабельная квартира в аренду,"Просторная и стильная трехкомнатная квартира расположена в Центре.
Аккуратный ремонт из дорогостоящих материалов, полностью укомплектована мебелью и в",1090.06,3170.0,True,https://re.kufar.by/vi/1077249338,,128.1,64.9,21.7,4,1,11.0,17.0,10,2010.0,23,27.588538,53.930613,"Леонида Беды ул, 2Б, Минск",ООО Авангард Недвижимость,3.0
1077248929,2026-07-15T13:22:18Z,Аренда 3-комнатная квартира,"Сдаётся на длительный срок 3-комнатная квартира (1 комната проходная). От собственника.
Можно студентам.
Можно с животными.
Уместен разумный торг при",700.0,2035.67,False,https://re.kufar.by/vi/1077248929,260,70.0,,,2,20,2.0,4.0,3,1954.0,22,27.560645,53.913492,"Коммунистическая ул, 42, Минск",Виктория,
1077230351,2026-07-15T11:05:07Z,Квартира в центре Минска,"Светлая, удобная, приятная, просторная квартира в центре. 2 мин от метро А.Наук. Коммунальные за счет арендатора. Добрые, порядочные хозяева.",800.0,2326.48,False,https://re.kufar.by/vi/1077230351,,60.0,,,1,5,4.0,5.0,3,1960.0,24,27.602677,53.922777,"Независимости пр, 83, Минск",Алексей,4.0
1077142451,2026-07-15T08:07:34Z,Квартира в аренду,"2-комнатную квартиру на длительный срок, Минск, ул. Старовиленская, 95 
Отличная локация (рядом Комаровка, развитая инфраструктура, транспортная досту",600.0,1744.86,False,https://re.kufar.by/vi/1077142451,,65.0,55.0,8.0,1,1,2.0,,,2002.0,23,27.561274,53.92117,"Старовиленская ул, 95, Минск",Яна,
1041312658,2026-07-15T07:09:46Z,"Минск, Платонова ул., д.23, Аренда: 4-ком. квартир","Квартира с террасой 250 м² в центре города 
- Светлая дизайнерская квартира на последнем, 19-м этаже современного дома в центре Минска
- Площадь кварт",2238.58,6510.0,True,https://re.kufar.by/vi/1041312658,,475.5,119.2,38.8,4,10,19.0,19.0,,2014.0,23,27.593122392964,53.909266856697,"Платонова ул, 23, Минск",ООО ''7 этажей'',
1077124264,2026-07-15T05:59:26Z,Квартира,"Квартира сдаётся семье ,без домашних животных,гражданам РБ.Дом после капремонта.В квартире ремонт сделан.Сдаваться будет с августа.",650.0,1890.27,False,https://re.kufar.by/vi/1077124264,10,63.0,48.0,,1,1,,,1,,26,27.6887049451326,53.87002535251653,"Байкальская ул, 45, Минск",Жанна,
1076691709,2026-07-14T20:24:12Z,Уютная квартира в центре Минска в долгосрочную аренду,"Уютная 2-х комнатная квартира, укомплектована всем необходимым для комфортного проживания.
Рядом магазины, рестораны, кафе, ремонтные мастерские, пари",699.0,2032.76,False,https://re.kufar.by/vi/1076691709,,50.0,45.0,7.0,1,10,2.0,,1,1970.0,22,27.559163,53.925778,"Осипенко ул, 32, Минск",Вероника,5.0
1077087222,2026-07-14T18:52:16Z,Уютная квартира для семейной пары,"Предлагаем к просмотру уютную, компактную, но очень продуманную «однушку» с евроремонтом. Эта квартира создана для комфортной жизни вдвоем: солнечный",515.8,1500.0,False,https://re.kufar.by/vi/1077087222,205,32.0,16.4,7.4,3,,7.0,9.0,1,1970.0,30,27.495967,53.9132,"Пушкина пр, 38, Минск",Мария,1.0
1077060785,2026-07-14T14:30:35Z,Сдача квартиры в долгосрочную аренду,"Уютная квартира в тихом центре Минска.Кухня объединена с гостиной,есть бытовая техника: варочная панель,духовой шкаф,Холодильник,печь СВЧ,стиральная м",515.8,1500.0,False,https://re.kufar.by/vi/1077060785,,44.1,9.5,24.9,1,5,4.0,4.0,3,1962.0,22,27.56343,53.932707,"Орловская ул, 6, Минск","Сергей, Оксана",
1077060566,2026-07-14T14:25:51Z,3х комнатная сталинка с окнами в парк,"Комфортная  трех комнатная квартира сталинка в отличном тихом районе Минска!Для иностранных нанимателей предоставляем регистрацию! 
Квартира аккуратна",1000.0,2908.1,False,https://re.kufar.by/vi/1077060566,,80.0,,15.0,2,5,2.0,3.0,3,,27,27.597961,53.884487,"Нахимова ул, Минск",Надя,3.0
1077057714,2026-07-14T13:55:11Z,"студия,склад,офис, однокомнатная квартира",Сдается чудесная солнечная студия прямо у метро малиновка в стиле лофт.Рядом есть магазины и банки.Отличная возможность излить вашу душу в творчество),280.0,814.27,False,https://re.kufar.by/vi/1077057714,30,45.0,,,3,20,17.0,18.0,1,2019.0,29,27.475633784833516,53.84801036055065,"Дзержинского пр, 123, Минск",Соня,
1072801778,2026-07-14T13:33:36Z,сдаю  2-х комнатную квартиру в Серебрянке,"Сдается 2-х комнатная квартира с мебелью в Серебрянке парам, гражданам Республики Беларусь. Оформление договора. Капремонт дома был  в 2021 году. 1200",412.64,1200.0,False,https://re.kufar.by/vi/1072801778,230,49.7,34.4,6.1,1,1,5.0,5.0,1,1973.0,27,27.601716,53.859361,"Плеханова ул, 101, Минск",Татьяна,2.0
1067336121,2026-07-14T13:33:20Z,"Новая 2шка, ул. К. Минина 2 (м. Грушевка)","Аренда от собственника, без комиссии агентам и дополнительных платежей.
C агентами не работаю. В сотрудничестве не нуждаюсь.
Агенты, не звоните.

ВАЖН",1000.0,2908.1,False,https://re.kufar.by/vi/1067336121,,52.0,52.0,52.0,3,10,19.0,21.0,2,2023.0,29,27.512424,53.876451,"Кузьмы Минина ул, 2, Минск",Сергей,2.0
1077038750,2026-07-14T11:33:50Z,Квартира,"Сдам квартиру на длительный срок. 
Все необходимое для проживания. Заезжай и живи.

Без домашних животный и детей.
Квартира готова к заселению с 15 ав",600.0,1744.86,False,https://re.kufar.by/vi/1077038750,170,30.0,25.0,10.0,3,5,15.0,17.0,10,2021.0,28,27.530282,53.869794,"Михаила Савицкого ул, 1, Минск",Дарья,4.0
1077031223,2026-07-14T10:24:16Z,Сдам квартиру в центре Минска,"Сдаётся уютная квартира рядом с метро ""Грушевка"". Оснащена всем необходимым для жизни. В пешей доступности центр города, вокзал, школа, поликлиника и",600.0,1744.86,False,https://re.kufar.by/vi/1077031223,,46.0,46.0,13.0,3,5,10.0,19.0,2,2017.0,29,27.519619,53.889205,"Дзержинского пр, 22, Минск",Алексей,1.0
1075430229,2026-07-14T09:46:06Z,Метро ПАРК ЧЕЛЮСКИНЦЕВ,"Сдается 2 комн. уютная сталинка с евроремонтом от собственника на длительный срок. 
Можно иностранцам, сделаю регистрацию.

метро Парк Челюскинцев, Ак",687.39,1999.0,False,https://re.kufar.by/vi/1075430229,,50.3,29.0,7.0,1,5,3.0,4.0,3,1959.0,24,27.605777,53.924972,"переулок Кузьмы Чорного, 7, Минск",Сергей,2.0
1077027992,2026-07-14T09:41:17Z,Премиум- класс в тихом переулке Минских «Патриков»,"Премиум- класс в тихом переулке Минских «Патриков» на улице Карла Маркса. Тишина над шумным мегаполисом. Почувствуйте, вкус столичной жизни в её самом",3000.0,8724.3,False,https://re.kufar.by/vi/1077027992,,67.0,54.0,10.0,2,10,3.0,5.0,,,27,27.560025,53.899276,"Карла Маркса ул, 33, Минск",Анна,
1077027879,2026-07-14T09:39:31Z,Квартира 2х комнатная для граждан  РБ,"Сдается с 1сентября 2х комнатная квартира, Уручье, военный городок на 1 год, 10мин до м. Уручье, плюс коммуналка, без животных, только для граждан РБ",600.0,1744.86,False,https://re.kufar.by/vi/1077027879,50,62.0,60.0,,1,5,1.0,19.0,1,2020.0,24,27.718443,53.952004,"Курсанта Гвишиани ул, 10, Минск",Алена,2.0
1072507481,2026-07-14T06:40:48Z,Аренда квартиры,"Сдаётся на длительный срок семье квартира от собственика,с заключением договора в жесе ( обязателен депозит, который возвращается при расторжении дого",700.0,2035.67,False,https://re.kufar.by/vi/1072507481,,65.0,50.0,12.0,1,1,9.0,16.0,3,2000.0,28,27.548302,53.884636,"Могилёвская ул, 20, Минск",Виталия,4.0
1076999485,2026-07-14T05:44:37Z,Сдается 1-комнатная квартира на длительный срок,"Сдается 1-ая квартира на длительный срок по ул. Грицевца 7 район Тракторного завода. 3 минуты до метро, все виды транспорта. В квартире есть холодильн",480.0,1395.89,False,https://re.kufar.by/vi/1076999485,,29.1,16.9,5.1,2,1,3.0,4.0,3,1956.0,25,27.61493,53.887284,"Грицевца ул, 7, Минск",Татьяна,
1061950694,2026-07-13T17:33:40Z,Квартира на Немиге,"Квартира находится в исторической части Минска, рядом Верхний город, Троицкое предместье. Красивый вид из окна. Отличная инфраструктура: пять минут до",750.0,2181.08,False,https://re.kufar.by/vi/1061950694,,53.0,29.0,13.0,3,5,7.0,10.0,3,1994.0,22,27.549192,53.90291,"Немига ул, 12, Минск",Светлана,4.0
1076950997,2026-07-13T16:51:10Z,"Аренда 3-комнатной квартиры, Кижеватова 3А",Предлагается в аренду просторная 3-х комнатная квартира с двумя полноценными спальнями. В наличии вся необходимая мебель и техника. Отдельная гардероб,750.0,2181.08,True,https://re.kufar.by/vi/1076950997,170,63.8,57.7,,3,,3.0,20.0,4,2020.0,28,27.531487,53.865074,"Лейтенанта Кижеватова ул, 3А, Минск",ООО Центр недвижимости ГАЛАКТИКА,
1076950992,2026-07-13T16:51:05Z,"Аренда 1-комнатной квартиры, Гало 76",Предлагается в аренду дизайнерская квартира-студия с выделенным спальным местом. Имеется вся необходимая мебель и техника для комфортной жизни. Кондиц,570.0,1657.62,True,https://re.kufar.by/vi/1076950992,220,43.6,29.1,9.4,3,,8.0,10.0,4,2014.0,23,27.591314,53.936942,"Гало ул, 76, Минск",ООО Центр недвижимости ГАЛАКТИКА,
1076932861,2026-07-13T13:49:47Z,"Снять 1-комнатную квартиру, Минск, Чижовка","Сдаётся 1-комнатная квартира на длительный срок без домашних животных.
Есть всё необходимое для комфортного проживания. Квартира c аккуратным ремонтом",309.48,900.0,True,https://re.kufar.by/vi/1076932861,305,48.8,17.2,6.1,,1,4.0,5.0,1,1969.0,26,27.616673,53.835351,"проезд Голодеда, 3, Минск",ООО Партнер для всех,
1076932577,2026-07-13T13:47:06Z,Просторная 3-ка в классическом стиле в сердце столицы,"Представляем вашему вниманию 3 комнатную квартиру по ул. Кропоткина д.57.
Каркасно-блочный дом 2004 года постройки. Территория огорожена, въезд через",894.05,2600.0,True,https://re.kufar.by/vi/1076932577,,113.6,57.0,18.1,3,1,5.0,10.0,10,2004.0,22,27.555911,53.919442,"Кропоткина ул, 57, Минск",ООО Авангард Недвижимость,3.0
1076930389,2026-07-13T13:28:40Z,Стильная 3-комнатная квартира в ЖК ''Левада'',"Просторная и светлая квартира площадью 78 м² с современным ремонтом, выполненным с вниманием к деталям. Интерьер сочетает в себе уют и функциональност",950.0,2762.7,False,https://re.kufar.by/vi/1076930389,,78.0,,,1,10,8.0,9.0,2,2021.0,22,27.532995,53.933428,"Нововиленская ул, 31, Минск",Лариса,
1076924289,2026-07-13T12:49:31Z,Новая дизайнерская 2-комнатная квартира в ЖК ''Левада'',"ПЕРВОЕ ЗАСЕЛЕНИЕ! Стильная дизайнерская 2-комнатная квартира в ЖК «Левада»

Сдается новая дизайнерская 2-комнатная квартира в современном жилом компле",1200.0,3489.72,True,https://re.kufar.by/vi/1076924289,,50.0,32.5,,3,,7.0,8.0,4,2025.0,22,27.529078,53.938004,"Нововиленская ул, 63, Минск",ООО Центр недвижимости ГАЛАКТИКА,
1076912180,2026-07-13T11:11:49Z,сдается 2 к квартира с 1.08,"Планируем сдавать свою квартиру с 01.08 (возможно с 10.08), зал и комната. мебель в детской оставляем, в зале забираем, планируем оставить 2спальную к",584.57,1700.0,False,https://re.kufar.by/vi/1076912180,45,47.0,31.0,6.0,1,5,3.0,5.0,1,,24,27.644323,53.940345,"Калиновского ул, 40, Минск",Татьяна,3.0
1076910618,2026-07-13T10:59:38Z,Сдается 2 комн. квартира со свежим ремонтом Орловка,"Сдается 2к квартира 54м2, 6/10 этаж, Сморговский тракт 10 (Орловка):

- РЕМОНТ свежий в светлых тонах, мебель и бытовая техника - полностью готова к п",928.44,2700.0,False,https://re.kufar.by/vi/1076910618,,54.0,27.6,9.6,4,1,6.0,9.0,3,1996.0,22,27.551675041677917,53.93021926351233,"Сморговский тракт, 10, Минск",Олег,4.0
1076903187,2026-07-13T10:00:03Z,Сдача в аренду 2х-комнатной квартиры,Сдается на длительный срок двухкомнатная квартира-студия в частном доме ( второй этаж двух этажного дома). В квартире есть вся необходимая мебель для,600.0,1744.86,False,https://re.kufar.by/vi/1076903187,160,60.0,,,3,5,2.0,2.0,4,,30,27.43648,53.935988,"Радашковский переулок, 10, Минск",Иван,
1076895915,2026-07-13T08:27:18Z,"Квартира пр. Дзержинского, 119",Сдается 2-комнатная квартира на длительный срок. Вся мебель и техника в наличии. Качественный ремонт. Хорошие соседи.  Оказываем помощь в поиске кварт,520.0,1512.21,True,https://re.kufar.by/vi/1076895915,30,65.0,45.0,9.0,,,,,,,29,27.47677,53.851256,"Дзержинского пр, 119, Минск",ООО Альфа-риэлт,
1076889463,2026-07-13T07:43:04Z,"2комн.квартира ул.Бельского 51,м.Спортивная","Сдается 2-ух.комнатная квартира ул.Бельского 51,метро Спортивная Квартира сдается семье ,.Без животных Есть холодильник,стиральная машина. В комнате р",400.0,1163.24,True,https://re.kufar.by/vi/1076889463,290,51.0,,,1,1,,,,,30,27.482689,53.897021,"Бельского ул, 51, Минск",ООО Альфа-риэлт,
1076860884,2026-07-13T05:23:03Z,Двухкомнатная квартира,"Новая, двухкомнатная квартира через дорогу от авиамола и метро. Оборудована новой мебелью и  техникой.",653.35,1900.0,False,https://re.kufar.by/vi/1076860884,170,39.0,,,3,10,7.0,10.0,10,2025.0,28,27.55027641324287,53.865465659757874,"Братская ул, 7, Минск",Пользователь,2.0
1076842071,2026-07-13T05:02:34Z,3 ком квартира м Фрунзенская,Сдается квартира от собственника. Цена вместе с коммуналкой и интернетом. Есть вся необходимая мебель и техника. Возможно сдача иностранцам. Цена для,800.0,2326.48,False,https://re.kufar.by/vi/1076842071,,65.0,,,3,1,,9.0,3,,22,27.539194,53.905976,"Кальварийская ул, 4, Минск",Максим,3.0
1076841709,2026-07-12T20:03:57Z,Сдать квартиру,"Сдается с 1 сентября. Готова полность к проживанию. Есть всё необходимое включая постельное бельё, полотенца. Рядом работает круглосуточный магазин.",500.0,1454.05,False,https://re.kufar.by/vi/1076841709,175,39.8,,10.0,1,1,,,2,,29,27.477434,53.8723,"Алибегова ул, 28, Минск",анна,
1076838174,2026-07-12T19:22:36Z,Сдам квартиру в аренду,"АКТУАЛЬНО. При обращении, плз, пишите, для кого планируете снимать :)

Сдаётся однокомнатная квартира, заселение с 20 августа. Минимальный срок аренды",480.0,1395.89,False,https://re.kufar.by/vi/1076838174,,41.0,,9.0,1,1,4.0,9.0,10,2001.0,27,27.563619,53.866237,"Великоморская ул, 7, Минск",Александра,3.0
1076821865,2026-07-12T17:55:46Z,Квартира в аренду с 5.09,Квартира в хорошем состоянии. Рядом парк. Аренда с 5.09,700.0,2035.67,False,https://re.kufar.by/vi/1076821865,100,82.0,72.0,30.0,1,5,7.0,9.0,,2004.0,24,27.617563,53.951484,"Логойский тракт, Минск",Светлана,6.0
1076832659,2026-07-12T17:55:18Z,Квартира,"Сдам квартиру в долгосрочную аренду по договору. Сдается порядочным людям, без вредных привычек,любящих порядок,без животных. Квартира сдается впервые",500.0,1454.05,False,https://re.kufar.by/vi/1076832659,,48.9,17.7,13.4,3,5,8.0,16.0,2,2016.0,30,27.444987,53.878283,"Академика Карского ул, 8, Минск",Николай,4.0
1076829163,2026-07-12T17:18:06Z,Аренда новой квартиры евро три с новой техникой/мебелью в Минск Мире,"Аренда новой квартиры (евро три)с новой мебелью/техникой по договору на длительный период.
Гражданам РБ без животных",1200.0,3489.72,False,https://re.kufar.by/vi/1076829163,170,60.0,57.4,,3,5,16.0,25.0,1,2025.0,28,27.553746,53.86055,"Михаила Савицкого ул, 35, Минск",Дмитрий,
1054549158,2026-07-12T15:44:54Z,Аренда квартиры от 15 дней у метро,Сдается на любой период от 15 дней. Рассмотрим порядочных и платежеспособных арендодателей,650.0,1890.27,False,https://re.kufar.by/vi/1054549158,320,45.0,19.0,10.0,1,5,25.0,25.0,2,2010.0,29,27.485726,53.867416,"Дзержинского пр, 84, Минск",Виталий,4.0
1054287996,2026-07-12T15:44:47Z,От 15 днейШикарная квартира в доме башне с собственным выходом на крышу,Квартира в легендарном доме башне с собственным выходом на крышу. 2 уровня и 2 санузла. Для респектабельной публики. Возможен период проживания от 15,1499.0,4359.24,False,https://re.kufar.by/vi/1054287996,,65.0,40.0,8.0,1,10,10.0,,5,1951.0,28,27.551006,53.892065,"Кирова ул, 1, Минск",Виталий,
1076814378,2026-07-12T15:44:37Z,Аренда от 15 дней,Аренда от 15 дней на любой период. договор. чек.,899.0,2614.38,False,https://re.kufar.by/vi/1076814378,,75.0,49.0,8.0,1,1,10.0,16.0,3,1985.0,22,27.5302761110209,53.919172684973894,"Победителей пр, 53к1, Минск",Виталий,6.0
1075997641,2026-07-12T14:53:14Z,Недвижимость,"Сдается 2-комнатная квартира на 4 этаже 9-этажного дома. Состояние отличное. Хороший ремонт. Все чисто, аккуратно, комфортно. В квартире имеется все н",515.8,1500.0,False,https://re.kufar.by/vi/1075997641,,57.0,55.0,9.5,3,5,4.0,9.0,1,2007.0,30,27.455003593917095,53.87917516999374,"Максима Горецкого ул, 7к2, Минск",Ольга,4.0
1049304157,2026-07-12T14:41:22Z,Квартира Макаенка,"Сдаётся уютная и современная квартира в ЖК ""Парк Челюскинцев""!

Погрузитесь в атмосферу комфорта и стиля в новой квартире, всего в нескольких минутах",850.0,2471.89,False,https://re.kufar.by/vi/1049304157,,49.0,,,,5,,,3,,24,27.625611,53.92353,"Макаёнка ул, 12В, Минск",ЮЛИЯ,4.0
1076777009,2026-07-12T10:41:10Z,Сдается трехкомнатная квартира,"Квартира с хорошим ремонтом. Сад , магазины и магазин 24/7, комплекте мандарин. Метро каменная горка .",800.0,2326.48,False,https://re.kufar.by/vi/1076777009,105,77.0,70.0,,1,5,7.0,9.0,1,2013.0,30,27.424685,53.916801,"Казимировская ул, Минск",Квартира,
1076769522,2026-07-12T09:20:03Z,Сдам квартиру,"Квартира от собственника. Есть все необходимое для проживания. Желательно паре, без животных. Иностранным гражданам просьба не беспокоить. В доме прош",470.0,1366.81,False,https://re.kufar.by/vi/1076769522,100,50.0,22.0,7.1,2,1,7.0,9.0,1,1975.0,24,27.6357,53.954256,"Тикоцкого ул, 40, Минск",Ольга,
1071294244,2026-07-12T09:01:46Z,Сдам квартиру на длительный срок,"Сдается в аренду 3-х комнатная квартира. В квартире сделан высококачественный ремонт. Полностью меблирована. Вся бытовая техника: холодильник, посудом",1100.0,3198.91,False,https://re.kufar.by/vi/1071294244,,97.0,52.0,15.0,,10,5.0,8.0,3,2007.0,22,27.539283,53.930152,"Нововиленская ул, 13А, Минск",Кирилл,4.0
1076767009,2026-07-12T08:51:31Z,Сдам 1 комнатную квартиру возле комаровки,"Сдается 1 комнатная квартира возле комаровского рынка. После ремнта, с новой мебелью и техникой.
Сдам одному человеку. С детьми, животными просьба не",570.0,1657.62,False,https://re.kufar.by/vi/1076767009,120,32.0,21.0,7.0,1,5,4.0,5.0,3,,23,27.575899,53.917909,"Пугачёвская ул, 24, Минск",Владимир,3.0
1076710168,2026-07-11T19:47:14Z,Сдам в долгосрочную аренду 4-х комнатную квартиру,"Сдам на длительный срок 4-комнатную квартиру в историческом центре Минска. Светлая, теплая, красивая. Закрытая парковка во дворе под шлагбаумом. Кварт",1250.0,3635.13,False,https://re.kufar.by/vi/1076710168,,100.0,70.0,9.0,1,5,3.0,5.0,3,1953.0,27,27.560313,53.900835,"Независимости пр, 22, Минск",Ольга,3.0
1076704787,2026-07-11T18:27:21Z,"Сдается 2-х комнатная квартира, новый ремонт","** Просмотр/въезд возможен после 17-го августа

Сдаю на долгий срок просторную евродвушку в Минск-Мире от собственника.  
Квартира очень уютная, с нов",625.0,1817.56,False,https://re.kufar.by/vi/1076704787,170,44.2,24.0,7.0,1,5,2.0,25.0,2,2024.0,28,27.556127,53.860232,"Леонида Щемелёва ул, 18, Минск",Богдан Мять,2.0
1076695066,2026-07-11T16:48:30Z,"Аренда 2-комнатной квартиры, Виталия Цвирко 76","СДАЕТСЯ НА 2 МЕСЯЦА.
Сдаётся 2-комнатная квартира-студия в жилом комплексе премиум-класса North Waterfront (Северный Берег) — Паркленд 3. Квартира на",680.0,1977.51,True,https://re.kufar.by/vi/1076695066,,56.2,49.4,,3,,1.0,7.0,4,2024.0,23,27.567499,53.962002,"Виталия Цвирко ул, 76, Минск",ООО Центр недвижимости ГАЛАКТИКА,
1076689731,2026-07-11T16:18:48Z,Сдаётся на длительный срок.,"Общая площадь 70,5 кв. Метро Московская 7 минут пешком. С панорамным видом на библиотеку. Огороженная территория, шлагбаум, консьерж. Дизайнерская ков",700.0,2035.67,False,https://re.kufar.by/vi/1076689731,,70.5,,9.7,3,10,14.0,14.0,,,24,27.634559,53.923938,"Филимонова ул, 49, Минск",Николай,6.0
1075537491,2026-07-11T15:37:24Z,Сдам квартиру в аренду,"Сдаётся 1ком.квартира пр.Победителей, 125 (жилой комплекс Лебяжий) 43кв.м на длительный срок (от 6 месяцев и более) от собственника . Квартира сдаётся",600.0,1744.86,False,https://re.kufar.by/vi/1075537491,,43.0,18.0,10.0,3,5,6.0,11.0,2,2014.0,22,27.468559,53.939338,"Победителей пр, 125, Минск","Александр , Оксана",2.0
1076684933,2026-07-11T15:29:53Z,Сдам 1/кв-ра,"Сдам однокомнатную квартиру по ул.Сурганова, частично меблированная",412.64,1200.0,False,https://re.kufar.by/vi/1076684933,,33.1,17.0,7.0,2,1,5.0,9.0,1,1972.0,23,27.592113,53.926632,"Сурганова ул, Минск",Татьяна,2.0
1076675119,2026-07-11T13:32:12Z,Однокомнатная 33 кв.м Богдановича 90 Бангалор,Сдам однокомнатную квартиру с 20 августа аккуратной не курящей девушке без животных (не иностранным гражданам и без регистрации!) на срок - от 3 месяц,480.0,1395.89,False,https://re.kufar.by/vi/1076675119,,33.0,33.0,,1,1,5.0,,,,23,27.576608,53.928286,"Максима Богдановича ул, 90, Минск",Ли,1.0
1075235739,2026-07-11T12:32:10Z,Квартира,"Сдается с 30 августа. Просмотр возможен 29 августа. Квартира в отличном состоянии! Также в вашем распоряжение МЕСТО НА ПАРКИНГЕ рядом с домом, на само",550.19,1600.0,False,https://re.kufar.by/vi/1075235739,170,33.0,,,3,,11.0,25.0,,,28,27.555094,53.86251,"Игоря Лученка ул, 31, Минск",Частное,3.0
1076663844,2026-07-11T12:26:36Z,Недвижимость,"Независимости пр. 168к2, Минск, мкр. Уручье",650.0,1890.27,False,https://re.kufar.by/vi/1076663844,280,70.0,42.0,14.0,3,5,4.0,12.0,10,2007.0,24,27.69047,53.94521,"Независимости пр, 168к2, Минск",Алла Сергеевна,
1072998368,2026-07-11T10:35:33Z,Студия в Лебяжем,"ЗВОНИТЕ или пишите в ТГ!
Уютная квартира студия с выделенной спальной зоной(закрывается шторой) на длительный срок. Укомплектована всей необходимой ме",600.0,1744.86,False,https://re.kufar.by/vi/1072998368,,49.8,,,2,5,21.0,22.0,,,22,27.475754,53.933598,"Мястровская ул, 6, Минск",Мария,
1076638202,2026-07-11T08:25:08Z,Квартира в аренду,"Предлагаем 2-комн. квартиру в Зелёном Луге. После косметического ремонта, вся мебель и техника новые. Прописан собственник. Предпочтение парам, семье",450.0,1308.65,False,https://re.kufar.by/vi/1076638202,100,49.0,,,3,1,3.0,9.0,1,,24,27.625719,53.955999,"Карбышева ул, 7, Минск",Наталья,
1076616242,2026-07-11T06:42:54Z,Сдам в аренду квартиру,Сдам 2-х комнатную квартиру для длительного проживания по оформленному договору по пр. Рокоссовского.                                  (иностранным гр,515.8,1500.0,False,https://re.kufar.by/vi/1076616242,230,48.0,,6.0,2,1,1.0,5.0,1,,27,27.604986,53.863694,"Рокоссовского пр, Минск","Ольга, Андрей",2.0
1076577314,2026-07-10T18:13:05Z,Двухкомнатная рядом с метро Аэродромная ЗАСЕЛЕНИЕ С СЕНТЯБРЯ,"СДАМ чистую отличную квартиру НА ДОЛГИЙ СРОК, заселение С СЕНТЯБРЯ! 
Не рассматриваем иностранцев из дальнего зарубежья и арендаторов с животными.
Дом",750.0,2181.08,False,https://re.kufar.by/vi/1076577314,170,60.0,,,3,5,12.0,25.0,10,2022.0,28,27.543371,53.867278,"Игоря Лученка ул, 13, Минск",Светлана,
1076569081,2026-07-10T16:55:08Z,"Аренда 3-комнатной квартиры, Победителей 27","РЕКЛАМА ПО ФАКТУ 

Сдается  3 -х комнатная квартира в ЖК «Славянский квартал.  Общая площадь 102,1 кв.м. Ремонт выполнен по дизайнерскому проекту, дом",1500.0,4362.15,True,https://re.kufar.by/vi/1076569081,90,102.1,55.0,12.7,4,,4.0,25.0,4,2012.0,22,27.539831,53.911873,"Победителей пр, 27, Минск",ООО Центр недвижимости ГАЛАКТИКА,
1076569085,2026-07-10T16:55:08Z,"Новая дизайнерская 2-комнатная квартира в ЖК ''Левада'' по адресу: ул. Нововиленская, д. 61","ПЕРВОЕ ЗАСЕЛЕНИЕ!

Сдается дизайнерская 2-комнатная квартира на последнем этаже в ЖК ""Левада"" по адресу: ул. Нововиленская, д. 61.

В квартире есть вс",1350.0,3925.94,True,https://re.kufar.by/vi/1076569085,,49.9,32.4,,3,,7.0,7.0,4,2024.0,22,27.52792,53.936684,"Нововиленская ул, 61, Минск",ООО Центр недвижимости ГАЛАКТИКА,
1076558082,2026-07-10T15:16:19Z,2 комнатная квартира (евродвушка),"Сдаю евродвушку со всеми условиями для приятного проживания. Видеонаблюдение, консьерж. В интерьере использован натуральный дуб, дубовый паркет. В ван",687.73,2000.0,False,https://re.kufar.by/vi/1076558082,,44.0,30.0,,3,,8.0,16.0,,2019.0,24,27.625522,53.922851,"Макаёнка ул, 12Б, Минск",Анна,
1076543133,2026-07-10T12:56:14Z,Квартира в центре возле Немиги,Сдаются апартаменты в самом центре Минска. Два спальных места. Третий этаж. Рядом с домом м.Фрунзенская и м. Немига. Метро Фрунзенская в 2 минутах ход,500.0,1454.05,False,https://re.kufar.by/vi/1076543133,90,29.0,16.9,5.5,2,,3.0,5.0,1,,22,27.54152,53.906819,"Мельникайте ул, 3, Минск",Пользователь,
1076533120,2026-07-10T12:21:26Z,Сдам квартиру рядом с метро Пушкинская,Сдам квартиру рядом с метро Пушкинская на улице Одоевского 16 к.1 на длительное время молодым специалистам (предочтительно) после вуза или др. с докум,378.25,1100.0,False,https://re.kufar.by/vi/1076533120,,46.0,29.0,7.0,2,1,1.0,5.0,1,1967.0,30,27.500404,53.904077,"Одоевского ул, 16к1, Минск",Николай,4.0
1076526104,2026-07-10T10:33:15Z,"Уютная, большая 3-х комнатная квартира в кирпичном доме, семье на длительный срок, 200 м.Уручье","Комфортная, уютная, 3-х комнатная квартира в кирпичном доме, 200 метров метро Уручье. Сдается аккуратной семье на длительный срок. Во дворе центр детс",777.0,2259.59,False,https://re.kufar.by/vi/1076526104,280,103.0,60.0,12.0,4,5,7.0,12.0,3,2000.0,24,27.692599,53.947616,"Независимости пр, 185, Минск",Алексей,
1076523441,2026-07-10T09:59:34Z,сдам квартиру,"Сдам двухкомнатную квартиру на переулке Калинина, с 1 августа. Одна комната проходная (хрущевка) . Первый этаж, без балкона. Ремонт косметический. Ква",0.0,0.0,False,https://re.kufar.by/vi/1076523441,,44.7,32.5,5.7,2,1,1.0,5.0,2,1966.0,24,27.606621,53.930815,"переулок Калинина, Минск",Валентина,2.0
1076516661,2026-07-10T08:36:05Z,Сдача в аренду квартиры,"Уютная, аккуратная со всеми удобствами",0.0,0.0,False,https://re.kufar.by/vi/1076516661,105,41.0,18.0,10.0,1,1,5.0,9.0,1,2008.0,30,27.427883,53.91224,"Нёманская ул, 34, Минск",феликс,2.0
1054016293,2026-07-10T06:44:05Z,Квартира для организаций от 15 суток в Шабанах,"Сдаётся 2-комнатная квартира (от 15 суток), стоимость из расчета от 140 руб/сутки за квартиру.
Квартира сдается в аренду только для ОРГАНИЗАЦИЙ.
Вмест",0.0,0.0,True,https://re.kufar.by/vi/1054016293,310,67.0,,,,,10.0,,,,26,27.696237,53.845828,"Ротмистрова ул, 52, Минск",ООО Компания АрендаПро,6.0
1076064337,2026-07-09T20:01:30Z,Сдам в хорошие руки уютную 1-комнатную квартиру,"Сдам в хорошие руки, уютная 1-комнатная квартира по ул. Немига, 8, от собственника. В четырех минутах ходьбы до метро Немига. Евроремонт.
Стеклопакеты",653.35,1900.0,False,https://re.kufar.by/vi/1076064337,,40.0,22.0,,3,5,5.0,9.0,2,1984.0,22,27.550413,53.904045,"Немига ул, 8, Минск",Сергей,2.0
1054274012,2026-07-09T16:41:16Z,Сдам новую однокомнатную квартиру,"Квартира находится в Лошице7. Хорошее транспортное сообщение. Сдаётся на длительный срок 1-2 чел.для проживания,без животных. Предпочтение иногородним",498.61,1450.0,False,https://re.kufar.by/vi/1054274012,145,35.0,,,1,,,,10,2025.0,27,27.578683,53.843517,"Станислава Монюшко ул, Минск",Ольга,
1076439341,2026-07-09T16:25:35Z,Евро-трешка с видом на водохранилище пр-т Победителей,"3-комнатная квартира по адресу пр-т Победителей 133.
Длительная аренда, договор найма от года. 
О квартире: 
Метраж 67,1 / 47,2 / - м2. Высота полотко",894.05,2600.0,True,https://re.kufar.by/vi/1076439341,,67.1,47.2,,3,1,2.0,11.0,10,2015.0,22,27.464031,53.942036,"Победителей пр, 133, Минск",ООО Авангард Недвижимость,3.0
1076423811,2026-07-09T14:02:08Z,Сдается в аренду евродвушка в элитном жилом комплексе «Маяк Минска»,"Сдаётся в аренду евродвушка в доме повышенной комфортности в престижной локации — ЖК «Маяк Минска» (дом «Микеланджело»).

Квартира расположена на удоб",1134.76,3300.0,True,https://re.kufar.by/vi/1076423811,325,42.0,42.0,,3,1,7.0,25.0,2,2019.0,24,27.650162,53.931429,"Петра Мстиславца ул, 12, Минск",ООО Авангард Недвижимость,2.0
1076418095,2026-07-09T13:00:07Z,Сдается в аренду евродвушка в элитном жилом комплексе «Маяк Минска»,"Сдаётся в аренду евродвушка в доме повышенной комфортности в престижной локации — ЖК «Маяк Минска» (дом «Микеланджело»).

Квартира расположена на удоб",1134.76,3300.0,True,https://re.kufar.by/vi/1076418095,325,41.9,41.9,,3,1,7.0,25.0,2,2019.0,24,27.650162,53.931429,"Петра Мстиславца ул, 12, Минск",ООО Авангард Недвижимость,2.0
1076414188,2026-07-09T12:49:32Z,"Аренда 2-комнатной квартиры, Фрунзе 9","Работаем по факту!
Двухкомнатная квартира в самом центре Минска.  Отличное предложение для комфортной жизни у парка Горького. Высокие потолки, квартир",700.0,2035.67,True,https://re.kufar.by/vi/1076414188,,54.6,33.1,7.2,2,,2.0,4.0,3,1955.0,25,27.575441,53.905285,"Фрунзе ул, 9, Минск",ООО Центр недвижимости ГАЛАКТИКА,
1076414185,2026-07-09T12:49:27Z,"Болеслава Берута 11А, Аренда 1-комнатной квартиры","Работаем по факту! Квартира свободна с 18.07.
Сдается квартира на длительный срок

Предлагаем просторную, светлую и уютную квартиру.

Изолированная ко",515.8,1500.0,True,https://re.kufar.by/vi/1076414185,290,54.0,19.0,12.0,3,,6.0,16.0,10,2009.0,30,27.507025,53.901806,"Болеслава Берута ул, 11А, Минск",ООО Центр недвижимости ГАЛАКТИКА,
1076411060,2026-07-09T12:29:31Z,Квартира в шаговой доступности ст. метро Аэродромная,"Все для комфортного проживания. Сдам на длительно. Дом прямо возле входа в Метро, рядом торговый центр, магазин, аптека, кафе, пекарни и вся прочая ин",600.0,1744.86,False,https://re.kufar.by/vi/1076411060,170,40.1,25.2,10.5,1,10,24.0,25.0,10,2020.0,28,27.546868813491667,53.86982417887798,"Мира пр, 6, Минск",Владимир,4.0
1076406653,2026-07-09T11:57:58Z,Долгосрочная аренда двухкомнатной квартиры метро спортивная,"Просторная двухкомнатная квартира в трёх минутах от станции метро спортивная , есть посудомоечная машина и бойлер . Долгосрочная аренда",750.0,2181.08,False,https://re.kufar.by/vi/1076406653,,81.0,,,3,5,1.0,12.0,3,,30,27.478935,53.906347,"Бельского ул, 8, Минск",Екатерина,
1076396103,2026-07-09T10:33:53Z,Аренда квартиры,Уютная квартира в шикарном месте.вид из окон на Свислочь .лифт.мебель и бытовая техника в хорошем состоянии,800.0,2326.48,False,https://re.kufar.by/vi/1076396103,,54.0,30.0,8.0,,5,2.0,6.0,3,,22,27.569142071117906,53.91015439870267,"Коммунистическая ул, 10, Минск",Сергей,4.0
1076393337,2026-07-09T10:06:07Z,СДАМ 1-комн.квартиру,"СДАМ квартиру в историческом центре города. Отличное транспортное сообщение, в шаговой доступности станция метро, в 5- ти минутах ходьбы легендарный К",580.0,1686.7,False,https://re.kufar.by/vi/1076393337,120,35.0,20.0,8.0,1,5,5.0,9.0,3,1998.0,23,27.56908,53.922178,"Максима Богдановича ул, 62, Минск",Наталья,3.0
1076392492,2026-07-09T09:54:08Z,Сдам 2-х комнатную квартиру в центре Минска,"Квартира сдается собственником, на длительный срок. Аренда только по договору. Порядок расчетов: предоплата за месяц + залоговый платеж. В квартире хо",800.0,2326.48,False,https://re.kufar.by/vi/1076392492,,58.0,32.0,7.0,2,5,1.0,4.0,3,,23,27.575881,53.912876,"Машерова пр, 8, Минск",Вадим,2.0
1076387120,2026-07-09T08:51:18Z,Сдам 3х к. квартиру (в т.ч. иностранным гражданам),"Сдам квартиру (комнаты) в частном доме д.Тарасово(3-4км от метро каменная горка), в т.ч. иностранным гражданам 
Только звонить!!!",0.0,0.0,False,https://re.kufar.by/vi/1076387120,105,120.0,,,,,,,,,30,27.420598,53.924405,"Каменногорская ул, Минск",Name,
1076378975,2026-07-09T07:49:40Z,"Аренда 4-комнатной квартиры, 4-ый переулок Подольский 9","Сдаётся замечательная квартира в 7-квартирном доме по адресу 4-й Подольский переулок, дом 9. Расположена в в самом зелёном районе Минска. В пешей дост",1200.0,3489.72,True,https://re.kufar.by/vi/1076378975,220,123.2,76.7,20.4,2,,2.0,3.0,4,2015.0,23,27.574945,53.945457,"4-й Подольский переулок, 9, Минск",ООО Центр недвижимости ГАЛАКТИКА,
1076371249,2026-07-09T06:48:02Z,Сдается квартира,"Квартира сдается с ремонтом, мебелью и техникой в отличной локации, имеется лифт. Остановки наземного общественного транспорта для поездки в любую точ",588.01,1710.0,False,https://re.kufar.by/vi/1076371249,,35.0,22.0,,1,5,4.0,7.0,3,,29,27.543209,53.89787,"Мясникова ул, 34, Минск",Леонид,
1076362850,2026-07-09T05:50:59Z,сдаётся однокомнатная квартира,"Дизайнерский ремонт. С помощью вмонтированных плотных штор можно менять конфигурацию квартиры делить площадь на части ,оборудована сигнализацией МВД",481.41,1400.0,False,https://re.kufar.by/vi/1076362850,175,41.6,19.0,12.2,3,10,9.0,,4,2014.0,29,27.478961,53.8723,"Алибегова ул, 26, Минск",Анатолий,1.0
1073432217,2026-07-09T05:36:02Z,"Сталинка в центре Минска. Захватывающий вид на Свислочь, парк, оперный театр, Троицкое предместье.","Редкая находка в центре Минска.

Для тех, кто ценит стиль, комфорт и престиж. Исторический сталинский дом с массивными стенами и высокими потолками, т",900.0,2617.29,True,https://re.kufar.by/vi/1073432217,,42.0,22.0,9.0,1,5,5.0,6.0,3,,22,27.564104,53.9057,"Янки Купалы ул, 23, Минск",ООО База Недвижимости Бай,2.0
1076315968,2026-07-08T17:39:55Z,Ква,"Сдам два этажа в коттедже отдельный вход ,есть все коммуникации удобная парковка, развитая инфраструктура, недалеко ботанический сад, можно семье, и т",1200.0,3489.72,False,https://re.kufar.by/vi/1076315968,240,149.0,97.0,8.0,4,,2.0,,3,,25,27.628829339206217,53.90558805664318,"Авангардная ул, 30, Минск",Александр,
1076314458,2026-07-08T17:24:26Z,Бизнес аппартаменты,"Предлагаются в долгосрочную аренду бизнес-апартаменты с возможностью проживания в одном из самых современных кварталов Минска. 

В доме: консьерж-серв",0.0,0.0,False,https://re.kufar.by/vi/1076314458,170,41.0,33.6,,1,20,9.0,16.0,4,2026.0,28,27.541537259600396,53.86291289994947,"Михаила Савицкого ул, 24, Минск",Майя,
1076313144,2026-07-08T17:10:00Z,Аренда 3 комнатной квартиры,"По договору на длительный срок (от года)
Желательно без животных
  (мессенджеры)",700.0,2035.67,False,https://re.kufar.by/vi/1076313144,105,79.1,76.3,,3,5,2.0,9.0,1,2012.0,30,27.427892,53.931827,"Каменногорская ул, 96, Минск",Дмитрий,
1076309542,2026-07-08T16:33:09Z,Сдается квартира,"Сдается однокомнатная квартира со всеми удобствами,совершенно новый качественный дизайнерский ремонт. Не сдается с животными и маленькими детьми. По в",550.0,1599.46,False,https://re.kufar.by/vi/1076309542,170,30.0,30.0,,3,10,2.0,25.0,10,2025.0,28,27.555935063518202,53.859689571717894,"Леонида Щемелёва ул, 26, Минск",Григорий,
1076277619,2026-07-08T12:18:08Z,Снимут квартиру 3 студента,"Снимут квартиру 3 студента третьего курса. Цена 1200-1300руб, 2-ух или 3-х комнатную, адрес не важен",0.0,0.0,False,https://re.kufar.by/vi/1076277619,,45.0,,,,,,,,,27,27.58145798542609,53.85222523080361,Минск,Роман,
1076270784,2026-07-08T11:15:25Z,сдача квартиры,сдача квартиры в центре,464.22,1350.0,False,https://re.kufar.by/vi/1076270784,,46.7,20.0,8.0,2,1,2.0,3.0,3,1953.0,28,27.532321,53.878405,"Брилевская ул, 4, Минск",Валерий,2.0
1017405805,2026-07-08T11:03:43Z,Сдача квартиры,"Сдаётся уютная 2-х комнатная квартира на длительный срок. На втором этаже 9-ти этажного дома. Хорошее расположение дома, два детского сада, гимназия №",620.0,1803.02,False,https://re.kufar.by/vi/1017405805,265,52.0,,,1,,2.0,9.0,1,,30,27.441502,53.886589,"Чайлытко ул, 13, Минск",Алина,
1076260012,2026-07-08T09:54:08Z,1 450 р. / мес.,После капремонта дома и квартиры. Сдам только семейным на долгий срок . Договор. Коммуналка (1 чел). Аренда + последний месяц. Полно рядом магазинов.,498.61,1450.0,False,https://re.kufar.by/vi/1076260012,100,49.5,34.4,5.7,1,5,5.0,5.0,1,1970.0,24,27.631172,53.946122,"Калиновского ул, 61, Минск",Владимирович.,4.0
191502150,2026-07-08T08:22:50Z,Аренда апартаментов в Liberty Residenc,Сдаются в долгосрочную и краткосрочную аренду (от полугода) апартаменты класса люкс в одном из самых престижных бизнес-центров Минска - «Liberty Resid,2995.71,8711.82,True,https://re.kufar.by/vi/191502150,,128.9,,,1,10,7.0,7.0,,2020.0,22,27.555166,53.900931,"Интернациональная ул, 20А, Минск",ООО ''Агентство недвижимости Авеню'',2.0
1076250925,2026-07-08T08:14:27Z,Двухкомнатная Квартира в аренду 54 кв. м.,"Двухкомнатная квартира. В шаговой доступности - парк Челюскинцев, Ботанический сад, метро, дворец водного спорта. Свободна после 10 августа. Коммуналь",598.33,1740.0,False,https://re.kufar.by/vi/1076250925,,53.7,32.7,8.0,1,1,5.0,8.0,3,1964.0,24,27.604582,53.922284,"Независимости пр, 76, Минск",Константин,6.0
1076240685,2026-07-08T07:21:12Z,Уютная 1- комнатная квартира в новостройке,"Сдам квартиру на длительный срок порядочным людям без животных. Квартира в новостройке. Рядом метро Академия наук, пл. Якуба Колоса, Парк Челюскинцев.",500.0,1454.05,False,https://re.kufar.by/vi/1076240685,220,55.0,20.0,17.0,3,1,5.0,9.0,2,2025.0,23,27.596272,53.93778,"Восточная ул, 119, Минск",Анна,4.0
1076201545,2026-07-08T05:58:45Z,Сдача на длительный срок,"Владелец квартиры, не агентство.
Сдам очень хорошую квартиру на длительный срок,
  с 20 августа!!!

500 усл по курсу НБ РБ+ коммунальные.
Аренда от 6",500.0,1454.05,False,https://re.kufar.by/vi/1076201545,55,40.0,38.0,6.0,1,5,5.0,9.0,2,2014.0,29,27.51864,53.880894,"Щорса ул, 1, Минск",Юрий,
1076200483,2026-07-08T05:57:13Z,Аренда квартиры,"С 1 августа сдается студия  в Минск мире для студентов девушек,можно из Китая",600.0,1744.86,False,https://re.kufar.by/vi/1076200483,170,30.0,27.0,,3,5,,,10,,28,27.557348,53.864995,"Леонида Щемелёва ул, 10, Минск",Мила,
1076193491,2026-07-07T19:52:30Z,Сдаётся просторная квартира в районе Комаровки,"Сдается в долгосрочную аренду просторная, светлая и по-настоящему уютная квартира (97,3 м2), где каждый квадратный метр продуман для комфортной жизни.",825.28,2400.0,False,https://re.kufar.by/vi/1076193491,120,97.3,60.1,10.7,3,5,12.0,16.0,3,1997.0,23,27.574524,53.920216,"Веры Хоружей ул, 10к1, Минск",Дмитрий,3.0
1072571322,2026-07-07T17:38:25Z,"Аренда 1-комнатной квартиры, Скрыганова 4Б","Сдаётся на длительный срок светлая, уютная 1-комнатная квартира в ЖК ""Каскад"" с отдельной кухней. Кухня, спальня, совмещенный санузел, кладовая, лоджи",650.0,1890.27,True,https://re.kufar.by/vi/1072571322,110,47.8,19.3,13.4,3,,5.0,25.0,4,2012.0,30,27.519735,53.910114,"Скрыганова ул, 4Б, Минск",ООО Центр недвижимости ГАЛАКТИКА,
1076169190,2026-07-07T15:59:50Z,Снять 1-комнатную квартиру,"Собственник сдаёт на длительный срок теплую и уютную квартиру возле Западного рынка. В шаговой доступности метро ""Кунцевщина"". Большая жилая площадь.",412.64,1200.0,False,https://re.kufar.by/vi/1076169190,80,43.0,22.0,9.0,1,,4.0,,,2004.0,30,27.460717,53.904872,"Бурдейного ул, 2А, Минск",Светлана,
1017298003,2026-07-07T15:30:39Z,"Снять квартиру в Минске, метро Московская","Сдается  3-комнатная квартира в частной застройке Первомайского района Минска. Метро Московская в шаговой доступности.
Современный трехэтажный дом (20",790.89,2300.0,True,https://re.kufar.by/vi/1017298003,,110.0,56.0,,2,,3.0,3.0,,2018.0,24,27.621713,53.935766,"Короленко ул, 13, Минск",ООО Партнер для всех,
1076158556,2026-07-07T14:10:50Z,Сдается 2х комнатная квартира,Сдается двухкомнатная квартира на длительный срок от собственника по улице физкультурная дом 14. Чистая уютная обжитая квартира. 1й этаж. Зеленый уютн,550.0,1599.46,False,https://re.kufar.by/vi/1076158556,,61.0,,9.0,1,1,,,1,,27,27.563440000922295,53.86694834432311,"Физкультурная ул, 14, Минск",Светлана,
1076147756,2026-07-07T12:45:24Z,Сдается просторная 3-комнатная квартира с балконом в Минске,"Сдается просторная 3-комнатная квартира с балконом
О квартире:
Полностью готова к заселению, есть все необходимое для жизни. На полу — качественный па",859.67,2500.0,False,https://re.kufar.by/vi/1076147756,280,70.0,,,1,5,14.0,14.0,1,,24,27.675315,53.950017,"Шафарнянская ул, 2А, Минск",Нарина,6.0
1069968473,2026-07-07T12:18:00Z,"Аренда 4 кв. по ул.Сторожовская,д.6","Площадь квартиры 217 кв. м.
3 раздельные спальни + просторная гостиная комната с обеденной зоной.
Санузел в каждой из комнат + гостевой.
Две лоджии +",5000.0,14540.5,True,https://re.kufar.by/vi/1069968473,260,217.0,170.0,,1,,2.0,7.0,3,,22,27.556835,53.910324,"Сторожовская ул, 6, Минск",Агентство недвижимости ''Юриэлт'' в Минске,
1070250285,2026-07-07T12:17:37Z,"Аренда 4 кв. по ул.Пионерская,д.7","Четырехкомнатная квартира по адресу: ул. Пионерская, дом 7.

Общая площадь квартиры - 133.1 кв.м. Дом повышенной комфортности!

Квартира полностью уко",1800.0,5234.58,True,https://re.kufar.by/vi/1070250285,195,133.1,89.3,13.8,3,,2.0,5.0,10,2008.0,22,27.487513,53.938892,"Пионерская ул, 7, Минск",Агентство недвижимости ''Юриэлт'' в Минске,
1076134631,2026-07-07T11:09:29Z,аренда 2х комнатной квартиры,"Сдается двухкомнатная квартира в Минске, по улице Мястровская 17. Дом располагается в экологически чистом, престижном районе Лебяжий. Удобный выезд на",801.21,2330.0,True,https://re.kufar.by/vi/1076134631,,655.0,44.9,,3,5,6.0,9.0,10,2019.0,22,27.469035,53.937223,"Мястровская ул, 17, Минск",ООО ''ЮГ Хоум'',
1071928277,2026-07-07T10:06:41Z,Квартира в аренду,"2-х комнатная квартира, мебель: 2- стулья на кухне, диван в гостиной, телевизор,кровать 2- х спальная; стол письменный, комод, Очень светлая, уютная и",699.77,2035.0,False,https://re.kufar.by/vi/1071928277,,72.0,22.5,11.0,1,5,8.0,9.0,2,,30,27.478791,53.904103,"Бельского ул, 26, Минск",Ирина,2.0
1074050272,2026-07-07T09:05:21Z,Сдается двухкомнатная квартира,"Сдается 2-комнатная квартира на длительный срок от собственника (ул. Тикоцкого, 4, Минск)
Идеальный вариант для комфортной жизни в Минске!

Предлагает",618.96,1800.0,False,https://re.kufar.by/vi/1074050272,100,50.1,,,3,5,9.0,9.0,1,,24,27.626285,53.95718,"Тикоцкого ул, 4, Минск",Владимир,2.0
1076110386,2026-07-07T07:43:47Z,Сдам трехкомнатную квартиру,"Сдам  трехкомнатную квартиру в длительную аренду  только адекватным ,чистоплотным людям, с заключением договора- аренды. 
Квартира просторная, светлая",790.89,2300.0,False,https://re.kufar.by/vi/1076110386,,83.9,77.7,11.2,3,1,8.0,9.0,10,2005.0,27,27.566323,53.865478,"Великоморская ул, 12, Минск",Оксана,7.0
1075442011,2026-07-07T07:28:02Z,Сдам квартиру возле Парка Челюскинцев,"Сдам уютную квартиру, рядом с парком Челюскинцев. Метро Московская и Парк Челюскинцев в шаговой доступности. В квартире сделан хороший ремонт. Квартир",1050.0,3053.5,False,https://re.kufar.by/vi/1075442011,,60.0,,,1,10,11.0,25.0,2,2022.0,24,27.625084252549065,53.92455123292626,"Макаёнка ул, 12Г, Минск",Андрей,
1076066983,2026-07-07T05:52:39Z,Квартира на Калинина,В качестве залога заранее оплачивается последний месяц по договору,400.0,1163.24,False,https://re.kufar.by/vi/1076066983,,36.0,,,1,1,4.0,5.0,3,,24,27.601833,53.92951,"Калинина ул, 28, Минск",Матвей,4.0
1076063437,2026-07-06T20:03:49Z,Аренда 3х комнатной квартиры метро 121,"Станция метро Московская / N121.
Уютная, тихая квартира. Есть все необходимое для проживания.
Возможна регистрация иностранных студентов.
Договор.",900.0,2617.29,False,https://re.kufar.by/vi/1076063437,,80.0,,8.0,1,1,3.0,3.0,3,,24,27.629277,53.929229,"Независимости пр, 109, Минск",LU,5.0
1076051942,2026-07-06T17:46:50Z,однокомнатная квартира на длительный срок,"Сдаётся 1 комнатная квартира  на длительный срок , площадью 43 кв. м ОТ СОБСТВЕННИКА , по проспекту Победителей 125, микрорайон Лебяжий. Квартира обор",600.0,1744.86,False,https://re.kufar.by/vi/1076051942,,43.0,18.0,10.0,3,5,6.0,,2,2016.0,22,27.469305,53.93955,"Победителей пр, 125, Минск",Оксана,2.0
1076046174,2026-07-06T16:50:34Z,"Аренда 4-комнатной квартиры, Пионерская 5","Аренда четырехкомнатной просторной квартиры в элитном районе!
Сдаётся в аренду на продолжительный срок уютная, полностью оборудованная квартира в одно",2000.0,5816.2,True,https://re.kufar.by/vi/1076046174,195,129.8,83.1,18.0,4,,3.0,4.0,4,2007.0,22,27.489355,53.938648,"Пионерская ул, 5, Минск",ООО Центр недвижимости ГАЛАКТИКА,
1076029296,2026-07-06T14:19:25Z,Аренда,Арльапльмпллмпглиппшлр,1000.0,2908.1,False,https://re.kufar.by/vi/1076029296,325,75.0,,,1,5,8.0,10.0,10,2017.0,24,27.65239,53.933009,"Петра Мстиславца ул, Минск",Дмитрий,2.0
1076003997,2026-07-06T11:27:14Z,Сдам квартиру,"Сдаем квартиру в долгосрочную аренду, без животных, два окна выходят во двор, одно окно с видом на речку, центр города, 5 мин до метро, будут вопросы",750.0,2181.08,False,https://re.kufar.by/vi/1076003997,,58.0,,,2,1,2.0,,,,22,27.569125,53.910161,"Коммунистическая ул, 10, Минск",Vlad,
1070103003,2026-07-06T10:51:20Z,2 комн. квартира Грушевка 2025г. 70м2. торг.,В 1 минуте от метро Грушевка. Абсолютно всё новое. Первое заселение. Лучше звоните. Укомплектована всем для жизни.,900.0,2617.29,False,https://re.kufar.by/vi/1070103003,,70.0,,15.7,3,5,13.0,24.0,10,2025.0,29,27.514382,53.887958,"Щорса ул, 42, Минск",Пользователь,
1075997953,2026-07-06T10:22:32Z,Сдам в аренду на длительный срок,"Собственник.Сдам квартиру с привлекательной планировкой на длительный срок по договору.Возле метро площадь Я. Коласа. 
ПАРКОВОЧНОЕ МЕСТО С НОМЕРОМ.
Эт",550.0,1599.46,False,https://re.kufar.by/vi/1075997953,120,48.1,,14.3,3,5,8.0,10.0,10,2001.0,23,27.587379,53.92082,"Якуба Коласа ул, 15, Минск",Сергей Антонович,
1053587888,2026-07-06T10:11:54Z,Квартира для организаций от 15 суток в Соколе,"Сдаётся 1-комнатная квартира ( от 15 суток), стоимость из расчета от 100 руб/сутки за квартиру.
Квартира сдается в аренду только для ОРГАНИЗАЦИЙ.
Вмес",0.0,0.0,True,https://re.kufar.by/vi/1053587888,245,42.0,,,,1,1.0,9.0,,2009.0,28,27.903029,53.873675,"Берёзогорская ул, 8, Минск",ООО Компания АрендаПро,3.0
1053588543,2026-07-06T10:11:54Z,Квартира для организаций от 15 суток в Соколе,"Сдаётся 1-комнатная квартира ( от 15 суток), стоимость из расчета от 100 руб/сутки за квартиру.
Квартира сдается в аренду только для ОРГАНИЗАЦИЙ.
Вмес",0.0,0.0,True,https://re.kufar.by/vi/1053588543,245,47.0,,,,,8.0,9.0,,,28,27.905787,53.879201,"Гризодубовой ул, 7, Минск",ООО Компания АрендаПро,3.0
1053588808,2026-07-06T10:11:54Z,Квартира для организаций от 15 суток в Соколе,"Сдаётся 1-комнатная квартира ( от 15 суток), стоимость из расчета от 100 руб/сутки за квартиру.
Квартира сдается в аренду только для ОРГАНИЗАЦИЙ.
Вмес",0.0,0.0,True,https://re.kufar.by/vi/1053588808,245,41.0,,,,,7.0,9.0,,,28,27.905589,53.880241,"Гризодубовой ул, 9, Минск",ООО Компания АрендаПро,3.0
1067935923,2026-07-06T10:11:54Z,Квартира для организаций от 15 суток в г. Минске,"Сдаётся 2-комнатная квартира ( от 15 суток), стоимость из расчета от 140 руб/сутки за квартиру.
Для размещения ТОЛЬКО командированных (организации, юр",0.0,0.0,True,https://re.kufar.by/vi/1067935923,135,56.0,,,,,5.0,9.0,,,28,27.527875,53.845025,"переулок Корженевского, 6, Минск",ООО Компания АрендаПро,5.0
1075888205,2026-07-06T08:00:01Z,Сдается однокомнатная квартира на 2 месяца,Сдается однокомнатная квартира в центре города ( 2 мин.  до Комаровского рынка) сроком на ДВА МЕСЯЦА.Аккуратной некурящей ДЕВУШКЕ/ДАМЕ.Без животных.Гр,447.03,1300.0,False,https://re.kufar.by/vi/1075888205,120,30.0,23.0,6.0,2,,2.0,,3,,23,27.570202289523735,53.92039825190612,"Веры Хоружей ул, 19, Минск",Алена,1.0
1075983659,2026-07-06T07:51:10Z,"Аренда 1-комнатной квартиры, Братская 9","Уютная однокомнатная квартира с дизайнерским ремонтом!
Квартира уже готова к проживанию и полностью укомплектована всем необходимым! Установлена новая",590.0,1715.78,True,https://re.kufar.by/vi/1075983659,170,32.5,28.4,,3,,5.0,10.0,10,2024.0,28,27.549498,53.864765,"Братская ул, 9, Минск",ООО Центр недвижимости ГАЛАКТИКА,
1075942473,2026-07-06T04:15:21Z,"Первая сдача Дизайнерский ремонт, все новое, 2-ая квартира, ул. Сурганова","Сдается впервые после капитального дизайнерского ремонта полноценная 2-комнатная квартира в тихом центре Минска на улице Сурганова.

Первая сдача. В к",650.0,1890.27,False,https://re.kufar.by/vi/1075942473,,48.0,30.03,6.63,3,5,5.0,5.0,3,1973.0,23,27.592113,53.926632,"Сурганова ул, Минск",Татьяна,4.0
1075934014,2026-07-05T18:45:41Z,Аренда квартиры,Квартира с отличным евроремонтом. 15 минут пешком до станции метро Спортивная.,600.0,1744.86,False,https://re.kufar.by/vi/1075934014,,40.0,17.0,10.0,3,5,7.0,10.0,1,2010.0,30,27.47488325102318,53.8993022748003,"Киреенко ул, 5, Минск",Юрий,2.0
1075908943,2026-07-05T15:24:54Z,"3ком квартира с дизайнерским ремонтом. Мебель, бытовая техника. Все для комфорта и уюта.",Сдается в аренду на длительный срок 3комнатная квартира в престижном районе рядом с Дроздами и Комсомольским озером. Дизайнерский ремонт из качественн,900.0,2617.29,False,https://re.kufar.by/vi/1075908943,40,78.0,50.0,12.0,3,10,11.0,19.0,,,22,27.489337,53.932903,"Радужная ул, 17, Минск",Ника,3.0
1075895535,2026-07-05T13:17:02Z,Сдается 2-х комнатная квартира в районе Лебяжий,"Чистая , уютная квартира ищет порядочных жильцов желательно без животных. Возможен торг. До 17 августа звонить по телефону  Юлия .",750.0,2181.08,False,https://re.kufar.by/vi/1075895535,,65.0,61.0,,3,5,4.0,9.0,10,2014.0,22,27.455246,53.938956,"Ратомская ул, 15, Минск",Татьяна,
1075868473,2026-07-05T10:19:22Z,сдача в аренду на длительный срок,"Новый современный дом с видом на реку. Прекрасное местоположение рядом в экологически чистом месте, приличные соседи, новый качественный ремонт, отлич",584.57,1700.0,False,https://re.kufar.by/vi/1075868473,,38.0,30.0,,3,10,7.0,9.0,10,2023.0,22,27.532357,53.936274,"Нововиленская ул, 49, Минск",Наталья,
1075483035,2026-07-05T08:13:21Z,3-комн квартира в центре Минска,Предлагаем трехкомнатную квартиру в центре Минска в долгосрочную аренду.,1065.99,3100.0,False,https://re.kufar.by/vi/1075483035,,79.0,58.3,7.0,1,,3.0,5.0,3,1960.0,29,27.541643921904328,53.90464787211555,"Романовская Слобода ул, 13, Минск",Наталья,3.0
1075810985,2026-07-04T20:54:07Z,"2х-комнатная квартира в центре Минска, 18 этаж","Сдается 2х-комнатная квартира в центре города, отличное расположение, пешая доступность до метро, парков, магазинов. Великолепный вид с 18 этажа. Собс",700.0,2035.67,False,https://re.kufar.by/vi/1075810985,,59.4,34.0,10.9,1,,18.0,19.0,4,2014.0,23,27.592976,53.909302,"Платонова ул, 23, Минск",Юлия,
1075634582,2026-07-04T18:10:10Z,Сдаю,"Сдаёте уютная квартира с дизайнерским ремонтом.
Рядом метро Грушевка.
Оплата:  залог+предоплат за месяц вперед + коммунальные.",700.0,2035.67,False,https://re.kufar.by/vi/1075634582,55,58.0,59.0,,1,10,5.0,,,2022.0,29,27.517086,53.88635,"ЖК Гранд Хаус, микрорайон Грушевка, Минск",Валерия,2.0
1075770351,2026-07-04T13:16:52Z,Двухкомнатная квартира пл.Победы,Сдается 2-х комнатная квартира в центре Минска в шаговой доступности от Оперного театра и площади Победы. Общ. пл. 56 м2. Полностью оборудована всей н,850.0,2471.89,False,https://re.kufar.by/vi/1075770351,,56.0,,,2,10,3.0,5.0,3,1956.0,22,27.565963,53.91408,"Киселёва ул, 20, Минск",Алексей,4.0
1066814203,2026-07-04T12:50:16Z,"Аренда 2-комнатной квартиры, Мстиславца 12",Двухкомнатная квартира в Маяк Минска. Отдельная спальня с большим шкафом и туалетным столиком с подсветкой. Вместительная гардеробная. Премиум техника,1000.0,2908.1,True,https://re.kufar.by/vi/1066814203,325,42.6,37.7,,2,,12.0,13.0,4,2019.0,24,27.6502,53.9314,"Петра Мстиславца ул, 12, Минск",ООО Центр недвижимости ГАЛАКТИКА,
1072750583,2026-07-04T12:46:21Z,"кв. 4-х комн., центр, дизайн. ремонт, новая.","Сдаем(собственник )4-х комн.
НОВУЮ квартиру , 100% комплектация.
в окружении природы
в ЦЕНТРЕ, МЕТРО
""ПаркЧелюскинцев""
Ул.Макаенка,12В
3 изолир.спальн",1200.0,3489.72,False,https://re.kufar.by/vi/1072750583,,102.0,60.0,20.0,3,10,9.0,24.0,3,2019.0,24,27.62551579894791,53.923995063176044,"Макаёнка ул, 12В, Минск",Сергей,6.0
1072161338,2026-07-04T06:24:42Z,Сдача 3 комнатной квартиры,Сдается на длительный срок для граждан Республики Беларусь трехкомнатная квартира. В квартире есть все необходимое для комфортной жизни мебель и техни,750.0,2181.08,False,https://re.kufar.by/vi/1072161338,220,85.0,52.1,11.0,1,5,4.0,10.0,10,2011.0,23,27.593389,53.938538,"Белинского ул, 54, Минск",Екатерина,3.0
1075658903,2026-07-03T15:02:13Z,Квартира,"Просторная 3-комнатная квартира в самом сердце столицы. Удобное расположение: рядом супермаркет, торговые центры, банки, банкоматы, почта, аптеки. Мет",1900.0,5525.39,False,https://re.kufar.by/vi/1075658903,,100.0,84.0,8.0,1,10,4.0,5.0,3,1954.0,27,27.560313,53.900835,"Независимости пр, 22, Минск",Ольга,3.0
1071015222,2026-07-03T13:15:35Z,"Аренда: 2 к квартира Дзержинского, 122 долгосрочно","Квартира находится в шикарном месте!!! : метро ""за углом"", парковая зона с лежаками, речкой, площадками через дорогу, напротив множество магазинов, ба",859.67,2500.0,False,https://re.kufar.by/vi/1071015222,150,65.0,,10.0,3,10,12.0,25.0,10,2016.0,29,27.474407,53.851463,"Дзержинского пр, 122, Минск",Мила,
1070223152,2026-07-03T08:33:46Z,Сдам квартиру,"Сдам 2-х комнатную квартиру по адресу: ул. Яна Чечота, 36. Дом повышенной комфортности находится в 5 минутах ходьбы от станции метро «Малиновка». Уютн",618.96,1800.0,False,https://re.kufar.by/vi/1070223152,30,60.0,36.0,12.0,4,5,4.0,7.0,10,2012.0,29,27.481899,53.847506,"Яна Чечота ул, 36, Минск",Татьяна,2.0
1075613006,2026-07-03T07:46:47Z,Сдается квартира,"Сдается 3-ая квартира по адресу Гурского с мебелью. Метро Михалово в 5 минутах ходьбы. Сад, школа , магазины , банк, почта , парк рядом . Видеонаблюде",790.89,2300.0,False,https://re.kufar.by/vi/1075613006,,79.2,46.1,10.2,1,5,,,1,2007.0,29,27.488385,53.879212,"Гурского ул, 44к2, Минск",Инна,3.0
1072473595,2026-07-03T06:57:17Z,Сдаю квартиру,"Сдаю квартиру , на длительный срок ! Молодой семье или паре , без вредных привычек. 
Квартира сдается частично с мебелью , рядом метро петровщина , ма",600.0,1744.86,False,https://re.kufar.by/vi/1072473595,,61.0,5.5,,1,10,12.0,18.0,,2023.0,30,27.455471,53.874471,"Юрия Семеняко ул, Минск",Анжелика,
1075560218,2026-07-03T04:08:58Z,Квартира,"Сдам уютную двухкомнатную квартиру в микрорайоне «Восток» рядом с метро и национальной библиотекой.

ТЕЛЕФОН НЕДОСТУПЕН, ПИШИТЕ СООБЩЕНИЯ ИЛИ МОЖНО ЧЕ",600.0,1744.86,False,https://re.kufar.by/vi/1075560218,45,36.0,32.0,5.0,1,5,4.0,5.0,1,,24,27.65036,53.936439,"Независимости пр, 153к1, Минск",Наталия,4.0
1075551240,2026-07-02T18:07:50Z,Квартира-студия. На длительный срок,"Просторная стильная квартира. Полностью укомплектована: бытовая техника, посуда, интернет, телефон, мебель, постельные принадлежности, полотенца. Сдаё",600.0,1744.86,False,https://re.kufar.by/vi/1075551240,,43.0,,,1,10,9.0,,,2015.0,29,27.48542,53.855744,"Чюрлёниса ул, Минск",Ольга,
1075543355,2026-07-02T16:47:59Z,Сдам квартиру,"Сдаю квартиру по улице Макаенка.
Квартира в 2 минутах ходьбы от парка Челюскинцев 
Можно с животными 
Пишите!Всем ответим в числах 20,спасибо за поним",447.03,1300.0,False,https://re.kufar.by/vi/1075543355,,38.5,,,1,5,10.0,,,,24,27.624129,53.922379,"Макаёнка ул, 12К, Минск",Андрей,
1075534304,2026-07-02T15:30:53Z,Роскошная 3-комнатная квартира в элитном доме,"Роскошная 3-комнатная квартира в элитном доме по ул. Червякова, 55

Сдается впервые! Просторная, светлая и полностью готовая для комфортной жизни трех",1500.0,4362.15,True,https://re.kufar.by/vi/1075534304,,111.8,69.6,31.8,3,,5.0,9.0,3,2013.0,22,27.548016,53.928719,"Червякова ул, 55, Минск",ООО ''Риэлтерский центр Столицы'',
1075078393,2026-07-02T15:11:50Z,Квартира на длительный срок,"Квартира, с хорошим ремонтом, видом на библиотеку и всем необходимым для проживания в прекрасном районе Маяк Минска. Рядом школа, шопинг, множество ка",691.32,2010.42,False,https://re.kufar.by/vi/1075078393,325,45.0,38.0,,1,5,2.0,9.0,,2020.0,24,27.654088,53.930327,"Кирилла Туровского ул, 26, Минск",Оксана,2.0
1075530743,2026-07-02T14:42:05Z,"Новая, стильная студия","Новая, стильная студия. До метро 5 минут пешком. Рядом гипермаркет, кофейни, кафе и многое другое . 
ВНИМАНИЕ только сентябрь и октябрь",687.73,2000.0,False,https://re.kufar.by/vi/1075530743,170,30.0,25.0,5.0,3,10,19.0,25.0,1,2023.0,28,27.550872,53.862584,"Жореса Алфёрова ул, 10, Минск",Продавец,2.0
1048117427,2026-07-02T14:41:29Z,"Квартира, 3 комн., 72 м², этаж 2 из 10","Аренда   3-к. ПРЕМИУМ  квартиры с ДИЗАЙНЕРСКИМ РЕМОНТОМ , хорошее расположение (5 мин от метро «Восток») ,5-7 спальных мест,бытовая техника,теплые пол",2189.17,6366.33,False,https://re.kufar.by/vi/1048117427,325,73.0,,,3,10,2.0,10.0,,2018.0,24,27.651231,53.930062,"Петра Мстиславца ул, 6, Минск",Ирина,7.0
1075520050,2026-07-02T13:47:17Z,"5-комнатная квартира ул.Каховская, д.26","Просторная двухэтажная 5-комнатная квартира с роскошной кухней-столовой 20,3 кв.м., гостиной, тремя спальнями, детской, кабинетом и тремя санузлами и",2678.72,7790.0,True,https://re.kufar.by/vi/1075520050,,218.0,103.0,,3,5,18.0,19.0,3,,22,27.550234,53.928821,"Каховская ул, 26, Минск",ООО МИР НЕДВИЖИМОСТИ ПРО,
1069060567,2026-07-02T10:36:43Z,"Аренда 4-х комнатной по ул. Тимирязева,4","В аренду предлагается просторная 4-комнатная квартира в элитном жилом доме по адресу: г. Минск, ул. Тимирязева, 4.

Квартира расположена на 6 этаже, о",2269.52,6600.0,True,https://re.kufar.by/vi/1069060567,90,183.8,113.6,27.3,3,,6.0,16.0,,2008.0,22,27.527695,53.91085,"Тимирязева ул, 4, Минск",ООО Своя гавань,4.0
1075492612,2026-07-02T10:03:51Z,Ищем квартиру,"Три студентки ищут трех-комнатную квартиру для проживания на год. Без вредных привычек, опыт самостоятельной жизни с подросткового возраста, оплата бе",0.0,0.0,False,https://re.kufar.by/vi/1075492612,,1.0,1.0,1.0,,,,,,,23,27.575310592276967,53.93850504354882,Минск,Мирослава,
1072280401,2026-07-02T09:25:31Z,Сдам 1 комнатную квартиру на длительный срок,"Сдается просторная и светлая квартира площадью 43 кв. м.

В шаговой доступности супермаркеты, аптеки, тренажерные залы и остановки общественного транс",510.0,1483.13,False,https://re.kufar.by/vi/1072280401,145,43.0,,,1,5,5.0,9.0,,,27,27.571766,53.837933,"Игуменский тракт, 34, Минск",Артём,2.0
1075462892,2026-07-02T05:07:46Z,3-комнатная квартира,"В долгосрочную аренду сдается 3-комнатная комфортабельная квартира для жизни и полноценного отдыха. Расположена в элитном ЖК «Вивальди», в экологичном",1000.0,2908.1,False,https://re.kufar.by/vi/1075462892,280,86.0,63.0,13.0,3,10,4.0,12.0,10,2013.0,24,27.68208,53.949391,"Ложинская ул, 16, Минск",Татьяна,5.0
1075446833,2026-07-01T20:26:25Z,Сдается квартира . Евро двушка . Первое заселение . Укомплектована,"Первое заселение . В квартире совершенно ни кто не проживал . 
Прописан 1 человек .
Имеется отдельная комната с просторной гардеробной. 
Все окна в по",800.0,2326.48,False,https://re.kufar.by/vi/1075446833,170,47.0,,,3,10,9.0,25.0,,2021.0,28,27.537541,53.872364,"Аэродромная ул, 18, Минск",Наталья,
1072045295,2026-07-01T18:33:33Z,Аренда квартиры на длительный срок,"Сдаётся 2-комнатная квартира площадью 68.6 кв. м в миниполисе «Каскад» с хорошим ремонтом.

В квартире есть всё необходимое для комфортного проживания",650.0,1890.27,False,https://re.kufar.by/vi/1072045295,110,68.6,,,1,10,8.0,,,,30,27.5165862641422,53.90905006554832,"Скрыганова ул, 2, Минск",Артем,
1075430927,2026-07-01T16:51:24Z,"Аренда 2-комнатной квартиры, Кирова 2","На длительный срок сдается двухкомнатная квартира в центре города. Есть вся необходимая мебель и техника. 
Тихие соседи.
Низкие коммунальные платежи.",700.0,2035.67,True,https://re.kufar.by/vi/1075430927,,57.3,30.8,10.0,1,,4.0,5.0,,1951.0,28,27.551888,53.891891,"Кирова ул, 2, Минск",ООО Центр недвижимости ГАЛАКТИКА,
1075430324,2026-07-01T16:41:45Z,Сдам 2 км в 5 мин пешком от м. Михалово,"Ищете комфортное жилье в тихом и развитом районе? Предлагаю в аренду светлую и теплую двухкомнатную квартиру. Идеальный вариант для одного человека, п",550.19,1600.0,False,https://re.kufar.by/vi/1075430324,55,30.0,20.0,7.0,2,1,2.0,2.0,3,1970.0,29,27.510672,53.881228,"Смирнова ул, Минск",Ольга,3.0
1075395891,2026-07-01T13:19:01Z,Квартира в аренду на Макаенка 12Ж с видом на парк,"Сдается в аренду квартира с видом на парк со свежим ремонтом
Укомплектована новой техникой, включая кондиционер, посудомоечную машину, телевизор
Собст",790.55,2299.0,False,https://re.kufar.by/vi/1075395891,,45.0,35.0,,1,10,6.0,25.0,2,2019.0,24,27.624237,53.922984,"Макаёнка ул, 12Ж, Минск",Екатерина,3.0
1075377768,2026-07-01T12:11:18Z,Квартира/ аренда,"ОТ СОБСТВЕННИКА! 
Сдается уютная 1-комнатная квартира на длительный срок аренды по адресу: пр-т Газеты Правла 17, 23 этаж 25-ти этажного дома. 
В квар",618.96,1800.0,False,https://re.kufar.by/vi/1075377768,320,40.0,,,1,5,23.0,25.0,2,,29,27.483938,53.865834,"Газеты Правда пр, 17, Минск",Собственник,3.0
1075360466,2026-07-01T11:09:15Z,Маяковского 15,"Предлагаем в аренду уютную двухкомнатную квартиру площадью 70 кв. м на 8‑м этаже 16‑этажного дома.

Просторная квартира в элегантном классическом стил",950.0,2762.7,False,https://re.kufar.by/vi/1075360466,,70.0,50.0,,2,10,8.0,16.0,2,,27,27.570033,53.869449,"Маяковского ул, Минск",Оксана,
1075357363,2026-07-01T10:58:17Z,Сдаю квартиру иностранцам. Rent to foreigners.,The owner is renting a two-room apartment to foreigners. You must have a Belarusian visa in your passport. You must have a notarized translation of yo,530.0,1541.29,False,https://re.kufar.by/vi/1075357363,205,47.0,32.0,,3,1,3.0,9.0,1,1970.0,30,27.490047,53.909615,"Притыцкого ул, 38, Минск",Иван,
1058789665,2026-07-01T09:38:29Z,"3-комнатная квартира по ул. Пионерская, 32","Эксклюзивная 3-комнатная квартира премиум-класса с мебелью близи водохранилища ""Дрозды"" в престижном жилом комплексе ""Клубного типа"", г.Минск, улица П",2500.0,7270.25,True,https://re.kufar.by/vi/1058789665,195,125.3,67.9,18.0,3,10,4.0,5.0,10,2018.0,22,27.483372,53.939402,"Пионерская ул, 32, Минск",Агентство недвижимости ''Час-Пик'',
1075318349,2026-07-01T08:51:54Z,"1-к. квартира, центр, под ключ","Сдаётся укомплектованная квартира.
Заезжай с одним чемоданом.

Полный комплект:
Мебель: 3-ех местный диван (2 спальных места), 2-ух местный диван (2 с",1031.6,3000.0,False,https://re.kufar.by/vi/1075318349,,47.0,29.4,8.7,1,10,4.0,5.0,,1950.0,29,27.541278,53.894522,"Мясникова ул, 76, Минск",Александр,4.0
1075277606,2026-07-01T04:36:58Z,2-комнатная квартира с люкс-ремонтом центре Минска 2br top-renovated apt. with in Minsk city-centre,ДОСТУПНА СЕЙЧАС. 2-х комнатная квартире в центре города. 5 минут на машине от вокзала. 3 станции метро в шаговой доступности. Мебелированная. Капиталь,679.8,1976.91,False,https://re.kufar.by/vi/1075277606,,42.0,26.0,7.2,1,5,5.0,5.0,3,1966.0,29,27.524749,53.898528,"Волоха ул, 2, Минск",Seva R.,3.0
1075249332,2026-06-30T17:00:35Z,"3-комнатная квартира, в центре Минска","Сдается на длительный срок трехкомнатная квартира в центре Минска по адресу улица Червякова, 25, квартира 8. В квартире выполнен новый дизайнерский ре",790.89,2300.0,False,https://re.kufar.by/vi/1075249332,,55.0,35.0,20.0,1,10,4.0,5.0,3,,22,27.549461,53.925428,"Червякова ул, 25, Минск",Крылов Антон,2.0
1069884737,2026-06-30T16:49:27Z,"Аренда 4-комнатной квартиры, Сторожовская 6","Сдается просторная 4-комнатная квартира в престижном ЖК «У Троицкого» (ул. Сторожовская, 6).

Для тех, кто ценит безупречный сервис, приватность и удо",2500.0,7270.25,True,https://re.kufar.by/vi/1069884737,260,141.8,101.2,,4,,4.0,24.0,4,2011.0,22,27.556835,53.910324,"Сторожовская ул, 6, Минск",ООО Центр недвижимости ГАЛАКТИКА,
1075234068,2026-06-30T14:59:30Z,Сдается 3 комнатная квартира,"3 комнатная квартира.1 высокий этаж 9 этажного дома. Окна на улицу, в одной комнате - во двор.  3 раздельные комнаты. Раздельный су. Большая кухня. Кв",722.12,2100.0,False,https://re.kufar.by/vi/1075234068,65,78.0,44.0,13.0,1,5,1.0,9.0,1,2017.0,30,27.464355,53.919749,"Чичурина ул, 18, Минск",Наталья,3.0
1073136123,2026-06-30T00:53:25Z,Сдается отличная 3-комн. квартира у Ботанического сада,"Сдается 3-комнатная квартира 82 м² по адресу: ул. Бумажкова, 37А. В шаговой доступности — Ботанический сад и станция метро «Академическая» (3 остановк",850.0,2471.89,False,https://re.kufar.by/vi/1073136123,240,82.0,50.0,14.0,3,5,11.0,20.0,10,2012.0,25,27.61935,53.904867,"Бумажкова ул, 37А, Минск",Имя,4.0
1075095798,2026-06-29T17:30:59Z,Однокомнатная квартира. Длительно,"Сдам 1 комнатную квартиру . На длительный срок.
Можно гражданам России с регистрацией по месту жительства (пропиской) и оформлением ВНЖ. Иностранцам,",440.0,1279.56,False,https://re.kufar.by/vi/1075095798,320,33.9,16.8,9.0,3,1,7.0,,1,,29,27.478734208952904,53.86286180941077,"Газеты Правда пр, 30, Минск",Яков,
1033749356,2026-06-29T15:15:09Z,КВАРТИРА В ЧАСТНОМ ДОМЕ,"Квартира в частном доме с отдельным входом занимает 1 этаж 110 м2.
Сдается на 1-3 месяца максимум.

- Большая терраса с видом на красивый сад

- Камин",1547.4,4500.0,True,https://re.kufar.by/vi/1033749356,,110.0,,,1,5,1.0,2.0,,2012.0,29,27.458669,53.853115,"Курганная ул, Минск",ИП Ващило А.Н.,4.0
1022911082,2026-06-29T14:44:29Z,"64м2 в центре столицы на набережной в 4мин от метро, парка Горького, ул.Захарова","2-комнатная квартира, первая аренда, идеальное состояние, 64 метра, дорогой ремонт, дорогая бытовая техника, сантехника «Villeroy&Boch», 15 этаж, пано",790.0,2297.4,True,https://re.kufar.by/vi/1022911082,200,64.0,,,1,,15.0,18.0,,2008.0,25,27.584406,53.894883,"Пулихова ул, 45, Минск",ООО Гостевой дом,2.0
1071155921,2026-06-29T13:48:40Z,Сдача в аренду квартиры,"Центр Минска. Квартира теплая, уютная, домашняя.Небольшие  коммунальные платежи.Квартира  сдавалась и сдается людям без вредных привычек, не курящим.",460.0,1337.73,False,https://re.kufar.by/vi/1071155921,120,42.0,25.0,6.0,1,1,2.0,5.0,3,1967.0,23,27.572988,53.917739,"Куйбышева ул, 57, Минск",Ирина,2.0
1075064724,2026-06-29T12:53:21Z,"Аренда 3-комнатной квартиры, Лученка 28","БЕЗ КОМИССИИ ДЛЯ АРЕНДАТОРА
На длительный срок сдается отличная евротрёшка (трехкомнатная студия с двумя отдельными комнатами) в новом доме Бразилия (",750.0,2181.08,True,https://re.kufar.by/vi/1075064724,170,60.6,39.2,,3,,2.0,25.0,,,28,27.553217,53.861603,"Игоря Лученка ул, 28, Минск",ООО Центр недвижимости ГАЛАКТИКА,
1065058772,2026-06-29T11:29:47Z,Уникальная 3-комнатная квартира с машиноместом,Сдается уникальная трехкомнатная  квартира с изысканным интерьером с машиноместом в подземном паркинге. Интерьер в квартире выполнен в классическом ст,997.21,2900.0,True,https://re.kufar.by/vi/1065058772,,100.0,60.0,33.0,3,5,3.0,8.0,10,2007.0,22,27.539598,53.929924,"Нововиленская ул, 13А, Минск",Бюро Городской Недвижимости,
1075052312,2026-06-29T11:10:36Z,"2-комнатная квартира ул.Сурганова, д.59","Сдается уютная 2-комнатная квартира в экологически чистом районе
г. Минск, ул. Сурганова, д. 59
Общая площадь - 48,0 кв.м, жилая - 30,03 кв.м, кухня -",598.33,1740.0,True,https://re.kufar.by/vi/1075052312,,48.0,30.0,6.6,3,1,3.0,5.0,1,1971.0,23,27.578441,53.928445,"Сурганова ул, 59, Минск",ООО МИР НЕДВИЖИМОСТИ ПРО,
1075038903,2026-06-29T08:41:24Z,Сдам квартиру на короткий срок,"Сдам квартиру на 3-5 месяцев, сама квартира стоит на продаже! По всем вопросам по номеру телефона, или в сообщении!
Без мебели",550.0,1599.46,False,https://re.kufar.by/vi/1075038903,105,74.0,,,1,1,6.0,,3,2012.0,30,27.438097,53.925661,"Колесникова ул, 37, Минск",Татьяна,2.0
1054970918,2026-06-29T07:09:38Z,Сдам квартиру,Сдается студия в среднесрок. В квартире все есть для жизни. Заносите вещи и живите. Стоимость указана без учета коммунальных платежей. Только звонить,1100.0,3198.91,False,https://re.kufar.by/vi/1054970918,170,28.0,23.0,,1,5,18.0,25.0,2,2024.0,28,27.526967,53.869141,"Брилевская ул, 35, Минск",Александр,1.0
1075024633,2026-06-29T06:33:43Z,Трехкомнатная квартира в центре Минска,"Трехкомнатная квартира в центре Минска полностью оборудована. К подъезде консьерж и парковочные места во дворе дома. 
Вся бытовая техника Bosch, в том",850.0,2471.89,False,https://re.kufar.by/vi/1075024633,90,90.0,80.0,18.0,3,10,18.0,19.0,2,2015.0,22,27.530848,53.910919,"Машерова пр, 43, Минск",Татьяна собственник,6.0
1074990550,2026-06-28T20:11:34Z,Сдам квартиру,"Сдам квартиру с 15 сентября на длительный срок студентам, семье,рабочим...возможна регистрация
Метро восток 1 минута, напротив данымолл.",1000.0,2908.1,False,https://re.kufar.by/vi/1074990550,45,68.0,,,4,1,4.0,9.0,1,2000.0,24,27.648366,53.934944,"Независимости пр, 145, Минск",Николай,3.0
1061589276,2026-06-28T17:20:48Z,Недвижимость,"Сдам по договору найма просторную квартиру 52 м3:
ОДНОМУ человеку
Гражданину Беларуси
Без детей
Без животных
Без вредных привычек
Окна во двор, тамбур",400.0,1163.24,False,https://re.kufar.by/vi/1061589276,,52.0,22.0,12.0,3,15,5.0,9.0,1,2009.0,30,27.415729,53.891259,"Пимена Панченко ул, 62, Минск",Екатерина,1.0
1074975158,2026-06-28T16:47:25Z,Аренда стильная однушка у метро.,"Сдается уютная, светлая, теплая студия (1-комн. квартира, общ. площадь 48 м.кв). Возле метро. Солнечная сторона (запад). Окна во двор (отсутствие шума",580.0,1686.7,False,https://re.kufar.by/vi/1074975158,55,48.0,31.3,,1,10,4.0,13.0,2,2013.0,29,27.514966,53.885687,"Щорса ул, 11, Минск",Юлия,1.0
1074963286,2026-06-28T14:57:09Z,Квартира аренда,Сдается уютная солнечная квартира на 25 этаже .Желательна долгосрочная аренда.Квартира свободна с 1-2 июля,650.0,1890.27,False,https://re.kufar.by/vi/1074963286,170,45.0,,,3,5,25.0,25.0,2,,28,27.527057,53.86852,"Брилевская ул, 37, Минск",Ирина Богдан,
1074926168,2026-06-28T09:00:44Z,"Сдаётся в долгосрочную аренду светлая 3-х комнатная квартира, м. Кунцевщина.","Сдаётся в долгосрочную аренду светлая 3-х комнатная квартира, с евроремонтом, 1 минута от м. Кунцевщина, красивый вид на парк, все необходимое для ком",800.0,2326.48,False,https://re.kufar.by/vi/1074926168,,100.0,50.0,10.6,3,5,2.0,9.0,,2006.0,30,27.460941,53.906278,"Тимошенко ул, 8, Минск",Инна,4.0
1074865241,2026-06-27T17:13:49Z,Сдается 3-комнатная квартира в центре,"Сдается 3-комнатная квартира от собственника в самом центре Минска.

Адрес: пр. Победителей, 43-1. Дом находится прямо напротив стелы «Минск город-гер",859.67,2500.0,True,https://re.kufar.by/vi/1074865241,,65.0,65.0,,1,5,9.0,9.0,,,22,27.535448,53.915427,"Победителей пр, 43/1, Минск",ИП Романенко Александр Степанович,2.0
1028892555,2026-06-27T13:05:48Z,Квартира двухкомнатная,"————————

Актуально с 23 августа. 
Сдается на месяц, два, три. 
Более длительный срок оговаривается индивидуально.
——————-
Шикарная новая квартира 58",1100.0,3198.91,False,https://re.kufar.by/vi/1028892555,,62.0,,,1,10,14.0,17.0,,2023.0,29,27.48754,53.867166,"Дзержинского пр, 90, Минск",Inna,
1074836028,2026-06-27T12:35:12Z,однокомнатная квартира возле метро,"Продается однокомнатная квартира в ЖК ""Минск-Мир"" Дом «Вена».
Площадь по СНБ 33.5 м2. Дом 2023 года постройки. Видеонаблюдение 24/7. 

Развитая уже ин",600.0,1744.86,False,https://re.kufar.by/vi/1074836028,170,33.5,29.5,5.0,4,5,9.0,19.0,10,2022.0,28,27.544664,53.868578,"Николы Теслы ул, 18, Минск",Жанна,2.0
1074826714,2026-06-27T11:22:24Z,Сдам в аренду квартиру,Из из мебели только кухня и шкаф-купе,0.0,0.0,False,https://re.kufar.by/vi/1074826714,290,33.0,18.0,7.0,,,4.0,5.0,1,,30,27.483857,53.900278,"Бельского ул, 31, Минск",Иван,
1074811166,2026-06-27T08:12:39Z,Сдам однокомнатную квартиру на длительный срок,"Сдам на длительный срок однокомнатную ухоженную кваптиру, тихий центр, есть все для проживания. Без животных.Договор. Без регистрации. В квартире никт",400.0,1163.24,False,https://re.kufar.by/vi/1074811166,,34.0,187.0,7.0,1,1,3.0,5.0,3,1969.0,22,27.547413,53.925852,"Осипенко ул, 4, Минск",Игорь,2.0
1074754105,2026-06-26T15:47:10Z,"Аренда 3 кв. по ул.В.Хоружей,д.21","Сдается просторная 3-комнатная квартира 68 кв.м. по ул. В.Хоружей, 21, в самом центре города - рядом Комаровский рынок.

Квартира готова к заселению.",800.0,2326.48,True,https://re.kufar.by/vi/1074754105,120,68.77,46.8,6.83,3,,3.0,9.0,3,1973.0,23,27.568775,53.920727,"Веры Хоружей ул, 21, Минск",Агентство недвижимости Юриэлт в Минске,
1074742851,2026-06-26T13:31:10Z,"Сдам квартиру, Минск","Сдается светлая, уютная квартира у м. «Кунцевщина» на длительный срок. 

Преимущества расположения:
Метро: всего 1 минута ходьбы до станции «Кунцевщин",576.1,1675.35,False,https://re.kufar.by/vi/1074742851,80,42.0,,,,5,4.0,16.0,2,2014.0,30,27.457941,53.905307,"Притыцкого ул, 77, Минск",Vita,
1074704866,2026-06-26T07:47:49Z,"3-к квартира  Прушинских ул., 18","Сдается просторная 3-комнатная квартира в Минске, расположенная в Ленинском районе по улице Прушинских. Отличный вариант для тех, кто ищет комфортное",499.6,1452.9,True,https://re.kufar.by/vi/1074704866,145,78.0,,12.0,3,,7.0,9.0,,2002.0,27,27.5827,53.8367,"Прушинских ул, 18, Минск",ООО ТВОЯ СТОЛИЦА,
1074652247,2026-06-25T20:45:20Z,На длительный срок сдам 4-комнатную квартиру в Центральном районе,"4-комнатная квартира в центре на длительный срок. Предоплата за месяц + коммунальные + залог. Зарегистрирован собственник, коммунальные платежи не выс",900.0,2617.29,False,https://re.kufar.by/vi/1074652247,,103.0,65.0,11.0,4,1,1.0,12.0,1,1998.0,22,27.547377,53.930587,"Червякова ул, 59, Минск",Юрий Боровицкий,4.0
1063335907,2026-06-25T17:39:32Z,Сдаю квартиру,"Сдаю 1 комнатную благоустроенную квартиру.на длительный срок в самом центре города. . Есть все для комфортного проживания : мебель, ЖКИ телевизор,  бо",447.03,1300.0,False,https://re.kufar.by/vi/1063335907,200,40.0,18.0,10.0,1,,,8.0,3,1982.0,25,27.58057763492008,53.897884337018006,"Пулихова ул, 23, Минск",Андрей,2.0
1074639000,2026-06-25T17:25:24Z,Сдаю 1-комнатную квартиру на Романовской Слободе.,"Хорошая квартира,чистая,шикарная лоджия",0.0,0.0,False,https://re.kufar.by/vi/1074639000,,32.0,,,3,5,8.0,9.0,3,,29,27.544736,53.903483,"Романовская Слобода ул, Минск",Светлана,
1074633645,2026-06-25T16:51:08Z,"Коллекторная 8, Аренда 2-комнатной квартиры","Работаем по факту!

На длительный срок сдается 2-комнатная квартира по улице Коллекторная 8.
Квартира укомплектована всей необходимой мебелью и техник",1000.0,2908.1,True,https://re.kufar.by/vi/1074633645,,55.5,44.0,,1,,8.0,10.0,4,2021.0,29,27.541434,53.900867,"Коллекторная ул, Минск",ООО Центр недвижимости ГАЛАКТИКА,
1069067081,2026-06-25T11:13:28Z,Сдам 2-комнатную  Минск Мир,Сдам по договору 2-комнатную квартиру евро двушку) в жк Минск Мир. На длительный срок.,600.0,1744.86,True,https://re.kufar.by/vi/1069067081,170,38.0,26.0,12.0,3,1,21.0,25.0,2,2021.0,28,27.528737,53.869078,"Михаила Савицкого ул, 4, Минск",ИП Максименко Екатерина Семёновна,4.0
1074579920,2026-06-25T08:11:19Z,"3-комнатная квартира ул.Жуковского, д.4","Сдается светлая и уютная 3-комнатная квартира
Минск, ул. Жуковского, д. 4
Общая площадь СНБ - 102,5 кв.м, жилая - 46,3 кв.м, кухня - 11,3 кв.м.
11-15",687.73,2000.0,True,https://re.kufar.by/vi/1074579920,,102.5,46.3,11.3,3,,11.0,15.0,3,2002.0,28,27.549892,53.883914,"Жуковского ул, 4, Минск",ООО МИР НЕДВИЖИМОСТИ ПРО,
1074568907,2026-06-25T06:56:31Z,Сдача в аренду квартиры,"Дом после кап ремонта,находится в 5 мин ходьбы от ст.М. Я.Колоса и ст.М. Пл.Победы",0.0,0.0,False,https://re.kufar.by/vi/1074568907,,41.0,17.0,6.0,1,1,2.0,5.0,1,1967.0,23,27.588412,53.910856,"Горный переулок, 7, Минск",Галина,2.0
1074527464,2026-06-24T20:06:53Z,Однокомнатная квартира в аренду,"Сдается просторная 1-комнатная квартира (50 м²) на длительный срок рядом со станцией метро «Грушевка».

Квартира расположена на 6 этаже высотного дома",650.0,1890.27,False,https://re.kufar.by/vi/1074527464,,50.0,,12.0,3,10,6.0,,,,29,27.519619,53.889205,"Дзержинского пр, 22, Минск",Жанна,5.0
1074518944,2026-06-24T18:05:59Z,Сдаётся просторная и светлая 1-комнатная квартира,Сдаётся просторная и светлая 1-комнатная квартира 42кв метра. Городецкая 38.полуторка.7 этаж 9этажного дома. Рядом парк с детской площадкой. Гипермарк,0.0,0.0,False,https://re.kufar.by/vi/1074518944,280,42.0,18.0,,1,5,7.0,9.0,3,,24,27.675315,53.945677,"Городецкая ул, 38, Минск",Сергей Петрович,
1074517976,2026-06-24T17:52:32Z,Квартира 2 комнатная,"Сдаётся на длительный срок 2-х комнатная квартира.Желательно паре или семье.Частично с мебелью,но можно убрать (завести свою).Красивый вид из окна  на",450.0,1308.65,False,https://re.kufar.by/vi/1074517976,100,52.0,,,1,1,5.0,9.0,1,,24,27.6357,53.954256,"Тикоцкого ул, 40, Минск",Сергей,
1074510289,2026-06-24T16:51:34Z,"4-комнатная квартира, Космонавтов 22","Сдается новая, просторная 4-комнатная квартира с террасой с современным ремонтом по адресу: ул. Космонавтов, 22.

В квартире установлены новая мебель",1500.0,4362.15,True,https://re.kufar.by/vi/1074510289,,90.0,56.9,10.1,4,,1.0,5.0,3,2020.0,29,27.460789,53.852329,"Космонавтов ул, 22, Минск",ООО Центр недвижимости ГАЛАКТИКА,
1074503122,2026-06-24T15:57:04Z,"Аренда 2 кв. по ул. Макаёнка,12К","Сдается евродвушка с видом на парк Челюскинцев и современным ремонтом в престижном районе ЖК ""Парк Челюскинцев"". ул. Макаенка, 12К на 5 этаже 8 этажно",800.0,2326.48,True,https://re.kufar.by/vi/1074503122,,46.0,41.4,,3,,5.0,8.0,10,2023.0,24,27.624128,53.922379,"Макаёнка ул, 12К, Минск",Агентство недвижимости ''Юриэлт'' в Минске,
1074502521,2026-06-24T15:48:24Z,"Аренда 3 кв. по Берута,11А","С 20.07.2026 актуальна трехкомнатная квартира по адресу: ул. Берута, дом 11а. СМОТРЕТЬ МОЖНО УЖЕ СЕЙЧАС!!! Общая площадь квартиры - 92,8 кв. м. Полнос",750.0,2181.08,True,https://re.kufar.by/vi/1074502521,290,92.8,50.6,12.6,3,,8.0,16.0,4,2008.0,30,27.507025,53.901814,"Болеслава Берута ул, 11А, Минск",Агентство недвижимости Юриэлт в Минске,
1060545215,2026-06-24T15:48:11Z,Аренда квартир,"Комфорт в центре столицы.
Сдается дизайнерская просторная студия, полностью оборудованная всем необходимым.",700.0,2035.67,False,https://re.kufar.by/vi/1060545215,,54.0,38.0,,4,10,10.0,,3,,22,27.539194,53.905976,"Кальварийская ул, 4, Минск",Татьяна,3.0
1034782012,2026-06-24T12:05:44Z,"1 комн., этаж 4 из 7","КВАРТИРА БУДЕТ СДАВАТЬСЯ С 15 августа!

Сдается стильная евро-двухкомнатная квартира в уникальном месте в лучшем жилом комплексе Северный берег! Персп",850.0,2471.89,False,https://re.kufar.by/vi/1034782012,,40.0,,,1,10,4.0,7.0,2,2024.0,23,27.56740077223165,53.96190024121146,"Виталия Цвирко ул, 76, Минск",Гага,4.0
1074475501,2026-06-24T11:45:31Z,Сдам квартиру,"Отличная квартира есть всё необходимое для вашего комфортного проживания! Консьерж, 2 лифта, сдаётся только гражданам РБ, срок сдачи до 1 марта 2027 г",584.57,1700.0,False,https://re.kufar.by/vi/1074475501,,56.0,20.0,18.0,1,5,3.0,15.0,,,29,27.494951,53.877794,"Гурского ул, 41, Минск",Павел,
254471986,2026-06-24T11:38:20Z,К вашему вниманию 5-ти комнатная квартира,"К вашему вниманию 5-ти комнатная квартира возле парка.
Квартира в классическом исполнении с камином на дровах.
В квартире есть все необходимое для бол",3000.0,8724.3,True,https://re.kufar.by/vi/254471986,,176.2,132.4,40.4,1,10,3.0,4.0,3,1954.0,25,27.579851,53.90561,"Захарова ул, 27, Минск",ООО ''Фаттория Плюс'',
1057483462,2026-06-24T11:38:19Z,Предлагается в долгосрочную аренду просторная 4-комнатная квартира,"Предлагается в долгосрочную аренду просторная 4-комнатная квартира (140,7 кв. м по СНБ) в престижном кирпичном доме 2004 года постройки. 
Сдается двух",1200.0,3489.72,True,https://re.kufar.by/vi/1057483462,,140.7,91.2,9.8,3,10,7.0,9.0,3,2004.0,23,27.558894,53.91836,"Машерова пр, 50, Минск",ООО ''Фаттория Плюс'',6.0
1048181473,2026-06-24T11:37:23Z,"Квартира, 1 комн., 39.4 м², этаж 4 из 4, Нововиленская ул, 35","Уютная квартира расположена в самом живописном месте в центре города.
Четырёхэтажный дом на берегу реки Свислочь в парковой зоне.

Развитая инфраструк",850.0,2471.89,True,https://re.kufar.by/vi/1048181473,,39.4,26.1,,1,10,4.0,4.0,10,2021.0,22,27.531567,53.933306,"Нововиленская ул, 35, Минск",ООО ''Фаттория Плюс'',2.0
1061115214,2026-06-24T11:37:23Z,Трёхкомнатная квартира с продуманной планировкой,"Трёхкомнатная квартира с продуманной планировкой и качественной отделкой.

Сдается 3-комнатная квартира с хорошим дизайном и качественной техникой. Ср",800.0,2326.48,True,https://re.kufar.by/vi/1061115214,220,85.6,55.8,9.5,3,10,13.0,15.0,10,2012.0,23,27.585313,53.937483,"Тургенева ул, 1, Минск",ООО ''Фаттория Плюс'',2.0
1070528091,2026-06-24T11:36:39Z,Квартира в престижном клубном доме в центре Минска,"Квартира в престижном клубном доме в центре Минска

 

Полностью готова к проживанию. Все необходимое оборудование, предметы быта и мебели. Актуальная",1960.04,5700.0,True,https://re.kufar.by/vi/1070528091,,123.4,56.3,32.5,3,10,1.0,8.0,2,2014.0,29,27.543353,53.90309,"Короля ул, 8, Минск",ООО ''Фаттория Плюс'',
1074469022,2026-06-24T10:47:31Z,Сдача квартиры в долгосрочную аренду,"Сдам в долгосрочную аренду 2- х комнатную квартиру по адресу г.Минск, ул. Сурганова, 80. Выполнен косметический ремонт. Мебель, кухонная мебель, свч-",499.0,1451.14,False,https://re.kufar.by/vi/1074469022,,50.8,30.2,8.9,1,1,2.0,9.0,1,1992.0,23,27.580929,53.931111,"Сурганова ул, 80, Минск",Пользователь,2.0
1072371699,2026-06-24T08:43:16Z,Сдам квартиру,"Сдам на длительный срок уютную студию, с изолированным спальным местом с 15 сентября. Первое заселение. Для одного или двух жильцов без детей и животн",700.0,2035.67,False,https://re.kufar.by/vi/1072371699,170,33.6,30.2,,3,10,5.0,25.0,2,2022.0,28,27.541448,53.869194,"Белградская ул, 8, Минск",Галина,3.0
1074451074,2026-06-24T07:50:51Z,"Аренда 4-комнатной квартиры, Платонова 23","Квартира с террасой 75 м2 в центре города 

- Светлая дизайнерская квартира на последнем, 19-м этаже современного дома в центре Минска
- Площадь кварт",2300.0,6688.63,True,https://re.kufar.by/vi/1074451074,,215.2,119.18,,1,,19.0,19.0,4,2014.0,23,27.593128,53.909286,"Платонова ул, 23, Минск",ООО Центр недвижимости ГАЛАКТИКА,
1074349815,2026-06-23T19:28:21Z,Сдаётся новая 2ух комнатная квартира,"Первая сдача новой евродвушки на 19ом этаже 25 этажки, площадью 39.2 кв м. Современный дизайн и планировка. Просторная кухня-гостиная, спальня, гардер",618.96,1800.0,False,https://re.kufar.by/vi/1074349815,170,39.2,37.1,,4,5,19.0,25.0,,2025.0,28,27.555318,53.865499,"Николы Теслы ул, 28, Минск",Светлана,2.0
1074343148,2026-06-23T17:59:08Z,Сдам 1-комнатную квартиру с мебелью на длительный срок,"Сдам на длительный срок 1 комнатную меблированную квартиру, хороший ремонт, плитка в ванной, новая кухня, газовая плита, застеклённый балкон с вагонко",0.0,0.0,False,https://re.kufar.by/vi/1074343148,145,42.4,17.7,9.0,3,1,2.0,9.0,1,2002.0,27,27.587289,53.836105,"Прушинских ул, 10, Минск",Наталья,2.0
1068789639,2026-06-23T17:30:14Z,Квартира ЖК Каскад,"От собственника сдается роскошная элитная 2 комнатная квартира площадью 75м2 в ЖК Каскад на ул.Скрыганова на длительный срок. Выполнен свежий ремонт,",1500.0,4362.15,False,https://re.kufar.by/vi/1068789639,,75.0,,,4,10,3.0,25.0,,,30,27.516745,53.910034,"Скрыганова ул, 4, Минск",Сергей,2.0
1066095841,2026-06-23T16:50:27Z,"Аренда 3-комнатной квартиры, Победителей 127","Работаем по факту!
Просторная трехкомнатная квартира на длительный срок. Максимально укомплектована всей необходимой мебелью и техникой для комфортног",1950.0,5670.8,True,https://re.kufar.by/vi/1066095841,,90.6,52.2,,3,,6.0,,4,2014.0,22,27.467472,53.939767,"Победителей пр, 127, Минск",ООО Центр недвижимости ГАЛАКТИКА,
1074335326,2026-06-23T16:49:18Z,"Аренда 3-комнатной квартиры, Сурганова 88","Предлагаем в аренду просторную трехкомнатную квартиру с отличным ремонтом.

Для нанимателя отдельное парковочное место в подземном паркинге.

Квартира",700.0,2035.67,True,https://re.kufar.by/vi/1074335326,,96.7,59.8,16.6,3,,4.0,6.0,4,2003.0,23,27.57836,53.931946,"Сурганова ул, 88, Минск",ООО Центр недвижимости ГАЛАКТИКА,
1074323786,2026-06-23T15:07:18Z,"Сдается 1-комн. квартира Богдановича, 136","Если на 1/2/3 месяца 850 у е 
Квартира будет свободна с 17 августа.
Сдаётся комфортная просторная 1-комнатная квартира после ремонта (ещё никто не жил",650.0,1890.27,False,https://re.kufar.by/vi/1074323786,220,47.0,17.8,12.7,,10,,,,,23,27.584882,53.938501,"Максима Богдановича ул, 136, Минск",SY,
1074318201,2026-06-23T13:33:12Z,Двух комнатная квартира на танка.,"Квартира сдается с 3 июля. 
Два балкона.",650.0,1890.27,False,https://re.kufar.by/vi/1074318201,90,55.0,40.0,9.0,1,1,8.0,9.0,3,1987.0,22,27.533048522405377,53.90831418071112,"Максима Танка ул, 30к2, Минск",Славик,2.0
1049077053,2026-06-23T12:52:32Z,"Аренда 2-комнатной квартиры, Мира 1","Сдается светлая евро-двушка в ЖК «Минск Мир» 

 О квартире:
Уютная и современная планировка
Полностью укомплектована мебелью и техникой для комфортног",687.73,2000.0,True,https://re.kufar.by/vi/1049077053,170,40.4,34.9,,,,14.0,24.0,4,2020.0,28,27.549929,53.870007,"Мира пр, 1, Минск",ООО Центр недвижимости ГАЛАКТИКА,
1072610788,2026-06-23T07:46:20Z,Эксклюзив: аренда двухэтажной элитки в Минске,"Аренда VIP-уровня в Минске. Двухэтажная элитка для ценителей.Уникальное предложение для тех, кто привык к безупречному качеству. Потрясающая двухэтажн",1600.0,4652.96,True,https://re.kufar.by/vi/1072610788,,149.3,96.0,,4,5,8.0,9.0,1,1998.0,23,27.558894,53.91836,"Машерова пр, 50, Минск",ООО Агентство недвижимости ПАКОДАН ЭСТЕЙТ,
1074267683,2026-06-23T06:29:48Z,Большая комфортная квартира возле метро,"СДАЕТСЯ  просторная  3-комнатная квартира с  тремя раздельными комнатами  в престижном ЖК «Vogue» по адресу: ул.Макаенка, 12В, в одном из самых прести",1121.01,3260.0,True,https://re.kufar.by/vi/1074267683,,80.0,62.0,14.0,3,5,8.0,18.0,10,2019.0,24,27.625773,53.923742,"Макаёнка ул, 12В, Минск",Бюро Городской Недвижимости,
1074122399,2026-06-23T06:11:27Z,"Премиум квартира с итальянской мебелью  около леса и озера, с парковкой, территория огорожена","Апартаменты в классическом итальянском стиле.
Закрытая территория, всего 6 квартир — тишина и безопасность! 
Просторная гостиная с камином! 
Итальянск",2765.27,8041.68,False,https://re.kufar.by/vi/1074122399,,151.0,140.0,12.0,4,10,1.0,3.0,3,2008.0,23,27.580435,53.946185,"4-й Измайловский переулок, Минск",Екатерина,4.0
1074241795,2026-06-23T04:38:56Z,Сдаю квартиру на длительный срок,"3 мин до метро институт культуры,напротив Академия управления при президенте,1 остановка до ЖД вокзала и автовокзала",800.0,2326.48,False,https://re.kufar.by/vi/1074241795,,60.0,33.0,10.0,1,10,3.0,4.0,3,1970.0,29,27.538969,53.889592,"Московская ул, 12, Минск",Инна,4.0
1074219706,2026-06-22T17:40:31Z,Сдам квартиру,"Сдам 2-комнатную квартиру в центре города на длительный срок. Квартирира теплая, уютная.  В шаговой доступности магазины, автобусная остановка, рынок",584.57,1700.0,False,https://re.kufar.by/vi/1074219706,120,60.0,30.0,7.0,3,5,4.0,9.0,1,1996.0,23,27.579106,53.923424,"Куйбышева ул, 75, Минск",FRANCE,4.0
1074217375,2026-06-22T17:10:16Z,"Сдам 2х комнатную квартиру  в Минске, Фрунзенский","Сдам 2х комнатную квартиру, уютная возле метро Молодежная. Благоустроенная с мебелью, стиральной машиной и микроволновой печью. Обращаться только заин",412.64,1200.0,False,https://re.kufar.by/vi/1074217375,,44.9,,,2,1,1.0,5.0,1,,30,27.516071,53.909938,"Скрыганова ул, Минск",Nika,2.0
1068128704,2026-06-22T15:06:38Z,"Уютная Евродвушка на улице Семашко,4Д","Двухкомнатная квартира  на улице Семашко ,4Д в  престижном жилом комплексе « Петровские верфи».
В шаговой доступности станция метро «Петровщина».
Прос",700.0,2035.67,False,https://re.kufar.by/vi/1068128704,225,47.8,35.4,18.8,3,5,13.0,18.0,10,2022.0,29,27.494781,53.863848,"Семашко ул, 4Д, Минск",Раиса Петровна,3.0
1074199431,2026-06-22T14:30:31Z,Трехкомнатная  Квартира возле метро,"Трех комнатная квартира возле метро Аэродромная, ТЦ Авиа Молл",1200.0,3489.72,True,https://re.kufar.by/vi/1074199431,170,64.0,,,1,10,12.0,25.0,2,2024.0,28,27.547287,53.864968,"Игоря Лученка ул, Минск",OOO КАЛДОРА,3.0
1064110706,2026-06-22T14:14:11Z,Современная трехкомнатная с мебелью (Минск-Мир),Вашему вниманию мы рады предложить уютную и современную трехкомнатную квартиру в аренду на восемнадцатом этаже девятнадцатиэтажного дома 2021 года пос,800.0,2326.48,True,https://re.kufar.by/vi/1064110706,170,63.4,46.3,,4,10,18.0,19.0,10,2021.0,28,27.533160880950692,53.870047630425006,"Николы Теслы ул, 8, Минск",Ассистанс Хэлс Риэлт,3.0
1069057646,2026-06-22T13:38:11Z,Сдам квартиру в аренду,"Сдам квартиру гражданам РБ. Рядом есть парковая зона, ст метро «Уручье» в 4 минутах ходьбы .",750.0,2181.08,False,https://re.kufar.by/vi/1069057646,280,85.0,,11.0,4,10,2.0,13.0,3,2001.0,24,27.686405954134706,53.94808328367565,"Городецкая ул, 11к2, Минск",Элина,3.0
1074194625,2026-06-22T13:25:26Z,Аренда,"Сдается светлая 1-комнатная квартира в доме комфорт-класса. Выход из подъезда — и вы через 1 минуту на станции метро «Петровщина». Для тех, кто устал",590.0,1715.78,False,https://re.kufar.by/vi/1074194625,320,45.0,18.0,11.0,3,5,6.0,25.0,10,2016.0,29,27.483812,53.865717,"Газеты Правда пр, 17, Минск",Екатерина,1.0
1072512022,2026-06-22T09:06:15Z,"Аренда 2 кв. по просп. Пушкина, 67","Квартира сдаётся только гражданам РБ, не больше двух человек, без животных.

В квартире никто не зарегистрирован, коммунальные платежи 100 %.

2х-комн",447.03,1300.0,True,https://re.kufar.by/vi/1072512022,205,59.9,37.2,7.7,3,,8.0,12.0,1,1976.0,30,27.493731,53.916248,"Пушкина пр, 67, Минск",Агентство недвижимости ''Юриэлт'' в Минске,
1074163973,2026-06-22T08:48:49Z,Сдам 3-х комн квартиру  возле  метро ''Московская'',Сдается трехкомнатная квартира ( 110 м кв.) в частном коттедже.Отдельный вход. Уровень 3 этажа. Для молодых людей ( не более 3-х человек) (крутая лест,756.51,2200.0,False,https://re.kufar.by/vi/1074163973,,110.0,,,1,1,3.0,3.0,,,24,27.619835,53.935251,"Ватутина ул, 31, Минск",Виктор Михайлович,
1073177816,2026-06-22T07:37:12Z,Сдам квартиру,"Сдам 3 х комнатную квартиру гостям нашей страны  в центре Минска ст. м Немига.
Дом ""Панарама"" Сторожевская,8 находиться в самом центре города и в одно",0.0,0.0,False,https://re.kufar.by/vi/1073177816,260,62.0,42.0,9.0,1,1,6.0,9.0,3,,22,27.555453,53.912972,"Сторожовская ул, 8, Минск",Лилия,
1034096439,2026-06-22T05:43:29Z,Сдам квартиру на длительный срок,Сдам на длительный срок 1 комнатную квартиру. .Дизайнерский ремонт .Шикарный вид из окна на парк Челюскинцев.Дом премиум класса с подземным паркингом,880.0,2559.13,False,https://re.kufar.by/vi/1034096439,,52.0,,,,10,22.0,25.0,,2020.0,24,27.624021,53.921785,"Макаёнка ул, 12Л, Минск",Павел,3.0
1060663658,2026-06-22T05:42:54Z,Аренда квартиры на длительный срок,СДАЕТСЯ уютная однокомнатная квартира  с живописным панорамным видом и современным ремонтом в престижном ЖК «Парк Челюскинцев» по адресу: пр Независим,850.0,2471.89,False,https://re.kufar.by/vi/1060663658,,40.0,35.0,,1,10,12.0,14.0,10,2021.0,24,27.622575,53.924893,"Независимости пр, 88, Минск",Наталья,2.0
1074106856,2026-06-21T19:28:05Z,"Снять 4-комнатную квартиру, г. Минск, ул. Космонавтов, 22/2","Просторная 4-комнатная квартира с дизайнерским ремонтом и большой террасой для долгосрочной аренды с серидины июля/начало августа.

Квартира полностью",1500.0,4362.15,False,https://re.kufar.by/vi/1074106856,,112.4,90.0,10.0,3,5,1.0,3.0,1,2020.0,29,27.460798,53.852329,"Космонавтов ул, 22, Минск",Елизавета,4.0
1046084371,2026-06-21T19:26:17Z,сдам квартиру,Сдам двухкомнатную квартиру в центре Минска по ул. Тимирязева  10. для строителей в количестве 7 человек. Есть все самое необходимое для проживания: к,1050.0,3053.5,False,https://re.kufar.by/vi/1046084371,,60.0,33.0,11.0,4,1,8.0,24.0,2,2017.0,22,27.524955,53.913481,"Тимирязева ул, 10, Минск",Екатерина,9.0
1074097674,2026-06-21T17:18:43Z,"Предложение о сдаче 1-комнатной квартиры на Ротмистрова, 14","Предложение о сдаче 1-комнатной квартиры. Квартира от собственника, после ремонта, Ротмистрова, 14, Минск, на длительный срок. 8-й этаж 9-и этажного д",775.42,2255.0,False,https://re.kufar.by/vi/1074097674,310,33.0,18.0,8.0,1,5,8.0,9.0,1,,26,27.694683,53.838953,"Ротмистрова ул, 14, Минск",Владислав,
1074077464,2026-06-21T14:14:23Z,Аренда квартиры,"Сдается квартира после ремонта. 
кухня 12 м
комната 22м ( кровать и диван )
два оборудованных балкона под рабочее место",600.0,1744.86,False,https://re.kufar.by/vi/1074077464,150,50.0,,,1,5,17.0,19.0,2,2013.0,29,27.452533,53.845928,"Слободская ул, 125, Минск",Андрей,
1074040924,2026-06-21T08:03:26Z,Сдаётся 2 комнатная квартира Пионерская 36,"Сдаётся 2 комнатная квартира с большой террасой
Пионерская 36",1203.53,3500.0,False,https://re.kufar.by/vi/1074040924,195,80.0,,,1,,2.0,6.0,,,22,27.481674,53.939253,"Пионерская ул, 36, Минск",ул. Пионерская,2.0
1057978262,2026-06-21T07:54:38Z,"Аренда 1-комнатной квартиры, Нововиленская 57","Работаем по факту!
Сдаётся студия в ЖК «Левада» — воплощённый в жизнь дизайн‑проект с потрясающим видом.
Квартира актуальна с конца июля и сдается на",650.0,1890.27,True,https://re.kufar.by/vi/1057978262,,36.0,29.8,,3,,7.0,9.0,2,,22,27.52969,53.936279,"Нововиленская ул, 57, Минск",ООО Центр недвижимости ГАЛАКТИКА,
1074003340,2026-06-21T04:49:02Z,Квартира,"сдается двухкомнатная квартира, раздельные 2 большие комнаты
, два TV, два кондиционера,
 есть всё для комфортного проживания, тихое уютное место, ква",790.0,2297.4,False,https://re.kufar.by/vi/1074003340,30,69.0,46.0,12.0,1,5,7.0,20.0,10,2015.0,29,27.47994522624105,53.85414254595203,"Чюрлёниса ул, 8, Минск",Женя,4.0
1045672452,2026-06-20T18:00:52Z,Сдать квартиру,Новая квартира с современным ремонтом оборудована всем необходимым.в шаговой доступности остановки общественного транспорта до метро автозаводская и п,928.44,2700.0,False,https://re.kufar.by/vi/1045672452,,45.0,30.0,8.0,1,5,15.0,17.0,10,2023.0,26,27.635744,53.862143,"Виктора Ливенцева ул, Минск",Валентина,4.0
1073963064,2026-06-20T14:21:28Z,Ищем квартиру для съема в Минске,"Молодая семья ищет квартиру для съема в Минске, в районе парка Челюскинцев - зеленый луг( или где-то рядом с ними). Без вредных привычек, детей и живо",0.0,0.0,False,https://re.kufar.by/vi/1073963064,,10.0,,,,,,,,,24,27.613376,53.924166,Минск,дана,
1073953383,2026-06-20T12:53:28Z,Евротрешка 56м2,"Евротрешка. 2 спальни. Зал с кухней совмещен. Балкон, лоджия, вся техника имеется. К сдаче для 1-2 человек. На несколько месяцев не сдается.",770.0,2239.24,False,https://re.kufar.by/vi/1073953383,170,56.0,,,1,10,4.0,16.0,2,2023.0,28,27.527488,53.867766,"Лейтенанта Кижеватова ул, 1, Минск",Настя,2.0
1063963105,2026-06-20T11:58:27Z,"Сдам 1-ную квартиру ул Волгоградская д 59, 10 мин ст м Челюскинцев, 15 мин ст м Московская, 20 мин К","1500 руб!!!Звоните ! Сдаю 1-ную квартиру ул Волгоградская д 59, 10 мин ст м Парк Челюскинцев, 15 мин ст м Московская, 20 мин ст м Колоса. В квартире В",515.8,1500.0,False,https://re.kufar.by/vi/1063963105,,35.0,,,1,5,,,,,24,27.609244,53.937456,"Волгоградская ул, 59, Минск",Светлана,1.0
1073855533,2026-06-19T15:50:02Z,"Сдаётся уютная 2-комнатная квартира в центре Минска  ул. Карастояновой, 39","Сдаётся уютная 2-комнатная квартира в центре Минска!
 ул. Карастояновой, 39

Светлая, аккуратная и ухоженная квартира расположена на комфортном 4 этаж",600.0,1744.86,False,https://re.kufar.by/vi/1073855533,,60.0,40.0,7.0,1,5,4.0,5.0,3,1967.0,22,27.565379,53.938511,"Лили Карастояновой ул, 39, Минск",Нелли,
1073836625,2026-06-19T14:44:38Z,Аренда 3 комнатной квартиры,"Сдаются 3 комнаты в 4 комнатной квартире с аккуратным ремонтом оснащенной всем для комфорта и уюта: мебель, бытовая техника, имеется посудомоечная маш",800.0,2326.48,False,https://re.kufar.by/vi/1073836625,30,77.8,,10.2,4,5,7.0,9.0,1,2008.0,29,27.488304,53.84782,"Наполеона Орды ул, 37, Минск",Наталья,
1073814123,2026-06-19T10:52:09Z,Аренда квартира ул.Репина,"Сдается квартира в центре. Рядом центральные парки ,школы ,магазины ,рестораны ,кафе ,спорт залы ,бассейн …
Удобное расположение. 
Есть все необходимо",1050.0,3053.5,False,https://re.kufar.by/vi/1073814123,,79.0,65.0,13.0,3,5,8.0,10.0,3,,22,27.527447962509996,53.912698552992694,"Репина ул, 4, Минск",..,
1073811121,2026-06-19T10:13:21Z,Квартира в Центре,Сдам 2 комнатную квартиру В Центре Минска все в шаговой доступности все интересующие вопросы  по тел,650.0,1890.27,False,https://re.kufar.by/vi/1073811121,,48.0,38.0,6.0,2,10,1.0,5.0,2,1990.0,22,27.562343,53.931429,"Орловская ул, 13, Минск",Екатерина,2.0
1073773482,2026-06-19T07:34:23Z,Новая уютная квартира,"Новая квартира. В квартире выполнен ремонт из высококачественных материалов. 
Укомплектована необходимой мебелью и бытовой техникой.
Для хранения одеж",550.0,1599.46,False,https://re.kufar.by/vi/1073773482,220,49.6,18.9,12.4,3,5,8.0,16.0,1,2023.0,23,27.600495,53.942518,"Восточная ул, 139, Минск",Лариса,2.0
1073724264,2026-06-18T18:56:27Z,Квартира в Минске,"Здравствуйте! Две работающие девушки, спокойные, аккуратные ищем двухкомнатную квартиру. Желательно фрунзенский или центральный район.
Обязательно нал",500.0,1454.05,False,https://re.kufar.by/vi/1073724264,,40.0,,,,1,,,,,22,27.510833021387754,53.940390333016424,"Официальная резиденция Президента Республики Беларусь Дрозды, Минск",Колесова Лиза,
1073318203,2026-06-18T11:57:48Z,Недвижимость,"Сдам студию на срок от года по договору найма возле метро Аэродромная 
-гражданам рб
-одному человеку
-без ЖИВОТНЫХ (это не шутка)
-не курящим
В случа",500.0,1454.05,False,https://re.kufar.by/vi/1073318203,170,24.0,17.0,,3,1,21.0,25.0,2,2023.0,28,27.550027,53.862977,"Игоря Лученка ул, 26, Минск",Екатерина,1.0
1073615994,2026-06-18T09:46:09Z,Сдача квартиры,"Просторная, обустроенная,  уютная квартира в районе Института культуры по ул. Московской, д. 1 г. Минск. Рядом развитая инфраструктура, близость к ста",700.0,2035.67,False,https://re.kufar.by/vi/1073615994,,76.0,,,1,5,4.0,,3,,28,27.539059,53.888552,"Московская ул, Минск",Елена,3.0
1004877260,2026-06-18T05:12:36Z,Квартира,Квартира ищет своих порядочных жильцов. Никто не жил.. Новая квартира с мебелью. отличный ремонт.,800.0,2326.48,False,https://re.kufar.by/vi/1004877260,170,60.0,,,4,10,6.0,15.0,,2023.0,28,27.528647,53.869725,"Михаила Савицкого ул, 2, Минск",игорь,6.0
1073527877,2026-06-17T20:46:36Z,Сдам однокомнатную квартиру возле ст.м. Пушкинская,Сдам однокомнатную квартиру возле ст.м. Пушкинская. 3 минуты до метро.,500.0,1454.05,False,https://re.kufar.by/vi/1073527877,205,31.0,16.4,5.8,1,,3.0,5.0,1,1968.0,30,27.490154,53.910405,"Данилы Сердича ул, 6, Минск",Андрей,2.0
1073526080,2026-06-17T20:06:10Z,Аренда евродвушка,"Евродвушка, отдельная спальня с двуспальной кроватью, два встроенных шкафа с зеркалами и др. Рядом находится ТЦ Авиамол и там же метро (пешком около 7",687.73,2000.0,False,https://re.kufar.by/vi/1073526080,170,38.0,22.0,9.0,3,10,18.0,25.0,2,2024.0,28,27.555094,53.86251,"Игоря Лученка ул, 31, Минск",Димон,2.0
1073504420,2026-06-17T16:31:48Z,Эксклюзивная 2-комнатная квартира,"Эксклюзивная 2-комнатная квартира в «Леваде» с выходом на собственную террасу с панорамными видами на Свислочь и город.

Сдается новая просторная двух",1513.02,4400.0,True,https://re.kufar.by/vi/1073504420,,63.3,37.2,,3,5,8.0,9.0,2,2025.0,22,27.52792,53.936683,"Нововиленская ул, 61, Минск",ООО ''Фаттория Плюс'',
1056173262,2026-06-17T12:56:09Z,"Аренда 3-комнатной квартиры, Победителей 47/1","Работаем по факту!
Сдается на длительный срок 3-комнатная квартира.

Квартира расположена напротив парковой зоны Комсомольское озеро, рядом ТЦ «Галере",928.44,2700.0,True,https://re.kufar.by/vi/1056173262,,63.07,37.38,7.56,3,,14.0,16.0,3,1984.0,22,27.533194,53.916462,"Победителей пр, 47к1, Минск",ООО Центр недвижимости ГАЛАКТИКА,
1059465131,2026-06-17T12:56:09Z,"Дизайнерская новая 1-комнатная квартира в ЖК ''Парк Челюскинцев'' по адресу: ул. Макаенка, д. 12Л","ПЕРВОЕ ЗАСЕЛЕНИЕ!

Сдается новая дизайнерская 1-комнатная квартира с шикарным видом на парк в ЖК ""Парк Челюскинцев"" по адресу: ул. Макаенка, д. 12Л.
В",800.0,2326.48,True,https://re.kufar.by/vi/1059465131,,39.2,31.1,,3,,4.0,25.0,4,2020.0,24,27.624,53.9218,"Макаёнка ул, 12Л, Минск",ООО Центр недвижимости ГАЛАКТИКА,
1073480858,2026-06-17T12:51:18Z,"Аренда 1-комнатной квартиры, Щорса 42","Сдается уютная квартира в новом доме, расположена в 2 минутах пешком от станции метро Грушевка. В подъезде четыре лифта.

Квартира полностью меблирова",650.0,1890.27,True,https://re.kufar.by/vi/1073480858,,42.2,16.08,10.0,3,,17.0,29.0,4,2024.0,29,27.514381,53.887959,"Щорса ул, 42, Минск",ООО Центр недвижимости ГАЛАКТИКА,
1073474560,2026-06-17T12:13:57Z,Сдам на длительный срок 1 комнатную в  Минск Мир,"Сдам на длительный срок 1 комнатную студию квартиру г.Минск, ул.Братская, 4  метро Аэродромная, ЖК «Minsk World», квартал Эмиратс, дом Марина 2 ,площа",650.0,1890.27,False,https://re.kufar.by/vi/1073474560,170,30.0,25.0,5.0,1,10,8.0,16.0,10,2020.0,28,27.553225,53.870506,"Братская ул, 4, Минск",Василий Васильевич,2.0
1073451096,2026-06-17T08:13:40Z,"Сдам 3 - х комнатная ЦЕНТР, ул Леонида Беды","Сдам 3 - х комнатная евроремонт. Центр ул Леонида Беды 26.
Жилье премиум класса,
2 квартиры на этаже, всего 16 квартир в подъезде. кирпичный дом, кухн",799.0,2323.57,False,https://re.kufar.by/vi/1073451096,220,90.0,75.0,15.0,3,10,2.0,9.0,,2016.0,23,27.592931,53.935299,"Леонида Беды ул, 26, Минск",Александр,6.0
1073361940,2026-06-16T14:25:38Z,Двухкомнатная квартира в тихом районе не далеко от станции Восток,"Сдается двухкомнатная квартира в тихом и экологически чистом районе города Минска. Станция метро Восток 790 метров. Лес, озеро, и велодорожки в 300 м.",336.99,980.0,False,https://re.kufar.by/vi/1073361940,45,46.0,39.0,6.1,1,1,3.0,5.0,1,1970.0,24,27.651204,53.934478,Минск,Ольга,2.0
1049152549,2026-06-16T12:53:11Z,2-комнатная квартира в ЖК D3 Победителей 135 с ПАРКИНГОМ,"Работаем по факту!
Сдаётся уютная 2-комнатная квартира 71 кв.м в уникальном жилом комплексе D3 по адресу: проспект Победителей, 135А — с парковочным м",1300.0,3780.53,True,https://re.kufar.by/vi/1049152549,,71.0,63.1,,1,,5.0,26.0,2,2017.0,22,27.461803,53.942848,"Победителей пр, 135А, Минск",ООО Центр недвижимости ГАЛАКТИКА,
1072954295,2026-06-16T12:25:08Z,Сдача квартиры в аренду,"Сдается уютная и стильная квартира с дизайнерским ремонтом, новой мебелью и бытовой техникой. В квартире имеется гардеробная, просторная ванная комнат",650.0,1890.27,False,https://re.kufar.by/vi/1072954295,,44.0,30.0,6.0,1,10,2.0,4.0,1,1960.0,24,27.61819296766313,53.934423053829114,"Волгоградская ул, 27, Минск",Татьяна,3.0
1073330157,2026-06-16T10:15:53Z,Аренда 1-комн квартиры у метро от собственника.,"Сдается уютная, светлая, теплая 1-комн. квартира (общ. площадь 49 м.кв). От собственника. Возле метро. Солнечная сторона (запад). Окна во двор (отсутс",500.0,1454.05,False,https://re.kufar.by/vi/1073330157,55,49.0,20.5,12.3,1,1,6.0,13.0,10,2013.0,29,27.515438068786487,53.88512922028929,"Щорса ул, 11, Минск",Максим,1.0
1073328159,2026-06-16T09:46:05Z,"8 комнатная квартира с башней на 30 спальных мест пл. Победы, вид на фонтан. В 7 раз ДЕШЕВЛЕ","В аренду - 8 комнатная квартира с башней, от собственника на 30 спальных мест.
Площадь 150 кв. метров.
Три санузла.
В тихом центре на пл. Победы, с ви",3150.0,9160.52,False,https://re.kufar.by/vi/1073328159,,150.0,120.0,20.0,,10,5.0,5.0,3,,22,27.571856,53.90832,"Независимости пр, 31, Минск",Алекс,10.0
1073321762,2026-06-16T08:41:59Z,Сдаётся 1-комнатная квартира-студия в ЖК «Нарочанский» (Лебяжий),"Сдаётся 1-комнатная квартира-студия в ЖК «Нарочанский» (Лебяжий)

г. Минск, ул. Мястровская, 8

Современная светлая квартира площадью 38,9 м² с качест",629.28,1830.0,True,https://re.kufar.by/vi/1073321762,,36.6,15.9,10.0,3,5,15.0,22.0,10,,22,27.475674,53.934212,"Мястровская ул, 8, Минск",ООО ''Оператор недвижимости ''Перспектива24-Развитие'',2.0
1073320659,2026-06-16T08:30:59Z,Квартира для организации и их сотрудников,"Ищете удобное жилье на время вахты? У нас есть несколько вариантов для временного проживания.
Эта квартира расположена в непосредственной близости от",0.0,0.0,True,https://re.kufar.by/vi/1073320659,125,74.0,,,1,1,2.0,9.0,4,,30,27.42486282012876,53.89611681867653,"Мазурова ул, 20, Минск",ИП Тестов Н.Н.,10.0
1073309649,2026-06-16T07:22:49Z,Студия возле метро в аренду,"Сдается уютная студия в шаговой доступности от метро Аэродромная и ТРЦ Avia Mall! Идеально для отдыхающих и студентов, которые ценят комфорт и свое вр",515.8,1500.0,False,https://re.kufar.by/vi/1073309649,170,28.9,21.6,,4,5,7.0,19.0,,2022.0,28,27.544664,53.868578,"Николы Теслы ул, 18, Минск",Татьяна,
1072365417,2026-06-15T18:07:40Z,"Аренда 1-комнатной квартиры, длительно, метро Грушевка","Уютная 1-квартира с мебелью и техникой (кондиционер, холодильник, стиральная машина,проточный бойлер, посудомоечная машина, микроволновая печь, варочн",670.0,1948.43,False,https://re.kufar.by/vi/1072365417,,42.2,16.1,10.0,3,10,17.0,23.0,10,2024.0,29,27.514382,53.887958,"Щорса ул, 42, Минск",Ольга,2.0
1073230906,2026-06-15T15:16:55Z,Сдаётся однокомнатная квартира на длительный срок,"Сдаётся однокомнатная квартира на длительный срок. Желательно для семьи/пары. Современный дизайн интерьера. Качественные отделочные материалы, мебель",520.0,1512.21,False,https://re.kufar.by/vi/1073230906,240,42.0,17.2,9.0,1,10,8.0,9.0,1,2012.0,25,27.618587,53.900374,"Фроликова ул, 31А, Минск",Елена,4.0
249353592,2026-06-15T12:00:04Z,"Однокомнатная квартира от 1 месяца, недели.",Сдам квартиру от одного месяца (возможно  недели). В квартире есть все необходимое для проживания. Без детей и домашних животных. Оплата +коммун. Аген,518.49,1507.82,False,https://re.kufar.by/vi/249353592,80,33.8,,,1,1,,9.0,,1986.0,30,27.451195,53.895111,"Якубовского ул, 36, Минск",Юлия,2.0
1012032341,2026-06-15T11:29:52Z,Просторная 2-комнатная квартира рядом с парком,"Сдается в аренду на длительный срок просторная 2-комнатная квартира в элитном доме. Престижный и тихий район в центре Минска. Площадь 95м 2 .  

Кварт",899.0,2614.38,True,https://re.kufar.by/vi/1012032341,,95.0,54.0,18.0,3,1,3.0,7.0,3,2002.0,22,27.529,53.914,"Чехова ул, Минск",Бюро Городской Недвижимости,
1073189330,2026-06-15T08:55:48Z,Аренда квартиры Беды 33,"-ДОЛГОСРОЧНАЯ АРЕНДА с 13 июля 
-БЕЗ ДОМАШНИХ ЖИВОТНЫХ 
-КУРИТЬ В КВАРТИРЕ ЗАПРЕЩЕНО 
Квартира сдается Леонида Беды 33
Год постройки 2014 второй этаж",515.8,1500.0,False,https://re.kufar.by/vi/1073189330,220,44.2,,,1,5,2.0,,3,,23,27.593137,53.937393,"Леонида Беды ул, 33, Минск",Натали,
1073172337,2026-06-15T06:55:37Z,Сдам квартиру,"Будет стараться 3х комнатная квартира, с 1.07, после косметического ремонта, на длительный срок. Состояние квартиры хорошее, без мебели, есть только н",500.0,1454.05,False,https://re.kufar.by/vi/1073172337,100,73.0,,7.0,1,1,2.0,9.0,1,,24,27.640245805988542,53.951365994726295,"Тикоцкого ул, 50к1, Минск",Любовь,
1073170655,2026-06-15T06:33:37Z,Сдается в долгосрочную аренду стильная евр-2 квартира в ЖК ''Северный Берег'',"Сдается в долгосрочную аренду стильная евр-2 квартира в одном из самых современных жилых комплексов Минска — «Северный Берег».

Адрес: ул. Виталия Цви",1143.36,3325.0,True,https://re.kufar.by/vi/1073170655,,51.7,45.7,,3,5,5.0,7.0,10,2024.0,23,27.566053,53.961953,"Виталия Цвирко ул, 78, Минск",ООО ''Оператор недвижимости ''Перспектива24-Развитие'',2.0
1073165688,2026-06-15T05:56:03Z,Сдам 1-комнатную квартиру ОЛЕШЕВА,"Квартира в отличном состоянии. В доме есть лифт, подземный паркинг, Хорошее транспортное сообщение, рядом магазины и торговый центр, парк. В квартире",550.0,1599.46,False,https://re.kufar.by/vi/1073165688,,40.0,32.0,8.0,3,5,6.0,9.0,4,2019.0,23,27.602426,53.945761,"Олешева ул, 5, Минск",Eлена,
1073134857,2026-06-15T04:22:59Z,Сдается однокомнатная квартира ул.Космонавтов 14,"Сдается уютная, однокомнатная квартира по адресу Космонавтов 14. 10 минут пешком до станции метро Малиновка, рядом остановка общественного транспорта.",450.0,1308.65,False,https://re.kufar.by/vi/1073134857,,37.0,17.0,10.0,3,5,4.0,10.0,1,2012.0,29,27.463286,53.853455,"Космонавтов ул, 14, Минск",Руслан,
1073066211,2026-06-14T19:53:06Z,Аренда квартиры,"Сдается в районе квартала ДЕПО чистая, ухоженная, уютная, ранее не сдавалась, двухкомнатная квартира после ремонта, полностью меблирована",722.12,2100.0,False,https://re.kufar.by/vi/1073066211,,60.0,30.0,6.0,1,5,3.0,5.0,3,1950.0,25,27.576184943363586,53.90875907521937,"Независимости пр, 40, Минск",Алина Маслова,4.0
1073124980,2026-06-14T18:43:58Z,В микрорайоне ''Лебяжий'' сдаётся уютная 1 к квартира с отдельной маленькой спальней (евродвушка),"В микрорайоне "" Лебяжий "" по договору сдаётся уютная 1к квартира 42 кв м, в доме повышенной комфортности, по адресу Ратомская 7.  Квартира выполнена к",500.0,1454.05,False,https://re.kufar.by/vi/1073124980,210,42.0,,,3,,,,,,22,27.459809,53.942195,"Ратомская ул, 7, Минск",Георгий,
1073106189,2026-06-14T16:13:00Z,Сдается 2-комнатная квартира,"Квартира с хорошим ремонтом, светлая и уютная - сдается на длительный срок.  В квартире есть вся необходимая мебель и бытовая техника. Дом с консьерже",650.0,1890.27,False,https://re.kufar.by/vi/1073106189,105,64.0,31.0,10.0,3,1,13.0,22.0,,2012.0,30,27.428512,53.908076,"Притыцкого ул, 158, Минск",Татьяна,2.0
1073089791,2026-06-14T13:29:44Z,Сдается 1 комнатная квартира,"Сдается 1 комнатная квартира (студия) 27кв. с отличным видом на длительный срок (не менее 1 года). Минск - Мир, метро Аэродромная. Квартира полностью",515.8,1500.0,False,https://re.kufar.by/vi/1073089791,170,27.0,,,1,5,14.0,25.0,5,2024.0,28,27.528611,53.872491,"Брилевская ул, 25, Минск",Юля,2.0
1064948162,2026-06-14T07:51:53Z,"Смолячкова 4, трехкомнатная квартира, Смолячкова 4","Трёхкомнатная квартира по адресу: Смолячкова 4 со всеми сопутствующими удобствами (паркинг, консьерж, видеонаблюдение, закрытая парковка, лифт) в само",1200.0,3489.72,True,https://re.kufar.by/vi/1064948162,,56.8,30.3,18.5,4,,5.0,7.0,4,2013.0,23,27.583704,53.90934,"Смолячкова ул, 4, Минск",ООО Центр недвижимости ГАЛАКТИКА,
1072945624,2026-06-13T11:03:16Z,1 комнатная Квартира,Уютная светлая квартира на месяц два три. Регистрация Первомайский Фрунзенский Московский Центральный район г Минска.,1065.99,3100.0,False,https://re.kufar.by/vi/1072945624,,36.0,20.0,6.0,2,1,2.0,8.0,3,1965.0,24,27.607609,53.924092,"Калинина ул, 1, Минск",Игорь,2.0
1072584386,2026-06-13T10:20:56Z,Сдам двухкомнатную квартиру,"Сдам с 01 Августа  2026г.2-х комнатную в микрорайоне Сокол:30мин.езды на автобусе 112С от метро «Могилевская»,проезд 1р.Прихожая:шкаф для одежды и обу",343.87,1000.0,False,https://re.kufar.by/vi/1072584386,245,54.0,32.0,9.4,3,5,4.0,5.0,1,1987.0,28,27.906326,53.877619,"Барамзиной ул, 6, Минск",Александр,2.0
1072940571,2026-06-13T09:56:26Z,"Сдается квартира по ул. Игнатовского, д.1","Добрый день! 
Сдаётся однокомнатная квартира по улице Игнатовского, д.1 (на длительный срок и 56 кв.м). Мебель включает: шкаф-купе (девушки оценят) и",475.0,1381.35,False,https://re.kufar.by/vi/1072940571,65,56.0,42.0,10.0,1,1,4.0,9.0,2,2014.0,30,27.449847,53.922936,"Всеволода Игнатовского ул, Минск",Alex,2.0
1072932919,2026-06-13T08:30:40Z,аренда квартиры,"сдаю 3-х комнатную квартиру на длительный срок, полностью меблированная, сигнализация, тихий зеленый район, в пешей доступности магазины, остановки об",636.15,1850.0,False,https://re.kufar.by/vi/1072932919,100,70.0,40.0,9.0,3,5,4.0,5.0,3,,23,27.615946,53.951691,"Кольцова ул, 3, Минск",Оксана,3.0
1064804625,2026-06-13T07:49:34Z,Современная 3-комнатная квартира с шикарным видом на водохранилище в ЖК ''Д3'' в аренду,"Сдается современная 3-комнатная квартира с шикарным видом на водохранилище  в ЖК ""Д3"" по адресу: пр-т Победителей, д.135Б. В стоимость включено машино",3000.0,8724.3,True,https://re.kufar.by/vi/1064804625,,112.0,97.4,,3,,14.0,26.0,4,2018.0,22,27.461246,53.94326,"Победителей пр, 135Б, Минск",ООО Центр недвижимости ГАЛАКТИКА,
1068090630,2026-06-13T07:43:19Z,Квартира,"Сдаётся прекрасная 2-х комнатная квартира студия. 
В квартире есть всё: вай-фай, кондиционер, бойлер, стиральная машина, телевизор, бельё, холодильник",720.0,2093.83,False,https://re.kufar.by/vi/1068090630,,70.0,45.0,10.0,3,5,4.0,9.0,,2016.0,24,27.60664002472506,53.92797776263335,"Кузьмы Чорного ул, 25, Минск",1234,4.0
1072840006,2026-06-12T12:53:33Z,"Аренда 4-комнатной квартиры, 4-й переулок Кольцова 91","Сдается   шикарная  4 - комнатная квартира в 
 в таун-хаусе .  4 комнаты (Кухня- гостиная + 3 изолированные комнаты) , 2 сан. узла,  2 лоджии,  собств",1300.0,3780.53,True,https://re.kufar.by/vi/1072840006,,120.0,90.0,,3,,,,4,,23,27.589813,53.952755,"4-й переулок Кольцова, 91, Минск",ООО Центр недвижимости ГАЛАКТИКА,
1072817185,2026-06-12T09:01:50Z,Сдаётся уютная 1-комнатная квартира с евроремонтом,"Отличное расположение - в пешей доступности центр города и станции метро трёх линий. Рядом магазины, школы, детские сады, остановки транспорта, зелёна",481.41,1400.0,False,https://re.kufar.by/vi/1072817185,,31.0,17.1,6.0,1,5,3.0,5.0,3,1964.0,29,27.521218,53.897514,"Волоха ул, 10, Минск",Владимир,2.0
1072800263,2026-06-12T06:39:37Z,Сдача квартиры,Сдается квартира на длительный срок паре без животных. Свежий ремонт. 50 метров до станции метро каменная горка. Рядом ТЦ Грин. Все в шаговой доступно,546.75,1590.0,False,https://re.kufar.by/vi/1072800263,80,42.0,18.0,9.0,1,,7.0,,10,,30,27.43720611712493,53.90622971087021,"Притыцкого ул, 97, Минск",Алла,
1070685027,2026-06-11T20:06:19Z,"3-комнатная, Минск Мир, у ст. м. Аэродромная","Сдам современную 3-комнатную квартиру (2 изолированные спальни + кухня-гостиная) в Минске, без посредников от собственника.

Квартира расположена в 5",1050.0,3053.5,False,https://re.kufar.by/vi/1070685027,170,55.0,41.0,16.0,3,10,8.0,16.0,2,2018.0,28,27.553225,53.870506,"Братская ул, 4, Минск",Виктор,4.0
1050815927,2026-06-11T16:48:24Z,"Аренда 2-комнатной квартиры, Казарменный 5А","Предлагается в аренду стильная 2-ух комнатная квартира в ""Сталинке"" у реки.
Качественный современный ремонт в светлых тонах. Металлическая дверь, стек",850.0,2471.89,True,https://re.kufar.by/vi/1050815927,,60.2,31.3,7.3,2,,4.0,5.0,3,1957.0,27,27.573644,53.894124,"Казарменный переулок, 5А, Минск",ООО Центр недвижимости ГАЛАКТИКА,
1072728486,2026-06-11T14:23:44Z,"2х.ком.квартира в долгосрочную аренду для организаций ,Уручье","Сдаётся 2-комнатная квартира в долгосрочную аренду для размещения командированных.Уютная квартира, укомплектована всем необходимым.Предоставление отче",0.0,0.0,False,https://re.kufar.by/vi/1072728486,50,62.0,48.0,6.0,1,1,3.0,19.0,1,2015.0,24,27.703433,53.946005,"Героев 120-й Дивизии ул, 4, Минск",Екатерина,4.0
1072716076,2026-06-11T12:23:22Z,"Однокомнатная квартира на улице  Скрыганова,4А","Просторная квартира в ЖК ""КАСКАД"" .
В шаговой доступности метро ""Молодёжная"".
Полностью меблирована.
Есть вся необходимая для жизни техника. 
Кухня 12",600.0,1744.86,False,https://re.kufar.by/vi/1072716076,110,50.0,20.0,12.5,3,5,8.0,15.0,10,2012.0,30,27.518751645507788,53.910751014553504,"Скрыганова ул, 4А, Минск",Наталья,2.0
1055722991,2026-06-11T07:48:41Z,"Аренда 3-комнатной квартиры, Ратомская 34","Первое заселение! 

3-х комнатная квартира с дизайнерским ремонтом в ЖК Премиум класса ""Олимпик Парк"" , которая находится на 4-м этаже по адресу: ул.",1800.0,5234.58,True,https://re.kufar.by/vi/1055722991,140,63.6,56.8,,4,,4.0,6.0,4,2018.0,22,27.451332,53.938852,"Ратомская ул, 34, Минск",ООО Центр недвижимости ГАЛАКТИКА,
1068794400,2026-06-11T06:39:32Z,Евродвушка с видом на Национальную библиотеку,"* Уютная просторная 2-комнатная квартира в ЖК ""Маяк Минска"" с панорамными французскими окнами! 
* Рядом ТЦ ""Dana Moll"". 
* Прекрасный вид на бульвар П",750.0,2181.08,False,https://re.kufar.by/vi/1068794400,325,55.0,30.0,12.0,3,5,15.0,25.0,2,2019.0,24,27.655157,53.931233,"Кирилла Туровского ул, 14, Минск",Дмитрий,
1072621714,2026-06-10T16:25:18Z,Сдается 3-к квартира в Зеленом Луге,"Сдается светлая 3-к. квартира на длительный срок, Зеленый Луг

Локация: микрорайон Зеленый Луг (Минск). Тихий, зеленый район с развитой инфраструктуро",650.0,1890.27,False,https://re.kufar.by/vi/1072621714,100,60.0,40.0,8.0,1,,8.0,9.0,1,,23,27.620419,53.957667,"Логойский тракт, 37/1, Минск",Юлия,5.0
1072612219,2026-06-10T14:24:31Z,Квартира,"Сдается в долгосрочную аренду студия,по адресу:Жореса Алферова,9.Метро Аэродромная.
В квартире имеется все необходимое для проживания.",412.64,1200.0,False,https://re.kufar.by/vi/1072612219,170,36.0,36.0,36.0,1,5,7.0,25.0,10,2023.0,28,27.551806,53.861548,"Жореса Алфёрова ул, 9, Минск",Владислав,
1072527038,2026-06-09T17:53:33Z,Сдаю,Сдаётся с 05.08.26  1-комнатная квартира на длительный срок кадровому военнлслужащему по договору аренды  в 5 минутах ходьбы от ст. м. Автозаводская,319.8,930.0,False,https://re.kufar.by/vi/1072527038,215,31.0,18.0,6.0,2,1,2.0,3.0,3,,26,27.651079,53.869667,"Челюскинцев ул, Минск",Леонид,
1072511220,2026-06-09T15:46:22Z,Долгосрочная аренда:  3-комн. по ул. Пионерская 9 (дом повышенного комфорта),"Работаем по факту!

Долгосрочная аренда:  3-комн. по ул. Пионерская 9 (дом повышенного комфорта)
Комнат: 3 (спален 2 + зал 1)
Сан.узлов: 2
Систем для",2000.0,5816.2,True,https://re.kufar.by/vi/1072511220,195,115.6,70.9,14.2,4,10,2.0,5.0,10,2008.0,22,27.485879,53.938697,"Пионерская ул, 9, Минск",ООО КАРТА ГОРОДА,2.0
1072509683,2026-06-09T15:29:29Z,"Долгосрочная аренда: 3-комн. (площадь 130,6 кв.м.) пр-т Дзержинского 19 (дом повышенного комфорта)","Работаем по факту!

Долгосрочная аренда: пр-т Дзержинского 19 (дом повышенного комфорта)
Комнат: 3 
спален: 1 + детская комната 1 + зал 1
Сан.узлов: 2",2200.0,6397.82,True,https://re.kufar.by/vi/1072509683,55,130.6,94.3,42.1,4,10,15.0,20.0,10,2017.0,29,27.516098,53.886154,"Дзержинского пр, 19, Минск",ООО КАРТА ГОРОДА,3.0
1072481008,2026-06-09T11:07:08Z,Двушка в Курасовщине,"Квартира свободна к заселению с 01.09.26  по договору в РСЦ с оплатой по ветке ЕРИП на карту, плата единоразово за 2 месяца на условиях предоплаты. За",481.41,1400.0,False,https://re.kufar.by/vi/1072481008,135,46.64,27.44,7.14,1,,4.0,9.0,1,1975.0,28,27.499299,53.846529,"Корженевского ул, 21, Минск",Юлия,2.0
1072448697,2026-06-09T05:56:30Z,Сдается 1-ая квартира,"Сдается на длительный срок уютная однокомнатная квартира.Только гражданам  РБ. Кухня- угловой диван, эл.плита, холод,стол, стулья . Комната просторная",412.64,1200.0,False,https://re.kufar.by/vi/1072448697,265,38.0,18.0,9.0,1,,8.0,12.0,1,,30,27.441645,53.887544,"Чайлытко ул, 3, Минск",Марина,1.0
1072407164,2026-06-08T19:07:07Z,Сдаётся 1 комнатная квартира,"Сдаётся в долгосрочную аренду однокомнатная квартира в центре Минска, улица Восточная. Удобное транспортное сообщение. В  шаговой доступности магазины",447.03,1300.0,False,https://re.kufar.by/vi/1072407164,,33.0,17.0,7.0,3,5,6.0,9.0,1,1977.0,23,27.600306,53.936926,"Восточная ул, 52, Минск",Дина Владимировна,3.0
1072383881,2026-06-08T15:50:26Z,Сдам квартиру,"Сдаю Квартиру на недолгий срок, желательно мужчине",412.64,1200.0,False,https://re.kufar.by/vi/1072383881,230,32.5,17.2,6.1,1,1,4.0,5.0,1,1993.0,27,27.60366883594492,53.868571755306974,"Рокоссовского пр, 47, Минск",Татьяна,2.0
1072382156,2026-06-08T15:30:29Z,Сдача квартиры,"Сдаётся 2-х комнатная квартира по ул. Янковского в Сухарево. В квартире - кухонный гарнитур, холодильник, печь СВЧ, стиральная машина, 2 шкафа-купе, 3",0.0,0.0,False,https://re.kufar.by/vi/1072382156,,54.0,28.4,12.9,1,,7.0,9.0,1,,30,27.446155,53.87902,"Янковского ул, Минск",Галина,3.0
1072378726,2026-06-08T14:47:18Z,Сдаю 2-х комнатную квартиру ул.Червякова 2 к.1.,Сдается 2-х комнатная квартира с видом на Комсомольское озеро. Кирпичный дом после капремонта. Солнечная сторона. Стеклопакеты. Металлическая входная,600.0,1744.86,False,https://re.kufar.by/vi/1072378726,,55.0,34.0,7.5,1,1,7.0,9.0,3,1982.0,22,27.552596,53.919479,"Червякова ул, 2к1, Минск",OLDMAN131058,4.0
1064774234,2026-06-08T09:34:36Z,Сдаётся в аренду 1-комнатная квартира в самом центре Минска,"Сдаётся 1-комнатная квартира в центре Минска на ул. Сторожовская 6
Отличная квартира с качественным ремонтом
Укомплектована мебелью, бытовой техникой,",550.0,1599.46,True,https://re.kufar.by/vi/1064774234,260,38.0,28.0,7.9,3,,,,2,2012.0,22,27.555453,53.912972,"Сторожовская ул, 8, Минск",ООО ВСП недвижимость-Инвест,2.0
1072331879,2026-06-08T08:48:21Z,Квартира,"Сдается квартира в шаговой доступности от метро Фрунзенская.
В квартире есть все для проживания.
Квартира сдается с 05 июля.",0.0,0.0,False,https://re.kufar.by/vi/1072331879,90,55.0,31.0,9.0,4,1,7.0,8.0,3,1980.0,22,27.540155,53.906756,"Максима Танка ул, 4, Минск",Татьяна,4.0
1072282214,2026-06-08T03:58:37Z,Сдается 4-комнатная элитная квартира,Сдается 4-комнатная элитная квартира,0.0,0.0,False,https://re.kufar.by/vi/1072282214,30,97.0,64.8,9.9,4,5,10.0,23.0,5,2018.0,29,27.475422,53.847007,"Дзержинского пр, 125, Минск",Сергей,5.0
1072224376,2026-06-07T15:55:59Z,Квартира,Очень хорошая квартира. Приятные соседи.,500.0,1454.05,False,https://re.kufar.by/vi/1072224376,265,41.0,25.0,9.0,2,5,7.0,9.0,2,2011.0,30,27.42694,53.889035,"Сухаревская ул, 46, Минск",Виктор,1.0
1072185518,2026-06-07T12:35:33Z,"Сдам 2-комнатную квартиру, г. Минск ул. Туровского (с 1 сентября)","С 1 сентября

- оплата фиксируется в рублях на весь срок договора;
- аренда на долгосрок через договор; 
- в квартире прописан 1 человек;",859.67,2500.0,False,https://re.kufar.by/vi/1072185518,325,67.0,65.0,,3,10,6.0,19.0,,2017.0,24,27.654798,53.932787,"Кирилла Туровского ул, 6, Минск",Алексей,2.0
1072160002,2026-06-07T10:00:11Z,Квартира аренда Леонида Беды 33,"Квартира сдается Леонида Беды 33
-долгосрочная аренда с 13 июля 
-без животных 
-в квартире курить запрещено 
Год постройки 2014 второй этаж площадь 4",515.8,1500.0,False,https://re.kufar.by/vi/1072160002,220,44.2,,,1,5,2.0,,3,,23,27.593137,53.937393,"Леонида Беды ул, 33, Минск",Инга,1.0
1068300503,2026-06-06T20:00:22Z,Сдаю в аренду на длительный срок,"Первая квартсдача после капитального ремонта. В квартире новые полы, стены, двери, санузел и кухня. Потолки 3.7 м.",567.38,1650.0,False,https://re.kufar.by/vi/1068300503,,42.0,34.0,6.5,2,5,2.0,4.0,3,1953.0,27,27.570555954185174,53.86612478242334,"Маяковского ул, Минск",Ольга,4.0
1072087091,2026-06-06T19:45:54Z,"Сдаётся 2-комнатная квартира в центре Минска, долгосрочная аренда","Сдаётся светлая 2-комнатная квартира в центре Минска на длительный срок, по договору, без посредников.

Квартира продумана для комфортного проживания",580.0,1686.7,False,https://re.kufar.by/vi/1072087091,,42.0,,,1,10,5.0,5.0,3,1965.0,23,27.592131,53.909344,"Платонова ул, 31, Минск",Катерина,1.0
1063893746,2026-06-06T13:24:58Z,"Квартира, аренда","Сдам 3-у квартиру в центре города. Квартира находится рядом с метро площадь Якуба Коласа, ЦУМ, Комаровский рынок. 
Рядом школа, детские сады, универси",800.0,2326.48,False,https://re.kufar.by/vi/1063893746,,60.8,43.1,,3,1,3.0,5.0,3,1968.0,23,27.589885,53.914186,"Гикало ул, 6, Минск",Иван,3.0
1071990757,2026-06-06T12:20:14Z,Сдам двухкомнатную квартиру на Немиге,"Уютная квартира в тихом центре. Элитный дом. Хорошие соседи. Идеальное месторасположение. 
Есть вся необходимая мебель. Оборудованная кухня. Система к",800.0,2326.48,False,https://re.kufar.by/vi/1071990757,,63.0,45.0,13.0,3,5,2.0,12.0,10,2016.0,29,27.542005,53.899509,"Немига ул, 42, Минск",Игнат,4.0
1071985254,2026-06-06T11:49:10Z,Сдаю однокомнатную квартиру,"Квартира по улице Бачило,4 сдана уже сдана.",0.0,0.0,False,https://re.kufar.by/vi/1071985254,310,32.9,17.0,7.0,3,1,4.0,9.0,1,,26,27.702462,53.841716,"Алеся Бачило ул, 4, Минск",Елена,
1071979937,2026-06-06T10:50:05Z,Сдаётся 1-комнатная квартира на Каменной горке,"Сдается 1-комнатная квартира на Каменной горке (с 18 августа). В квартире свежий ремонт, много удобных мест хранения.

Предпочтение - работающие молод",550.0,1599.46,False,https://re.kufar.by/vi/1071979937,105,42.0,38.0,10.0,3,10,7.0,9.0,1,2010.0,30,27.416933,53.913327,"Каменногорская ул, 20, Минск",Лия,
1071925337,2026-06-06T06:31:17Z,Сдать в аренду,"Сдается, (от собственника, прописан  ) в центре , в ЖК Каскад ,  1 комнатная  современная , благоустроенная квартира , 50  кв.м , на длительный срок.",700.0,2035.67,False,https://re.kufar.by/vi/1071925337,110,50.0,20.0,14.0,3,10,5.0,25.0,2,2012.0,30,27.51961232596819,53.909959818943996,"Скрыганова ул, 4Б, Минск",Андрей,2.0
1071918739,2026-06-06T05:32:53Z,аренда квартиры в центре Минска на ул Захарова,"Сдам на длительный срок в аренду квартиру, расположенную в центре г. Минска, по адресу: г. Минск, ул. Захарова 67 корпус 1. Данная квартира имеет 3 ко",962.83,2800.0,False,https://re.kufar.by/vi/1071918739,200,104.0,,,4,,5.0,16.0,2,2009.0,25,27.588179,53.897461,"Захарова ул, 67к1, Минск",Сергей,
1071795837,2026-06-05T08:51:09Z,Сдача квартиры,"Сдается квартира с 9 августа,на месяц либо на год.",420.0,1221.4,False,https://re.kufar.by/vi/1071795837,15,33.0,,6.0,2,1,2.0,5.0,3,,28,27.534334,53.873797,"Чкалова ул, 34, Минск",Андрей,3.0
1071716650,2026-06-05T04:31:44Z,Аренда квартиры. В живописном месте Серебрянки,"Развитая инфраструктура района: детсады, школы, гимназии, взрослая и детская поликлиника. Огромный торгово-развлекательный центр PRIZMA.Рядом с домом",515.8,1500.0,False,https://re.kufar.by/vi/1071716650,230,49.8,34.4,6.1,1,5,5.0,5.0,1,1974.0,27,27.615083,53.858325,"Рокоссовского пр, 113, Минск",Татьяна,4.0
1067957624,2026-06-04T16:59:35Z,Сдам квартиру,"Сдам квартиру в частной застройке в Центральном районе Минска. Квартира находится на первом этаже дома, отдельный вход, раздельный санузел. Высокоскор",700.0,2035.67,False,https://re.kufar.by/vi/1067957624,180,100.0,,,,,1.0,,,,22,27.532079,53.955617,"Ярошевичская ул, Минск",Юлия,4.0
1071662235,2026-06-04T16:10:30Z,Сдам 2-х комнатную квартиру,"Сдается 2-х комнатная квартира, по ул.Берута 24, к1., 3 этаж. г. Минск. Под ключ. Евроремонт, вся мебель, техника: TV, микроволновка, холодильник, сти",550.0,1599.46,False,https://re.kufar.by/vi/1071662235,290,45.0,30.0,5.0,1,5,3.0,5.0,3,,30,27.50601,53.899048,"Болеслава Берута ул, 24/1, Минск",Анастасия,3.0
1071633090,2026-06-04T12:52:44Z,Просторная 2-комнатная квартира (50 м²),"Сдам просторную 2-комнатную квартиру (50 м²) на длительный срок по договору аренды. Адрес: ул. Щорса, 4Б - 5 минут до метро Грушевка. Этаж 16 (из 18).",700.0,2035.67,False,https://re.kufar.by/vi/1071633090,55,50.0,,,1,10,16.0,18.0,,2019.0,29,27.520023,53.882927,"Щорса ул, 4Б, Минск",Дмитрий,4.0
1071573394,2026-06-04T08:01:35Z,Долгосрочная аренда,"Квартира 1+1 (евро двушка)  хорошим ремонтов в аренду по договору.
Коммунальные включены в стоимость.",691.32,2010.42,False,https://re.kufar.by/vi/1071573394,,59.0,,,3,1,8.0,10.0,,2013.0,22,27.472979,53.93302,"Ильянская ул, 4, Минск",Татьяна,
1071550633,2026-06-04T07:01:01Z,Сдается 2 комнатная кв. район пл. Бангалор,Сдается уютная и просторная 2комн.квартира. Оснащена всей необходимой техникой и мебелью. Прекрасный вид. Удобная инфраструктура и транспортное сообще,620.0,1803.02,False,https://re.kufar.by/vi/1071550633,,65.0,42.0,9.0,3,5,15.0,16.0,10,2004.0,23,27.583247,53.936396,"Максима Богдановича ул, 120, Минск",Елена,2.0
1071469423,2026-06-03T16:32:39Z,Сдам квартиру у метро.  Возможна временная регистрация,"Сдается уютная 2-к. квартира, возможно  регистрация. Развитая инфраструктура. Хороший, качественный ремонт. Лоджия. До метро 2 минуты. Крупные магазин",550.0,1599.46,False,https://re.kufar.by/vi/1071469423,235,54.0,30.0,9.0,1,1,6.0,9.0,1,1982.0,28,27.540523,53.850863,"Асаналиева ул, 64, Минск",Юлия,
1071452673,2026-06-03T13:28:50Z,Сдать 2-комнатную квартиру,"Квартира сдаётся с сентября.
Дом кирпичный, расположен во дворе, рядом парк им. Горького, набережная Свислочи.
     Две квартиры на площадке, видеодом",700.0,2035.67,False,https://re.kufar.by/vi/1071452673,200,54.0,34.0,8.6,3,1,5.0,8.0,3,1978.0,25,27.576303,53.90031,"Первомайская ул, 20к2, Минск",Диана,3.0
1071445224,2026-06-03T12:37:28Z,"Аренда 3-комнатной квартиры, Туровского 10",Сдается трехкомнатная квартира в ЖК Маяк Минск. Ул. Кирилла Туровского 10. Две отдельные спальни и кухня-гостиная.квартира укомплектована всем необход,1200.0,3489.72,True,https://re.kufar.by/vi/1071445224,325,91.0,89.2,,3,,4.0,10.0,,,24,27.655067,53.932037,"Кирилла Туровского ул, 10, Минск",ООО Центр недвижимости ГАЛАКТИКА,
1068931455,2026-06-03T12:32:46Z,"Аренда 4-комнатной квартиры, Мстиславца 3","Актуальна к просмотру и заселению с 28 июля
4-х комнатная квартира-студия с шикарным видом, которая находится на 8-м этаже по адресу: ул. Мстиславца,",1400.0,4071.34,True,https://re.kufar.by/vi/1068931455,325,82.1,73.9,,2,,8.0,25.0,4,2018.0,24,27.654097,53.927654,"Петра Мстиславца ул, 3, Минск",ООО Центр недвижимости ГАЛАКТИКА,
1071330814,2026-06-03T04:01:21Z,Сдаётся 3-хкомнатная квартира с сентября,"Сдаётся евротрешка в ЖК Минск -Мир. 
Квартира светлая, теплая. Имеется две изолированные спальни и кухня- гостиная. 
Окна выходят на две стороны. С од",700.0,2035.67,False,https://re.kufar.by/vi/1071330814,170,54.0,,,3,5,15.0,25.0,4,2022.0,28,27.55118238137212,53.86120552757319,"Жореса Алфёрова ул, 11, Минск",Ольга,5.0
1071315075,2026-06-02T17:19:45Z,Сдается двухкомнатная квартира,Без посредников на длительный срок,515.8,1500.0,False,https://re.kufar.by/vi/1071315075,240,61.0,36.0,10.0,3,5,1.0,9.0,1,,25,27.63348985156537,53.908590512279645,"Филимонова ул, 8, Минск",Людмила,
1071272514,2026-06-02T11:16:20Z,Квартиры,"Сдается уютная, современная квартира рядом с метро.Евродвушка в ЖК ""Vogue"" г.Минск ул. Макаенка 12А. Квартира укомплектована всей необходимой техникой",584.57,1700.0,False,https://re.kufar.by/vi/1071272514,,45.0,35.0,5.0,3,5,4.0,19.0,,2018.0,24,27.624824646700766,53.9217150872239,"Макаёнка ул, 12А, Минск",Зоя,2.0
1071257455,2026-06-02T09:47:39Z,сдаю 2-х комнатную квартиру,"На длительный срок сдается в аренду уютная двухкомнатная квартира с отличным ремонтом, расположенная в живописном и зеленом районе в одноподъездном до",700.0,2035.67,False,https://re.kufar.by/vi/1071257455,,90.0,70.0,11.0,3,5,4.0,9.0,2,2018.0,23,27.610789,53.945279,"Логойский тракт, 17А, Минск",Елена,4.0
1071233557,2026-06-02T07:37:17Z,Аренда,"Чистая, светлая, зимой очень теплая. Иностранным студентам из Африки не сдается.",795.0,2311.94,False,https://re.kufar.by/vi/1071233557,230,90.05,58.0,12.0,1,1,,,1,2005.0,27,27.601025,53.86192,"Плеханова ул, 46, Минск",Андрей,
1071192814,2026-06-02T07:23:49Z,сдам,сдам на длительный срок без животных,1100.0,3198.91,False,https://re.kufar.by/vi/1071192814,,45.0,19.0,7.0,2,5,,,1,1979.0,30,27.486992,53.903477,"Одоевского ул, 40, Минск",Ирина,2.0
1071138686,2026-06-01T10:18:44Z,Аренда квартир,"ЖК мечты "" Левада"": у реки и современного города. Квартира с дизайнерским ремонтом.

В уютном жилом комплексе с развитой инфраструктурой. С одной стор",1050.0,3053.5,False,https://re.kufar.by/vi/1071138686,,50.0,25.0,10.0,3,10,3.0,7.0,2,2025.0,22,27.526554,53.942274,"Нововиленская ул, Минск",Юлия,2.0
1071129100,2026-06-01T08:51:29Z,2-комнатная квартира в центра. Собственник. Метро 5 мин,"2-комнатная квартира в центре Минска (Собственник). Подходит для иностранных граждан.

Готова к заселению. Квартира светлая, просторная и полностью ме",750.0,2181.08,False,https://re.kufar.by/vi/1071129100,,56.0,33.0,7.0,2,5,5.0,5.0,3,,29,27.55256,53.897727,"Независимости пр, 13, Минск",Елена,2.0
1071106809,2026-06-01T05:51:46Z,Сдам 1-к квартиру на долгий срок,Сдается квартира только на длительный срок. Собственник! С залогом. Агенства просьба не беспокоить!,500.0,1454.05,False,https://re.kufar.by/vi/1071106809,170,39.0,20.0,15.0,3,5,6.0,,2,2024.0,28,27.550387,53.864257,"Игоря Лученка ул, 19, Минск",Вадим,1.0
1071049871,2026-05-31T16:42:23Z,"Сдается квартира-студия в Минск-Мире, дом Румба","Сдается квартира-студия в Минске в долгосрочную аренду, идеально подходящая для комфортного проживания!

Расположенная по адресу: ул. Брилевская-27, в",600.0,1744.86,False,https://re.kufar.by/vi/1071049871,170,29.7,23.9,,3,10,20.0,25.0,5,2024.0,28,27.527983,53.872937,"Брилевская ул, 27, Минск",Александр,2.0
1069194317,2026-05-31T12:20:25Z,Сдам квартиру,2-х комнатная квартира. Комнаты по 17 метров. Коридор и кухня по 9 квадратов. Цена 1400 б. р. + коммуналка,447.03,1300.0,False,https://re.kufar.by/vi/1069194317,205,59.0,34.0,9.0,1,1,4.0,9.0,1,,30,27.473922,53.922257,"Петра Глебки ул, Минск",Ольга,
1070989109,2026-05-31T07:57:16Z,"Сдаю 1-комнатную квартиру, г. Минск","Дизайнерская квартира премиум-класса на 9-м этаже ЖК «Парк Челюскинцев». Закрытая территория с круглосуточным видеонаблюдением, детские и спортивные п",800.0,2326.48,False,https://re.kufar.by/vi/1070989109,,33.0,28.0,,2,10,9.0,9.0,,2021.0,24,27.622827,53.925025,"Независимости пр, 88, Минск",Елена,2.0
1070786012,2026-05-30T11:00:31Z,Современная 1-комнатная квартира в аренду,"Звонить в будний день с 17:30-23:00, выходной 9:00-23:00
Сдается на длительный срок однокомнатная квартира.
В квартире есть всё необходимое для комфор",447.03,1300.0,False,https://re.kufar.by/vi/1070786012,170,28.0,,,,10,3.0,24.0,,,28,27.55018,53.862117,"Жореса Алфёрова ул, 12, Минск",_пользователь_,
1070870062,2026-05-30T07:58:27Z,Квартира (аренда),Недалеко от м. Могилевская,0.0,0.0,False,https://re.kufar.by/vi/1070870062,10,35.0,,,1,1,,,,,26,27.685251,53.881828,"Герасименко ул, Минск",Александр,
1058592331,2026-05-30T07:38:39Z,1 Комнатная квартира от собственника.,"Сообщения не читаю!. Звоните на указанный номер телефона.
1 комнатная квартира, от собственника. На длительный срок!  Свежий ремонт. 
Сдается всем! Бе",447.03,1300.0,False,https://re.kufar.by/vi/1058592331,,32.0,18.0,6.0,1,1,4.0,4.0,3,1967.0,29,27.539598,53.902475,"Короля ул, 15, Минск",Олег,2.0
1059624209,2026-05-29T11:46:17Z,Большая квартира с камином и гаражом на 2 автомобиля от собственника,"В двух минутах ходьбы до Севастопольского парка большая светлая 4х комнатная квартира с гаражом на 2 автомобиля и действующим камином!
О квартире:
Рас",1400.0,4071.34,False,https://re.kufar.by/vi/1059624209,,140.0,63.0,46.3,2,10,2.0,3.0,3,2008.0,24,27.620114,53.936359,"Ильменская ул, 8, Минск","Дмитрий, Светлана",4.0
1069765201,2026-05-28T16:00:18Z,Сдам 2-х квартиру в самом центре. Новый ремонт.,"Сдаётся 2-х комнатная квартира в самом центре Минска! Возле Цирка, новый ремонт

Ищете идеальное место для жизни в сердце столицы? У нас есть уникальн",1031.6,3000.0,False,https://re.kufar.by/vi/1069765201,,65.0,35.0,10.0,2,10,,,,1956.0,27,27.566511,53.903642,"Янки Купалы ул, 17, Минск",Полина,2.0
1070664857,2026-05-28T14:35:52Z,Квартира 3-х комнатная,"Сдается 3-х комнатная квартира после косметического ремонта с новой мебелью.
Рядом метро спортивная и каменная горка,развитая инфраструктура(дет.сад,ш",700.0,2035.67,False,https://re.kufar.by/vi/1070664857,65,78.0,,,1,1,1.0,9.0,1,2016.0,30,27.464355,53.919749,"Чичурина ул, 18, Минск",Алексей,3.0
1070638265,2026-05-28T10:29:55Z,Квартира,"Престижный жилой комплекс Левада!Малоэтажная застройка на набережной реки Свислочь. В черте центра города!Комплекс современный, аутентичный, на террит",590.0,1715.78,False,https://re.kufar.by/vi/1070638265,,43.0,31.0,,3,5,8.0,9.0,,,22,27.533990576945193,53.93309160595627,"Нововиленская ул, 29, Минск",нина,
1070619351,2026-05-28T07:32:20Z,Квартира в центре,"Роскошная квартира в центре.Индивидуальные условия аренды.Возможность аренды на короткий период.

Стоимость 1 месяца аренды + коммунальные не большие",700.0,2035.67,False,https://re.kufar.by/vi/1070619351,,38.0,,,2,5,13.0,23.0,,2019.0,22,27.527354,53.911874,"Грибоедова ул, 1, Минск",Татьяна,4.0
1056272675,2026-05-28T07:03:05Z,Сдам в аренду бизнес-аппаратаменты (проживание+ведения бизнеса),"Аренда бизнес-аппаратоментов в уникальном жилом комплексе, с возможностью регистрации юридического адреса по месту проживания. Позволяет жить и работа",950.0,2762.7,False,https://re.kufar.by/vi/1056272675,170,42.0,38.0,,3,20,9.0,16.0,2,2026.0,28,27.539688,53.860667,"Жореса Алфёрова ул, 22, Минск",Яна,2.0
1070613285,2026-05-28T07:02:32Z,Аренда квартиры,"Сдам квартиру гражданам РБ по договору найма с продлением, без права регистрации. Оплата в день заключения договора плюс залог. Прописан 1. Без животн",315.0,916.05,False,https://re.kufar.by/vi/1070613285,320,33.0,17.0,7.0,1,1,7.0,9.0,1,1988.0,29,27.462639,53.856291,"Белецкого ул, 10к2, Минск",Александр,2.0
1036933610,2026-05-27T19:50:10Z,Двухкомнатная квартира,"Сдам  2-хкомнатную квартиру в Минске ! 
С двумя отдельными комнатами и кухней. Идеальный комфорт и лучшая локация! Вся необходимая техника и мебель.
Ч",700.0,2035.67,False,https://re.kufar.by/vi/1036933610,40,63.0,,,1,5,4.0,9.0,,,22,27.499452,53.934955,"Победителей пр, Минск",Надежда,2.0
1070545782,2026-05-27T16:49:16Z,"Аренда 5-комнатной квартиры, Кульман 15","Сдается эксклюзивная квартира в центре города: ул. Кульман 15 общей площадью по СНБ 130 кв.м.. Квартира состоит из 5 раздельных комнат, два раздельных",850.0,2471.89,True,https://re.kufar.by/vi/1070545782,120,124.3,88.0,11.5,3,,3.0,9.0,3,,23,27.574587,53.924229,"Кульман ул, 15, Минск",ООО Центр недвижимости ГАЛАКТИКА,
1051864089,2026-05-27T13:36:42Z,Сдаётся однокомнатная квартира,"Сдаётся однокомнатная квартира , полностью укомплектована для комфортного проживания , вся необходимая инфраструктура рядом в шаговой доступности .Зал",411.61,1197.0,False,https://re.kufar.by/vi/1051864089,,38.0,,7.5,3,5,4.0,9.0,1,1984.0,26,27.630013,53.858049,"Крупской ул, 2, Минск",Lena,
1069895457,2026-05-27T05:06:11Z,"Сдается 3-хкомнатная квартира, Лебяжий",Не агенство. Сдается квартира на длительный срок,800.0,2326.48,False,https://re.kufar.by/vi/1069895457,,83.0,65.0,9.0,1,1,2.0,9.0,10,2013.0,22,27.460717,53.936068,"Камайская ул, 12, Минск",Ольга,7.0
1051603737,2026-05-26T15:25:14Z,Сдам 2-х комн квартиру на Победителей,"Сдается двухкомнатная квартира в Славянском квартале, готова к заселению. 2 сан узла, 2 балкона, вай фай, тв, общественная парковка. Можно не длительн",680.86,1980.0,False,https://re.kufar.by/vi/1051603737,90,68.3,,,4,5,8.0,20.0,1,,22,27.539831,53.911874,"Победителей пр, 27, Минск",Анна,2.0
1070399466,2026-05-26T14:55:58Z,1-к квартира с 01.09,"По всем вопросам пишите в мессенджеры V, W (здесь и на звонки не смогу отвечать). 1к квартира, без мебели, есть только кухонный гарнитур и электроплит",447.03,1300.0,False,https://re.kufar.by/vi/1070399466,,52.8,23.9,11.0,3,,9.0,,,2017.0,24,27.672836,53.933947,"Академика Высоцкого ул, Минск",Галина,
1070377832,2026-05-26T11:36:48Z,Квартира,Залог за месяц. Связь по телефону. Без торга. Квартира в центре.,378.25,1100.0,False,https://re.kufar.by/vi/1070377832,200,35.0,20.0,5.5,1,1,5.0,5.0,4,1970.0,25,27.588727,53.900666,"Антоновская ул, 10, Минск",Елена,2.0
1070366028,2026-05-26T09:18:24Z,Сдается 1 -комнатная квартира у метро «Кунцевщина»,"Сдается 1-комнатная квартира на длительный срок. Идеальное расположение, сразу возле входа в метро «Кунцевщина». Рядом множество магазинов, торговых ц",520.0,1512.21,False,https://re.kufar.by/vi/1070366028,130,37.0,,,1,1,11.0,12.0,1,,30,27.452138,53.907668,"Лещинского ул, 5, Минск",Надежда,1.0
1070267485,2026-05-25T14:22:13Z,Сдается квартира в аренду,Сдается полноценная двухкомнатная квартира с раздельными комнатами и санузлами на длительный срок.,670.0,1948.43,False,https://re.kufar.by/vi/1070267485,325,62.0,35.0,11.0,3,5,9.0,10.0,2,2013.0,24,27.652112695471292,53.92918610183876,"Петра Мстиславца ул, 5, Минск",ИРИНА,3.0
1069287870,2026-05-25T08:27:19Z,Сдается квартира ст.м.  Аэродромная,"Сдается квартира на длительный срок! Первая сдача, в квартире сделан хороший ремонт со всем необходимым! Идеальное расположение, метро «Аэродромная» с",500.0,1454.05,False,https://re.kufar.by/vi/1069287870,170,32.0,27.0,,4,5,10.0,25.0,,,28,27.547287,53.864968,"Игоря Лученка ул, Минск",Марина,2.0
1070219730,2026-05-25T07:07:04Z,Сдаю квартиру на длительный срок,Без курения . Без котов и собак,700.0,2035.67,False,https://re.kufar.by/vi/1070219730,,70.0,55.0,9.0,3,5,10.0,12.0,,2015.0,24,27.595527,53.910691,"Платонова ул, Минск",Елена,2.0
1065414700,2026-05-25T05:53:30Z,Просторная 4-квартира на длительный срок в самом сердце города,Сдается просторная 4-комнатная квартира в центре Минска! Идеальный вариант для комфортного проживания в тихом районе в шаговой доступности от ТЦ с хор,1200.0,3489.72,False,https://re.kufar.by/vi/1065414700,,83.5,55.6,9.0,4,5,1.0,9.0,1,2005.0,22,27.559891,53.916053,"Старовиленская ул, Минск",Наталия,4.0
1070174377,2026-05-25T04:25:53Z,2 комнатная квартира,"Сдаю двухкомнатную квартиру в самом центре города. В хорошем состоянии, косметический ремонт. Мебель и техника. Оплата 1 месяц и залог 1 месяц. Студен",368.7,1072.22,False,https://re.kufar.by/vi/1070174377,120,42.0,,6.5,1,1,3.0,5.0,3,,23,27.573545,53.916589,"Куйбышева ул, 28, Минск",Ольга,2.0
1070151666,2026-05-24T16:24:22Z,Сдача квартиры в аренду,Сдаётся 2-комнатная квартира желательно парам без детей или животных. Залог в размере 100 долларов. Цена за аренду не включает квартплату. ( Ежемесячн,400.0,1163.24,False,https://re.kufar.by/vi/1070151666,,63.0,,,1,1,3.0,4.0,3,,27,27.570644,53.86432,"Маяковского ул, 162, Минск",Мария Нарушевич,2.0
1070120507,2026-05-24T11:56:15Z,"Сдача 2-ух комнатная квартира в центре Минска (ул. Грибоедова, 1)","Шикарная евродвушка «Ван Гог» в районе Стелы
(1000 символов):
 Квартира в центре города в новостройке. В шаговой доступности станция метро «Молодежная",950.0,2762.7,False,https://re.kufar.by/vi/1070120507,,60.5,43.0,12.0,1,10,6.0,24.0,2,2018.0,22,27.527354,53.911874,"Грибоедова ул, 1, Минск",Елена,2.0
1070118481,2026-05-24T11:37:56Z,сдается 2-комнатная квартира,"Сдам квартиру ул. Купревича 16 под коммерческие нужды: под склад товара или размещение оборудования. Помещение сухое, теплое, свободный доступ. От соб",250.0,727.02,False,https://re.kufar.by/vi/1070118481,,71.6,,,3,15,1.0,16.0,,2024.0,24,27.695132,53.930284,"Академика Купревича ул, 16, Минск",Екатерина,
253360771,2026-05-24T06:27:29Z,квартира для организации и их сотрудников,"Сдается 4х комнатная квартира  по ул Байкальская 62 кор 1 ,  квартира полностью укомплектована всем необходимым для комфортного проживания! 5 сп мест,",0.0,0.0,True,https://re.kufar.by/vi/253360771,10,,,,,,,9.0,,,26,27.685305,53.865228,"Байкальская ул, 62к1, Минск",ИП Моисеева Анжела Владимировна,5.0
251883105,2026-05-23T08:46:30Z,квартира для организации и их сотрудников,Сдается 3х комнатная квартира для Организаций и их командированных сотрудников. В квартире имеется все необходимое для комфортного проживания. Предост,0.0,0.0,True,https://re.kufar.by/vi/251883105,215,,,,1,,1.0,8.0,,,26,27.668892,53.868626,"Алтайская ул, 64к1, Минск",ИП Моисеева Анжела Владимировна,5.0
1051891969,2026-05-23T06:38:01Z,аренда,"Сдаётся просторная и уютная однокомнатная квартира в элитном районе ""Лебяжий"". В квартире есть все необходимое для комфортного проживания: интернет, м",550.0,1599.46,False,https://re.kufar.by/vi/1051891969,,44.0,38.0,12.0,1,5,8.0,8.0,10,2021.0,22,27.470104,53.936423,"Мястровская ул, 15, Минск",Наталья,1.0
1011052425,2026-05-23T04:29:07Z,Сдам квартиру,"Сдам квартиру от собственника. Огороженная территория, видеонаблюдение, высота потолков-3 м,VIP.",950.0,2762.7,False,https://re.kufar.by/vi/1011052425,,95.0,55.0,18.0,,5,3.0,7.0,3,2002.0,22,27.529456,53.914266,"Чехова ул, 3, Минск",Александр,
1069912687,2026-05-22T18:06:17Z,Квартира 2х комнатная,"Видео вышлю, в квартире есть всё для проживания, сдается на 3 месяца",650.0,1890.27,False,https://re.kufar.by/vi/1069912687,305,48.0,,6.2,1,5,2.0,5.0,3,,26,27.646497619917568,53.84357819520025,"Уборевича ул, 44, Минск",Таня,
1069164472,2026-05-22T16:08:33Z,Сдам новую квартиру на длительный срок,"Хорошая квартира на Лобанка 97, 10 мин от метро . 
в кВ есть все необходимое для комфортного жилья",412.64,1200.0,False,https://re.kufar.by/vi/1069164472,265,65.0,50.0,15.0,1,1,9.0,9.0,1,2015.0,30,27.433282,53.883622,"Лобанка ул, 97, Минск",Олег,3.0
1069884742,2026-05-22T12:56:28Z,"Аренда 3-комнатной квартиры, Сторожовская 8","Стильная 3-комнатная квартира в историческом центре Минска.

Сдается на длительный срок стильная квартира в доме на берегу Свислочи.

Дизайнерский рем",1600.0,4652.96,True,https://re.kufar.by/vi/1069884742,260,64.2,38.42,8.86,1,,6.0,11.0,3,1987.0,22,27.555452,53.912971,"Сторожовская ул, 8, Минск",ООО Центр недвижимости ГАЛАКТИКА,
244348036,2026-05-22T06:29:02Z,квартира для организации и их сотрудников,"Сдается 2х комнатная квартира с хорошим ремонтом для командированных работников юр. лиц, на длительный период ( от 15 дней) посуточно. Договор заключа",0.0,0.0,True,https://re.kufar.by/vi/244348036,,,,,,,,,,,26,27.637227,53.872528,"Партизанский пр, 68, Минск",ИП Моисеева Анжела Владимировна,3.0
1069791239,2026-05-21T18:05:20Z,Квартира для студентов,Квартира освобождается 31.08. Есть сушильная машина. Идеально для студентов. Иностранных студентов заселяю. Предоставляется временная регистрация. Риэ,745.0,2166.53,False,https://re.kufar.by/vi/1069791239,30,70.0,50.0,9.0,2,5,17.0,19.0,2,2015.0,29,27.478944,53.854422,"Чюрлёниса ул, 6, Минск","Наталья, Михаил",3.0
1069757920,2026-05-21T13:08:03Z,Сдаётся однокомнатная квартира,"Сдаётся однокомнатная квартира , по договору, залог .Район фрунзенский находится в 10 минутах ходьбы от метро Каменная горка, рядом вся инфраструктура",600.0,1744.86,False,https://re.kufar.by/vi/1069757920,80,40.0,17.8,9.3,1,5,8.0,9.0,1,1990.0,30,27.44417,53.898538,"Одинцова ул, 35, Минск",Виталий,2.0
1069757366,2026-05-21T13:01:06Z,"Аренда 2 х комнатной квартиры в г. Минск, ул. Притыцкого, 105","Сдаётся в аренду на длительный срок просторная 2-комнатная квартира в пару минутах ходьбы от метро «Каменная горка».

В квартире есть все необходимое",618.96,1800.0,True,https://re.kufar.by/vi/1069757366,125,61.0,31.0,10.0,3,5,8.0,18.0,10,2013.0,30,27.430623,53.906262,"Притыцкого ул, 105, Минск",Твой Маентак,
1069752670,2026-05-21T12:03:48Z,Сдаю на длительную аренду,"Сдам на длительный срок 2-х  квартиру рядом со стадионом Динамо , 14/15 этажного дома, площадью 89/47,4/14, лоджия, охраняемая территория, парковочное",700.0,2035.67,False,https://re.kufar.by/vi/1069752670,,89.0,47.4,14.7,3,1,14.0,15.0,10,2003.0,27,27.563313,53.890436,"Белорусская ул, 17, Минск",Ирина,4.0
1069721122,2026-05-21T06:43:26Z,Сдается квартира,"Сдается 3-х комнатная квартира общей площадью 66 кв. м., проспект Дзержинского 19, дом рядом с метро Грушевка. В квартире есть все для комфортного про",800.0,2326.48,False,https://re.kufar.by/vi/1069721122,55,66.0,55.0,8.0,1,5,15.0,21.0,,,29,27.516098,53.886154,"Дзержинского пр, 19, Минск",Иван,3.0
1069645383,2026-05-20T15:01:04Z,Сдаётся однокомнатная квартира.,Сдаётся однокомнатная квартира.,0.0,0.0,False,https://re.kufar.by/vi/1069645383,215,34.0,,,1,,,,,,26,27.666476,53.878346,"Алтайская ул, Минск",Леонид,
1069620511,2026-05-20T10:57:43Z,Сдам квартиру,"Сдам двухкомнатную квартиру семье с детьми по договору аренды на длительный срок. Квартира без ремонта, мебель старая, есть холодильник двухкамерный (",378.25,1100.0,False,https://re.kufar.by/vi/1069620511,,39.0,21.0,9.0,1,1,2.0,2.0,3,1950.0,25,27.605417,53.890107,"Чеботарёва ул, 21, Минск",Александр,
1068971336,2026-05-20T09:21:29Z,Сдается 1-ком.квартира43/18/9.4.ул.Есенина д.58  м. Малиновка,"Сдается с 1 сентября.                          Сдается уютная, светлая, аккуратная 1 комнатная квартира в микрорайоне Малиновка Общая площадь43.3 комн",450.0,1308.65,False,https://re.kufar.by/vi/1068971336,,43.3,18.1,9.4,1,5,5.0,19.0,,2010.0,29,27.44646085992721,53.85539098118388,"Сергея Есенина ул, 58, Минск",Светлана,2.0
1052501885,2026-05-20T09:00:16Z,"Аренда 3-комнатной квартиры, Червякова 62","Уютная квартира с классной энергетикой. Центр. 
3х комнатная квартира, 2 отдельные спальни, без общей стены, хорошая мебель, с хорошим ремонтом. Дружн",850.0,2471.89,True,https://re.kufar.by/vi/1052501885,,70.2,53.5,,1,,2.0,19.0,,,22,27.549461,53.930019,"Червякова ул, 62, Минск",ООО Центр недвижимости ГАЛАКТИКА,
1063518083,2026-05-20T07:52:36Z,Квартира сдаётся от месяца,"Сдаётся квартира от месяца,метро 50 метров! Плюс коммунальные и залог! Сдается молодой паре без детей и животных!",700.0,2035.67,False,https://re.kufar.by/vi/1063518083,,47.0,16.8,12.0,1,5,8.0,18.0,10,2014.0,29,27.517348671911602,53.88832515552432,"Дзержинского пр, 24, Минск",Сергей,5.0
1067965868,2026-05-20T04:49:15Z,Сдаётся двухкомнатная квартира «Грушевка»,"Сдаётся двухкомнатная квартира в центре Минска. Квартира расположена в Московском районе по адресу ул.3-я Щорса 8. Рядом находится: - метро ""Грушевка""",600.0,1744.86,False,https://re.kufar.by/vi/1067965868,55,58.0,30.0,12.5,1,5,5.0,15.0,4,2008.0,29,27.512702,53.883463,"3-я  Щорса ул, 8, Минск",Валерия,2.0
1061295408,2026-05-20T02:30:01Z,Сдам квартиру с дизайнерским ремонтом,Сдам квартиру с дизайнерским ремонтом. Первое заселение. Возможна последующая продажа данной квартиры.,1200.0,3489.72,False,https://re.kufar.by/vi/1061295408,55,91.5,,,1,10,4.0,15.0,10,2024.0,29,27.50875,53.88359,"Дзержинского пр, 21, Минск",Продавец,
1069567632,2026-05-19T20:56:54Z,3-х комнатная квартира  внаем,"Сдается 3-комнатная квартира 74/48/10 одна комната смежная в доме сталинской постройки в центре.
Достойная благоустроенная квартира в центре Минска в",1000.0,2908.1,False,https://re.kufar.by/vi/1069567632,,74.0,48.0,11.0,1,5,2.0,4.0,3,1955.0,28,27.554168,53.893084,"Свердлова ул, 24, Минск",Жанна,4.0
1069566701,2026-05-19T20:25:27Z,Квартира в Парке Челюскинцев,"Сдается евродвушка в ЖК Vogue (Парк Челюскинцев) c надежной бытовой техникой  BOSH (посудомоечная и стиральная машина, пылесос), MOUNFELD (многофункци",1117.57,3250.0,False,https://re.kufar.by/vi/1069566701,,48.9,46.4,,3,5,5.0,25.0,10,2020.0,24,27.624129,53.922379,"Макаёнка ул, 12К, Минск",Инесса,4.0
1069556280,2026-05-19T17:55:40Z,Сдается большая 1-ая квартира,Сдается большая 1-ая квартира с мебелью и техникой. Гардеробная. Шлагбаум. Срок аренды от 1 до 3 месяцев. Без животных. Прописан 1 человек. Коммунальн,560.0,1628.54,False,https://re.kufar.by/vi/1069556280,,50.0,17.0,12.9,1,5,14.0,17.0,2,2009.0,23,27.608175,53.944717,"Олешева ул, 1, Минск",s.a,3.0
1065590364,2026-05-19T17:46:48Z,Сдача квартиры в аренду,"Квартира находится возле метро Петровщина (200м), тёплая, уютная, светлая. 
Хорошая локация, рядом множество магазинов, мест отдыха, школы, детсады.",464.22,1350.0,False,https://re.kufar.by/vi/1065590364,320,41.0,17.0,10.0,3,1,15.0,25.0,10,2010.0,29,27.486602152572292,53.868012443235486,"Дзержинского пр, 82, Минск",Виктор,2.0
1058724192,2026-05-19T17:02:37Z,VIP 2-комн. квартира с панорамным видом с 24 этажа. 2 санузла + подземный паркинг,"Сдается шикарная 2-комнатная квартира на 24 этаже (из 26) каркасно-блочного дома (2015 г. постройки). Квартира уровня VIP: продуманная планировка, два",777.0,2259.59,True,https://re.kufar.by/vi/1058724192,220,69.0,40.0,16.0,3,5,24.0,26.0,10,2013.0,23,27.584882,53.938501,"Максима Богдановича ул, 136, Минск",ИП Король Серей Александрович,6.0
1065364011,2026-05-19T13:03:49Z,2-х комнатная квартира в аренду,"Сдаётся просторная 2-х комнатная квартира 68 м.кв. (кухня совмещена с гостиной, спальня изолирована). Свежий ремонт, полностью меблирована. Сдаётся до",700.0,2035.67,False,https://re.kufar.by/vi/1065364011,,68.0,47.9,,3,5,10.0,20.0,2,2017.0,22,27.549318,53.930072,"Червякова ул, 62, Минск",ольга,4.0
1069511236,2026-05-19T12:32:53Z,Сдача квартиры,Сдается на длительный срок 2х комнатная квартира в кирпичном доме в центре Минска. Тел.  Юрий,0.0,0.0,False,https://re.kufar.by/vi/1069511236,,54.0,34.0,7.0,3,1,7.0,9.0,3,1976.0,23,27.594727,53.933375,"Восточная ул, 38, Минск",юрий,3.0
1069499174,2026-05-19T10:39:58Z,Сдача в аренду,"Квартира от собственника. Агентствам просьба не беспокоить.

Впервые сдаётся просторная 4-комнатная квартира площадью 108 м² в одном из самых благопол",1134.76,3300.0,False,https://re.kufar.by/vi/1069499174,100,108.0,70.0,12.5,3,10,1.0,11.0,10,2004.0,23,27.61845285486049,53.9570626540204,"Гамарника ул, 4, Минск",Андрей,
1063719742,2026-05-19T09:03:30Z,Аренда квартиры,"Сдаётся 2-х комнатная квартира в многоуровневом жилом доме . Лифт , мебель , отличный ремонт , превосходная локация ( центр , остановки общественного",700.0,2035.67,False,https://re.kufar.by/vi/1063719742,,61.0,58.6,12.0,1,5,3.0,17.0,,2012.0,27,27.568191,53.874063,"Маяковского ул, 100, Минск",Игорь,
1065326978,2026-05-19T07:44:26Z,Сдам квартиру,"Сдам с 1 сентября 3-х комнатную квартиру с 2 балконами на 4 этаже на  долгосрочной основе семье(),студентам(), метро восток 1 минута, напротив т.ц. ДА",1000.0,2908.1,False,https://re.kufar.by/vi/1065326978,45,75.0,,7.0,4,1,4.0,10.0,1,1992.0,24,27.647629,53.934939,"Независимости пр, 145, Минск",андрей,
1000366802,2026-05-19T07:19:19Z,квартира для организации и их сотрудников,"Сдается 2х ком квартира, для ОРГАНИЗАЦИЙ и их командированных сотрудников. 4 раздельных спальных места. квартира полностью укомплектована всем необход",0.0,0.0,True,https://re.kufar.by/vi/1000366802,10,40.0,,,,1,4.0,5.0,1,,26,27.681639,53.867172,"Ангарская ул, 18к1, Минск",ИП Моисеева Анжела Владимировна,4.0
253363027,2026-05-19T06:25:29Z,квартира для организации и их сотрудников,"Сдается 2х комнатная квартира по ул Жилуновича 41, полностью укомплектована всем необходимым для комфортного проживания, 3 спальных места.  До ст метр",0.0,0.0,True,https://re.kufar.by/vi/253363027,,,,,,,5.0,5.0,,,26,27.629196,53.869624,"Жилуновича ул, 41, Минск",ИП Моисеева Анжела Владимировна,3.0
1069465702,2026-05-19T05:02:13Z,Сдам квартиру,Сдам квартиру по договору 1500,500.0,1454.05,False,https://re.kufar.by/vi/1069465702,170,33.0,,,1,5,5.0,27.0,1,,28,27.542553,53.86758,"Игоря Лученка ул, 11, Минск",Артур,1.0
1069440029,2026-05-18T18:59:51Z,Сдается современная 2-комнатная квартира Алибегова 10,"Описание
Сдается на длительный срок Современная 2-комнатная квартира по адресу: ул. Алибегова 10.
Площадь 57,9 кв.м. Из них гостиная 18 кВ м, спальня",630.0,1832.1,False,https://re.kufar.by/vi/1069440029,,57.9,,9.6,1,5,6.0,14.0,1,,29,27.480417,53.874094,"Алибегова ул, 10, Минск",Андрей,4.0
1069409518,2026-05-18T13:56:35Z,Сдаю 3_х комнатную кв. ул. Кальварийская 4,"3х-комнатная квартира в шаговой доступности от станции метро ""Фрунзенская и Юбилейная"" с качественным ремонтом, мебелью и бытовой техникой.
В зале: ло",700.0,2035.67,False,https://re.kufar.by/vi/1069409518,,95.0,57.0,13.0,1,,9.0,10.0,3,1978.0,22,27.539194,53.905976,"Кальварийская ул, 4, Минск",николай валькевич,3.0
1058252059,2026-05-18T13:49:47Z,"Снять 4-комнатную квартиру в Минске, Советский район","Предлагается в аренду комфортабельная 4-комнатная квартира с  ремонтом, на 1-ом высоком этаже дома клубного типа (2017г.п) на 6 квартир.

Просторная (",1200.0,3489.72,True,https://re.kufar.by/vi/1058252059,,150.0,68.0,28.0,,5,1.0,3.0,3,2017.0,23,27.582133,53.948623,"Широкая ул, Минск",ООО Партнер для всех,
1064790239,2026-05-18T12:08:45Z,Квартира,"Начало аренды - сентябрь 2026. Метро Михалово в шаговой доступности. Договор аренды на длительный период. Двухкомнатная квартира от собственника.
Опла",500.0,1454.05,False,https://re.kufar.by/vi/1064790239,,60.2,45.0,10.0,1,5,4.0,6.0,1,2017.0,29,27.480246,53.877179,"Янки Брыля ул, Минск",Продавец,
1069372896,2026-05-18T08:23:46Z,Сдается 3-комнатная квартира на Победителей 125,"Современная трехкомнатная квартира на проспекте Победителей, 125
Сдается стильная и просторная квартира с панорамным видом на 13-м этаже. Дизайнерский",1200.0,3489.72,False,https://re.kufar.by/vi/1069372896,,91.1,51.4,13.6,3,5,13.0,16.0,10,2014.0,22,27.468559,53.939338,"Победителей пр, 125, Минск",Ольга,
1069365760,2026-05-18T07:31:42Z,Сдается двухкомнатная квартира в ЖК Каскад с хорошим видом. ТОЛЬКО ЗВОНИТЬ,Сдается полностью укомплектованная двухкомнатная квартира в центре города Минска с хорошим видом на центр города. Только звонить!,650.0,1890.27,False,https://re.kufar.by/vi/1069365760,110,63.0,36.0,15.0,3,5,5.0,11.0,10,2011.0,30,27.518065,53.910787,"Скрыганова ул, 4А, Минск",Нина Ивановна,
1064673703,2026-05-17T19:35:13Z,2-х комнатная квартира Минск-Мир,"""ВАЖНО!""
Доступность съёма с сентября месяца!

В апартаментах есть три телевизора, кондиционер, холодильник side-by-side, одна двуспальная кровать, дв",700.0,2035.67,False,https://re.kufar.by/vi/1064673703,170,59.1,,,3,5,17.0,25.0,2,,28,27.526464,53.871785,"Брилевская ул, 31, Минск",Екатерина,4.0
1069319198,2026-05-17T19:15:56Z,Квартира 2к Немига - 52 метра,"Сдаётся абсолютно новая двухкомнатная квартира 52 м² в центре Минск.

Квартира расположена на нулевом этаже двухэтажного тихого дома. Просторная плани",900.0,2617.29,False,https://re.kufar.by/vi/1069319198,,52.1,,,2,5,1.0,2.0,3,1950.0,29,27.540981,53.901721,"Коллекторная ул, 12, Минск",Алина,4.0
1060032835,2026-05-17T16:57:09Z,Аренда,"Только сделан полный ремонт.очень спокойный район.рядом лошицкий парк,магазины школа.цена зависит от срока аренды.",700.0,2035.67,False,https://re.kufar.by/vi/1060032835,,61.0,36.0,9.1,1,5,,,1,2015.0,27,27.566750723594343,53.86198955255355,"Козыревская ул, 34, Минск",Юрий,4.0
1069305256,2026-05-17T16:49:41Z,Сдается светлая однокомнатная квартира  /студия в Минск - Мир Minsk World,Сдаётся однокомнатная квартира с дизайнерским ремонтом на длительный срок с 01.08.26г. Светлая еврооднушка /студия с видом на финансовый цент — первая,722.12,2100.0,False,https://re.kufar.by/vi/1069305256,170,38.6,30.1,,4,10,,21.0,4,2021.0,28,27.539265,53.86903,"Игоря Лученка ул, 5, Минск",Галина,4.0
1069283272,2026-05-17T13:16:48Z,Сдается 1 комнатная квартира на длительный срок.,"Сдаётся однокомнатная квартира на длительный срок по договору аренды: без детей, без животных, не студентам. Иностранцев, субарендаторов, арендаторов",378.25,1100.0,False,https://re.kufar.by/vi/1069283272,230,37.5,17.2,9.0,3,1,1.0,12.0,1,1990.0,27,27.593694,53.856525,"Якубова ул, 48к3, Минск",Виктор,2.0
1069275114,2026-05-17T12:19:44Z,Дизайнерская студия для 1 человека.,"Светлая студия 42 м² в центре. Идеально для IT  либо сотрудников посольств.

Премиальная студия в центре города для одного ответственного человека. Бе",600.0,1744.86,False,https://re.kufar.by/vi/1069275114,,42.0,,,1,10,3.0,5.0,3,1964.0,23,27.598388992188887,53.93047897293223,"Якуба Коласа ул, 49, Минск",CS,2.0
1067833822,2026-05-17T12:08:05Z,Сдам квартиру,"Сдам квартиру на долгий срок, по адресу Леонида Беды 26, современная новая квартира, рядом находится универсам Рига и ТЦ Европа, так же напротив дома",750.0,2181.08,False,https://re.kufar.by/vi/1067833822,220,80.0,44.0,12.0,1,5,8.0,10.0,3,2016.0,23,27.59283715770258,53.93512526158193,"Леонида Беды ул, 26, Минск",Вугар,2.0
1069271392,2026-05-17T11:54:53Z,Сдается 2-комнатная квартира,"Сдаётся 2-комнатная квартира площадью 68.6 кв. м в миниполисе «Каскад» с хорошим ремонтом.

В квартире есть всё необходимое для комфортного проживания",650.0,1890.27,False,https://re.kufar.by/vi/1069271392,110,68.6,,,3,10,,,,,30,27.516736,53.908978,"Скрыганова ул, 2, Минск",Артем,
1069266866,2026-05-17T11:08:45Z,Аренда,Сдам однокомнатную квартиру в живописном районе города Минска. Рядом Лошицкий парк. Развитая инфраструктура. Замечательные соседи. Чистый аккуратный п,500.0,1454.05,False,https://re.kufar.by/vi/1069266866,145,90.0,60.0,10.0,1,1,8.0,9.0,1,2004.0,27,27.568982,53.843155,"Игуменский тракт, 22, Минск",Татьяна,
1067819677,2026-05-17T08:24:39Z,"Сдается 1-комн. квартира по ул. Богдановича,144","Сдаётся однокомнатная квартира-студия по ул.Богдановича, 144 ‎21 этаж. В доме 3 лифта ,один из них грузовой .
‎Квартира со свежим качественным ремонто",700.0,2035.67,False,https://re.kufar.by/vi/1067819677,220,40.7,30.3,,3,10,21.0,26.0,10,,23,27.586337,53.939513,"Максима Богдановича ул, 144, Минск",Андрей,1.0
1069235638,2026-05-17T06:08:13Z,Уютная квартира в аренду семье,"Порядочной, аккуратной семье предлагается для долгосрочной аренды БЕЗ ПОСРЕДНИКОВ просторная четырёхкомнатная квартира (101 кв.м.) в столичном микрора",899.0,2614.38,False,https://re.kufar.by/vi/1069235638,230,101.0,61.0,12.0,4,5,13.0,15.0,1,2004.0,27,27.602165,53.864219,"Рокоссовского пр, 76, Минск",Дмитрий,7.0
248568810,2026-05-16T18:43:12Z,КВАРТИРА(РЕГИСТРАЦИЯ-ПРОПИСКА),"Сдается новая  квартира-студия-аквариум, без отделки , есть балкон и   застеклённая лоджия , есть сан узел (на фото  ), есть две розетки , до метро аэ",250.0,727.02,False,https://re.kufar.by/vi/248568810,170,44.0,,,3,20,5.0,17.0,,2022.0,28,27.539382,53.868993,"Игоря Лученка ул, 5, Минск",сергей,
1047450816,2026-05-16T13:31:12Z,1-ая квартира метро Партизанская,"Однокомнатная квартира в 7 минутах от метро станция Партизанская. Рядом магазины, банк, аптека, в шаговой доступности кинотеатр Комсомолец. Аренда не",687.73,2000.0,False,https://re.kufar.by/vi/1047450816,,40.0,17.0,9.0,1,1,9.0,10.0,1,2025.0,26,27.626797,53.867113,"Грекова ул, 4, Минск",ПР,2.0
1069159910,2026-05-16T12:15:14Z,Сдам  квартиру в долгосрочную аренду Минск,"Сдаётся в аренду  1-комнатная квартира , в пешей доступности от станции метро «Пушкинская». 
    ТОЛЬКО   гражданам  РБ, без  животных,  на длительный",250.0,727.02,False,https://re.kufar.by/vi/1069159910,290,40.0,20.0,,3,,,9.0,1,,30,27.509343,53.901361,"Болеслава Берута ул, 17к3, Минск",Артем,
1058316760,2026-05-16T11:31:21Z,Квартира,"На 1-3 месяца!! Только сдам. Все для проживания,кровать,стиральная машина,интернет,вст.кухня.",499.0,1451.14,False,https://re.kufar.by/vi/1058316760,,22.0,14.0,6.0,3,1,4.0,5.0,3,,23,27.576006,53.928519,"Максима Богдановича ул, 88, Минск",Петр,4.0
1065948205,2026-05-16T05:50:41Z,Сдам квартиру,"Сдается в аренду квартира-студия, можно сроком от месяца. Преимущества: прекрасный вид на парк Челюскинцев  (высокий этаж), в 7-ми минутах хотьбы метр",800.0,2326.48,False,https://re.kufar.by/vi/1065948205,,39.0,,,3,,,25.0,10,2021.0,24,27.624021,53.921785,"Макаёнка ул, 12Л, Минск",Alina,2.0
1067348097,2026-05-15T21:03:23Z,Квартира,"Сдается квартира 58 м ,двухкомнатная без отделки на длительный срок Минск -мир",302.6,880.0,False,https://re.kufar.by/vi/1067348097,170,58.8,,,1,22,,,,2026.0,28,27.553746,53.86055,"Михаила Савицкого ул, 35, Минск",Диана,
1069074453,2026-05-15T16:52:34Z,"Аренда 1-комнатной квартиры, Независимости 88","Работаем по факту!
Светлая и просторная квартира-студия 41м2 расположена на 11 этаже у входа в Парк Челюскинцев. Укомплектована всей необходимой мебел",748.93,2177.96,True,https://re.kufar.by/vi/1069074453,,38.4,35.3,,3,,11.0,15.0,4,2021.0,24,27.62307,53.925091,"Независимости пр, 88, Минск",ООО Центр недвижимости ГАЛАКТИКА,
1069039984,2026-05-15T10:48:16Z,Сдам квартиру на длительный срок,Сам 3-х комнатну кваритиру .Фрунзенксий район не далеко в 15 минутах ходьбы  метро каменная горка .От 6 месяцев и больше .Для бригады строителей 6 чел,525.0,1526.75,False,https://re.kufar.by/vi/1069039984,265,98.0,87.0,11.0,3,1,5.0,9.0,4,,30,27.419233,53.884519,"Пимена Панченко ул, 40, Минск",Наталья,6.0
1065775364,2026-05-15T09:05:00Z,"Снять 1-комнатную квартиру, г. Минск, ул. Космонавтов, 23/3","Сдается однокомнатная квартира с ремонтом в Малиновке: кухня с техникой (индукционная варочная панель и духовой шкаф Electrolux и посуда к ней, холоди",450.0,1308.65,False,https://re.kufar.by/vi/1065775364,150,33.6,16.8,7.2,3,5,3.0,9.0,,1987.0,29,27.460124,53.850922,"Космонавтов ул, 23к3, Минск",Татьяна,2.0
1026807845,2026-05-15T06:06:01Z,Сдается квартира ул. Долгобродская 9 можно по безналу,"Сдается красивая квартира ул. Долгобродская, д. 9.
1 этаж девушке
Комм-ые летом 100 руб +эл-во 
Зимой 200 руб
В квартире можно работать в сфере бьюти,",481.41,1400.0,False,https://re.kufar.by/vi/1026807845,,54.0,,,2,5,1.0,5.0,,,25,27.604097,53.899716,"Долгобродская ул, 9, Минск",ул. Пионерская,2.0
1029546408,2026-05-15T05:48:45Z,Квартира можно иностранцам дороже,"Цена для белорусов От года 
Залог обязательно 
Квартира 2 комнатная  можно иностранцам ,но будет дороже",500.0,1454.05,False,https://re.kufar.by/vi/1029546408,,46.0,,,1,5,4.0,6.0,,2003.0,29,27.514211,53.890213,"Розы Люксембург ул, Минск",Квартира,4.0
1058002307,2026-05-14T22:28:59Z,Сдаётся уютная квартира в историческом центре Минска - долгосрочная аренда,"Квартира после свежего авторского ремонта 2026 года в стиле французской неоклассики. Никто не жил после ремонта — состояние новое.

• Высота потолков",1150.0,3344.32,False,https://re.kufar.by/vi/1058002307,,55.0,32.0,7.3,1,10,3.0,5.0,3,1958.0,28,27.55795589814668,53.89111276328199,"Свердлова ул, 32, Минск",Polina,2.0
1068969700,2026-05-14T20:43:16Z,"Сдам 2-х комнатную квартиру,ул.Корженевского,33-2","Сдаётся 2-комнатная квартира на длительный срок в Минске (мк-н Курасовщина). Квартира очень уютная,чистая, аккуратная, оборудована всем необходимым дл",500.0,1454.05,False,https://re.kufar.by/vi/1068969700,135,54.0,38.0,9.0,1,5,9.0,9.0,1,,28,27.514723,53.84391,"Корженевского ул, Минск",Марина,4.0
1029443055,2026-05-14T18:10:47Z,Жилье в центре в 2 минутах от метро,"Собственник сдаст жильё в самом центре Минска, возле пл.Победы, окна на проспект. 
Локация- конфетка!

Состояние комнат и санузла- после косметическог",0.0,0.0,False,https://re.kufar.by/vi/1029443055,,43.0,,,1,1,3.0,7.0,,,23,27.578998,53.912441,"Независимости пр, 43, Минск",ЭкоЗдорово,4.0
1068931461,2026-05-14T13:57:24Z,"Аренда 2-комнатной квартиры, Тургенева 7","Аренда уютной двухкомнатной квартиры в районе с развитой инфраструктурой!

В спальне комфортная двуспальная кровать 180x200см, а также кровать-трансфо",700.0,2035.67,True,https://re.kufar.by/vi/1068931461,220,54.9,29.8,13.7,3,,8.0,14.0,1,2016.0,23,27.586399,53.938766,"Тургенева ул, 7, Минск",ООО Центр недвижимости ГАЛАКТИКА,
1066719479,2026-05-14T13:47:52Z,квартира,"С 01.08.2026 сдается на длительный  срок светлая, теплая и уютная однокомнатная квартира с современным ремонтом.    Идеальное расположение для тех, дл",567.38,1650.0,False,https://re.kufar.by/vi/1066719479,,50.0,17.0,13.0,3,1,9.0,17.0,10,2009.0,23,27.608175,53.944717,"Олешева ул, 1, Минск",Валентина,2.0
1067462936,2026-05-14T13:31:38Z,Сдаётся комфортная 2-ух комнатная квартира,"Сдается 2-х комнатная квартира (60 м.кв, две полноценные изолированные комнаты) в развитом, комфортном,современном районе (рядом консульство Германии,",590.0,1715.78,False,https://re.kufar.by/vi/1067462936,320,60.0,35.0,10.0,3,5,1.0,9.0,3,2005.0,29,27.48754,53.870596,"Газеты Правда пр, 3А, Минск",Анатолий,
1068924445,2026-05-14T12:18:20Z,Квартира,"Сдаю 2-х комнатную квартиру , 60 метров, кухня 9, 15 этаж 17 этажного дома , ул Гошкевича дом 16 , 400 у. Е на длительный срок, прописан 1 человек, пр",113000.0,328615.3,False,https://re.kufar.by/vi/1068924445,145,60.0,,,,,,,,,27,27.56714,53.840924,"Иосифа Гошкевича ул, Минск",Татьяна,
1068894926,2026-05-14T07:05:14Z,Сдача на длительный срок,"Сдается уютная трехкомнатная квартира в отличном районе по адресу Сурганова 88. Это шестиэтажный монолитный дом, построенный в 2003 году, который пред",740.0,2151.99,False,https://re.kufar.by/vi/1068894926,,78.0,,,3,10,6.0,,,2003.0,23,27.578369,53.931949,"Сурганова ул, 88, Минск",Елена,5.0
1046052233,2026-05-14T05:55:25Z,Квартира в два этажа,"Сдается двухуровневая квартира с евроремонтом и со всей мебелью. 
На первом этаже спальня, гостиная с большим диваном. Ванна. Кухня.
Второй этаж ванна",1700.0,4943.77,False,https://re.kufar.by/vi/1046052233,,170.0,150.0,30.0,2,10,16.0,16.0,,,22,27.550832881559273,53.93063347921447,"Сморговский тракт, 7, Минск",Инна,4.0
1051275077,2026-05-13T19:10:01Z,Квартира-студия,Сдаётся квартира-студия в отличном состоянии со всем необходимым. Хорошее расположение. Метро Аэродромная в 5 минутах ходьбы. Сдаётся официально - по,691.32,2010.42,False,https://re.kufar.by/vi/1051275077,170,29.7,27.4,,3,5,20.0,25.0,10,2022.0,28,27.55393503969296,53.86596959275417,"Николы Теслы ул, 26, Минск",Сергей,2.0
254829791,2026-05-13T18:44:57Z,Аренда,Просторная красивая квартира в центре города(станция метро Площадь Якуба Коласа). Развитая инфраструктура.,825.28,2400.0,False,https://re.kufar.by/vi/254829791,,89.0,52.0,11.0,3,10,,,3,1967.0,23,27.588655,53.914351,"Золотая Горка ул, 20, Минск",Наталья,2.0
1040236493,2026-05-13T18:10:25Z,Квартира в центре с ремонтом. От собственника,"Аренда квартиры в центре с ремонтом премиум-класса. От собственника!

Почему вы захотите здесь жить:

Всего 3 минуты неспешным шагом до станции метро.",1100.0,3198.91,False,https://re.kufar.by/vi/1040236493,110,71.0,,,1,10,6.0,,,,30,27.51693773002799,53.908989459007216,"Скрыганова ул, 2, Минск",вадим,4.0
1030129727,2026-05-13T17:55:11Z,Сдается 1-комнатная кв студия Минск Мир,"Сдается новая  квартира/студия от собственника в жилом комплексе Минск-Мир по ул.Братская 12.
Второй этаж (отдельный вход с черного входа по лестнице,",515.8,1500.0,False,https://re.kufar.by/vi/1030129727,170,32.0,,,2,10,2.0,19.0,10,2020.0,28,27.549452,53.865515,"Братская ул, Минск",Таня,1.0
1027762258,2026-05-13T13:14:35Z,Сдам квартиру в самом центре Минска,"Уютная квартира с панорамным видом, самый верхний этаж, центр Минска, вокруг много ресторанов и кафе, парк с современной инфраструктурой, много парков",750.0,2181.08,False,https://re.kufar.by/vi/1027762258,,64.9,,,4,5,16.0,16.0,,1980.0,22,27.534486,53.91548,"Победителей пр, 43/2, Минск",Инна,3.0
1035315816,2026-05-13T12:56:54Z,Квартира,"Сдаётся однокомнатная квартира.

Отличное расположение — пешком до железнодорожного вокзала, рядом станции метро: Институт культуры, Ковальская Слобод",480.0,1395.89,False,https://re.kufar.by/vi/1035315816,,33.2,,,1,5,1.0,9.0,,1991.0,28,27.551671,53.882088,"Жуковского ул, 9к1, Минск",Автор,
1068799390,2026-05-13T11:07:38Z,Сдаётся евро 2хкомнатная квартира,"Сдаётся квартира в самом сердце Минска — рядом с Белорусским государственным цирком!

Локация, в которую невозможно не влюбиться.
Центр города, атмосф",900.0,2617.29,False,https://re.kufar.by/vi/1068799390,,65.5,40.0,9.6,2,5,2.0,7.0,3,1957.0,22,27.565361,53.904231,"Независимости пр, 29, Минск",Нелли,
1062646318,2026-05-13T09:34:09Z,Сдам 3х комнатную квартиру БЕЗ ПОСРЕДНИКОВ,"3 комнатная квартира 
С/у раздельно, техника, мебель частично 
Есть отдельная гардеробная 
Через дорогу огромная тропа здоровья с тренажерами , волейб",800.0,2326.48,False,https://re.kufar.by/vi/1062646318,105,76.0,,10.0,1,10,2.0,9.0,1,2012.0,30,27.422889,53.923906,"Каменногорская ул, 62, Минск",Диана,
1003070215,2026-05-13T09:27:35Z,Аренда квартиры для сотрудников иностранцы можно,"Сдам  двухкомнатную квартиру  в аренду в Шабанах  для сотрудников организаций (  можно иностранцам ) 
--
Квартира в хорошем состоянии 
Все  убрано вещ",500.0,1454.05,False,https://re.kufar.by/vi/1003070215,310,55.0,,,1,1,3.0,9.0,,1995.0,26,27.69648,53.847182,"Ротмистрова ул, 62, Минск",tavto,
1068789486,2026-05-13T09:18:26Z,сдать в аренду,"Рядом метро и гипермаркет, огромный парк ,велосипедные дорожки ,Водоем, Стадион",515.8,1500.0,False,https://re.kufar.by/vi/1068789486,135,40.0,17.0,10.0,1,1,2.0,9.0,,2001.0,28,27.5258,53.844547,"переулок Корженевского, 2А, Минск",ирина,1.0
1068764227,2026-05-13T05:50:31Z,квартира в аренду,"Сдам однокомнатную квартиру с мебелью и техникой на длительный срок. Сталинка, 2/2, 40/20/7. В квартире автономное отопление (газовый котел и газовая",288.05,837.67,False,https://re.kufar.by/vi/1068764227,15,40.0,20.0,7.0,1,1,2.0,2.0,3,1950.0,28,27.555139,53.872396,"Аэродромная ул, 109, Минск",Ирина,
1068718510,2026-05-12T18:15:30Z,Квартира,2 комнатная квартира студия. Есть всё.,650.0,1890.27,False,https://re.kufar.by/vi/1068718510,,70.0,40.0,12.0,3,5,6.0,,,2016.0,24,27.606801,53.928037,"Кузьмы Чорного ул, 25, Минск",Тошио,
1068671798,2026-05-12T10:33:36Z,сдача квартиры,Сдается уютная 1к/кв  на 7 эт.со всеми удобствами и тихими соседями. Рядом есть несколько парковок. Метро находится в 2 остановках или 10-15 минут пеш,397.17,1155.0,False,https://re.kufar.by/vi/1068671798,65,42.0,20.0,10.0,1,,7.0,9.0,4,2003.0,30,27.437873,53.91679,"Матусевича ул, 90, Минск",Андрэ,2.0
1058150694,2026-05-12T10:06:44Z,3х комнатная квартира,"Долгосрочная аренда семейным парам без вредных привычек и без животных, гражданам РБ. 3х комнатная квартира готова к проживанию, 2 спальни, в каждой п",600.0,1744.86,False,https://re.kufar.by/vi/1058150694,,76.0,,10.0,3,5,5.0,10.0,4,2017.0,23,27.60433715147724,53.9590724855261,"Мирошниченко ул, 3Б, Минск",Анна,4.0
1068669135,2026-05-12T10:03:31Z,Сдам 3-х комнатную квартиру с 15 июля,"С 15 июля сдаётся трёхкомнатная квартира 125 м.кв. на улице Сурганова, Минск. Кухня-гостиная 27 м.кв. Полный функционал. Без домашних животных. Своя о",780.0,2268.32,False,https://re.kufar.by/vi/1068669135,,125.0,100.0,27.0,3,5,2.0,9.0,,,23,27.595212,53.924946,"Сурганова ул, 27, Минск",Татьяна,
1068604477,2026-05-12T04:09:12Z,Аренда квартиры,Сдается уютная теплая квартира в Центральном районе. Первое заселение после капитального ремонта. Удобное расположение. Хорошее транспортное сообщение,367.94,1070.0,False,https://re.kufar.by/vi/1068604477,40,35.35,17.1,7.21,3,10,5.0,10.0,1,1985.0,22,27.49846587970606,53.93030371614615,"Леси Украинки ул, 12к1, Минск",Александр,
1068600123,2026-05-11T19:50:31Z,Квартира на длительный срок,Квартира с дизайн ремонтом. Студия. В квартире есть вся техника. Новый матрас для сладкого сна. Ортопедический диван сделанный на заказ. Лоджия на южн,600.0,1744.86,False,https://re.kufar.by/vi/1068600123,320,50.0,50.0,15.0,3,10,18.0,25.0,2,2020.0,29,27.484567,53.866375,"Газеты Правда пр, 15, Минск",Александр,2.0
1066516831,2026-05-11T18:54:07Z,Аренда квартиры ЖК ''Комфорт Парк'' - All Inclusive,"Сдается в аренду на длительный срок квартира в престижном ЖК ""Комфорт парк""! Все коммунальные платежи уже включены в стоимость,  Закрытая территория,",1000.0,2908.1,False,https://re.kufar.by/vi/1066516831,,50.0,40.0,,4,10,3.0,7.0,10,,22,27.525782,53.914886,"Панфилова ул, 5, Минск",оксана,2.0
1068588242,2026-05-11T17:20:26Z,Аренда недвижимости,Виктория. В поисках аренды недвижимости на длительный период времени. Благодарю.,1000.0,2908.1,False,https://re.kufar.by/vi/1068588242,,100.0,,,,,,,,,22,27.521658,53.935766,"Центральный район, Минск",Виктория Игоревна,2.0
1068550376,2026-05-11T12:16:58Z,Квартира для организаций в Минске,"Сдается в долгосрочную аренду  организациям для размещения командированных специалистов по договору . 
Обеспечительный залог плюс оплата за последний",0.0,0.0,False,https://re.kufar.by/vi/1068550376,55,53.0,42.0,,1,5,4.0,10.0,,2018.0,29,27.520796,53.888223,"Дзержинского пр, 11, Минск",Игорь,4.0
1025971349,2026-05-11T11:44:36Z,Квартира 3 комнаты у.М.танка 4,"Квартира после ремонта.Первое заселение.хорошая мебель, интернет от белтелеком,два кондиционера,бойлер, система глубокой очистки воды, робот-пылесос,",1000.0,2908.1,False,https://re.kufar.by/vi/1025971349,90,70.0,,,4,10,2.0,9.0,3,,22,27.539508974120334,53.9068634536125,"Максима Танка ул, 4, Минск",Андрей,
1037002243,2026-05-11T11:44:04Z,Квартира 1ком м.танка4,100 метров до станций. метро Фрунзенская и юбилейная площадь. В квартире выполнен хороший ремонт. После ремонта никто не жил. Есть климатическая устан,695.0,2021.13,False,https://re.kufar.by/vi/1037002243,90,36.0,,,3,10,2.0,12.0,,,22,27.54002,53.906708,"Максима Танка ул, 4, Минск",Андрей,2.0
1049421817,2026-05-11T09:59:14Z,Уютная евродвушка,"Комфортная, просторная, уютная и светлая квартира. Сдается с 17 СЕНТЯБРЯ на срок по договоренности (недели, месяц, 2-3 месяца), для одного-двух челове",850.0,2471.89,False,https://re.kufar.by/vi/1049421817,170,38.0,20.0,6.0,,10,9.0,25.0,,2024.0,28,27.5371,53.868754,"Игоря Лученка ул, 8, Минск",Евгения,3.0
1068337581,2026-05-10T11:32:17Z,Сдам 3 ком.квартиру,"3 комнатная квартира. Напротив парка Комсомольское озера , рядом торговый центр Галерея метро Немига в шаговой доступности в квартире есть все для ком",850.0,2471.89,False,https://re.kufar.by/vi/1068337581,,68.0,48.0,9.0,3,5,14.0,16.0,,,22,27.533157,53.916488,"Победителей пр, 47к1, Минск",Борис,3.0
1058606997,2026-05-10T11:25:47Z,"Квартира, 2 комн, 39 м кв, этаж 16","Сдаётся стильная квартира с дизайнерским ремонтом на 16 этаже
- Район Старого аэропорта

- Отличное расположение:
— метро «Аэродромная» — 8 минут пешк",550.0,1599.46,False,https://re.kufar.by/vi/1058606997,15,39.0,36.0,11.0,1,5,16.0,25.0,,2021.0,28,27.545383,53.872682,"Аэродромная ул, Минск",Darya,4.0
1066587429,2026-05-10T10:56:14Z,Аренда квартиры в Минск мире.,"Новая современная однокомнатная квартира с грамотно выделенными зонами: отдельная спальня, гостиная и кухня. В квартире никто не проживал — всё абсолю",550.0,1599.46,False,https://re.kufar.by/vi/1066587429,170,32.0,29.0,,1,10,9.0,25.0,,,28,27.555345,53.860768,"Игоря Лученка ул, 32, Минск",Юлия,
1068337666,2026-05-09T18:50:45Z,Аренда квартиры,"По договору
Долгосрочная аренда семейным парам без вредных привычек и без животных, гражданам РБ. 
Квартира с евроремонтом укомплектованная всей мебел",650.0,1890.27,False,https://re.kufar.by/vi/1068337666,100,70.0,,,1,5,7.0,9.0,,,23,27.60584,53.960475,"Мирошниченко ул, 15, Минск",Olga,4.0
1031410076,2026-05-09T10:24:44Z,На 1-2 месяца квартира,"Только 1-2 месяца!!! Все для проживания,без животных,можно студентам",555.0,1614.0,False,https://re.kufar.by/vi/1031410076,,33.0,,,1,5,3.0,,,,24,27.602751365715335,53.92931322443455,"Калинина ул, 26, Минск",иван,2.0
1033804107,2026-05-09T05:19:45Z,Квартира с видом на парк Челюскинцев,"Сдается в аренду от месяца 2-ух комнатная ,коллекционная квартира с новым ремонтом.Вся инфраструктура в пешей доступности.Необходимое все имеется.",1200.0,3489.72,False,https://re.kufar.by/vi/1033804107,,48.0,,,3,10,22.0,25.0,,2020.0,24,27.624021,53.921785,"Макаёнка ул, 12Л, Минск",Валерий,3.0
1068230776,2026-05-09T04:55:27Z,Квартира в новостройке,"Сдаётся евродвушка семье без детей, женщине или работающей девушке, без животных. Для граждан РБ. Только на длительный срок. В квартире никто не пропи",450.0,1308.65,False,https://re.kufar.by/vi/1068230776,170,45.0,,,3,,,24.0,2,2020.0,28,27.549991,53.869784,"Мира пр, 1, Минск",Инна,
1068184814,2026-05-08T14:27:29Z,4-х комн.кв.для организаций в Шабанах,"Сдам 4- х комн.квартира в долгосрочную аренду для размещения командированных ( организации, юр.лица). 
Вместимость: 10 человек
Долгосрочная аренда от",0.0,0.0,False,https://re.kufar.by/vi/1068184814,310,80.0,60.0,9.0,4,1,1.0,9.0,,,26,27.703819,53.839862,"Алеся Бачило ул, 3, Минск",Ольга,9.0
1068184062,2026-05-08T14:16:20Z,Сдать квартиру,"Уютная новая меблированная 1- комнатная квартира с отличной локацией в тихом центре города ( окна на парк), парковка, во дворе школа и детский сад, ма",450.0,1308.65,False,https://re.kufar.by/vi/1068184062,,45.0,35.0,15.0,3,10,11.0,15.0,2,2025.0,23,27.566134,53.925794,"Кропоткина ул, 112, Минск",Ольга,2.0
1068174317,2026-05-08T13:06:46Z,3-х комн.кв.в Минске ( Сокол),"Сдается 3-х комнатная квартира в долгосрочную аренду для размещения командированных ( организации, юр.лица).
Вместимость: 9 человек.
Долгосрочная арен",0.0,0.0,False,https://re.kufar.by/vi/1068174317,245,76.0,50.0,11.0,3,1,1.0,9.0,,,28,27.907436475915922,53.87983646824267,"Гризодубовой ул, 5, Минск",Алексей,9.0
1025833641,2026-05-08T09:18:25Z,Сдам трехкомнатную квартиру в Малиновке,"Квартира для  ценителей  восточного стиля и старинной мебели!  Это квартира для тех, кто верит в волшебство!)
Обрамлена восточными узорами и мандалами",450.0,1308.65,False,https://re.kufar.by/vi/1025833641,150,65.0,,,3,10,5.0,9.0,,1995.0,29,27.431072,53.864745,"Сергея Есенина ул, 131, Минск",Волшебница,2.0
1065891256,2026-05-08T08:25:18Z,2х комнатная квартира в аренду пл.Победы от собственника.,Сдаётся двухкомнатная квартира (2 раздельные комнаты) на длительный срок в районе Площади  Победы от собственника. Дом после капитального ремонта. Чис,600.0,1744.86,False,https://re.kufar.by/vi/1065891256,120,41.0,25.0,6.0,2,,1.0,5.0,3,1961.0,23,27.574533,53.914542,"Машерова пр, 14, Минск",Вячеслав,2.0
1061659068,2026-05-08T08:04:44Z,"Расположение в 2 минутах от метро, есть подземный паркинг",В квартире есть всё. Сдается впервые.,650.0,1890.27,False,https://re.kufar.by/vi/1061659068,170,33.0,,,,10,2.0,6.0,3,2025.0,28,27.54205,53.866253,"Игоря Лученка ул, 16, Минск",Игорь,
1065509117,2026-05-07T19:38:37Z,Сдаю в аренду 2-х комнатную квартиру в г. Минске,"Квартира для тех, кто ценит комфорт и возможности для отдыха и рекреации! Дом примыкает к Парку Победы, 200 метров до Комсомольского озера. Рядом посо",700.0,2035.67,False,https://re.kufar.by/vi/1065509117,,65.0,38.0,11.0,3,10,2.0,7.0,4,2008.0,22,27.539598,53.929924,"Нововиленская ул, 13А, Минск",елена,3.0
1052326305,2026-05-07T18:01:50Z,"Сдам 1-комнатную квартиру на 15 дней и более долгосрочно до 2-ух месяцев(заочникам, командировочным)","Квартира доступна с 16 сентября 2026. 

Цена по курсу за 15 суток, рассматривается аренда на больший срок до 2 месяцев (с корректировкой цены пропорци",340.0,988.75,False,https://re.kufar.by/vi/1052326305,,33.0,15.0,7.0,1,5,7.0,9.0,3,1989.0,28,27.556387,53.882386,"Левкова ул, 3к1, Минск",Пользователь,3.0
1059633921,2026-05-07T17:37:56Z,"Уютная 3-х комнатная квартира, Фрунзенский р-н, г. Минск","Сдается уютная 3-х комнатная квартира. Тихий район, парк, рядом школа, гимназия, детский садик, магазины, торговые центры, остановки общественного тра",750.0,2181.08,False,https://re.kufar.by/vi/1059633921,125,90.0,,,3,5,9.0,9.0,4,,30,27.42612444980608,53.89701908595683,"Мазурова ул, 16, Минск",Василий,4.0
1052171402,2026-05-07T17:18:37Z,2к квартира на месяц,"Сдается двухкомнатная квартира в центре Минска, с мебелью, посудой и всем необходимым для проживания. Сдается на неделю, месяц, два. Стоимость зависит",650.0,1890.27,False,https://re.kufar.by/vi/1052171402,,48.0,31.0,,3,5,5.0,5.0,3,,23,27.584514,53.912219,"Золотая Горка ул, 13, Минск",Павел,2.0
1068076414,2026-05-07T17:07:48Z,3-х комнатная квартира,"Сдаётся на длительный срок гражданам РБ по договору. БЕЗ ЖИВОТНЫХ!
Оплата ежемесячная+ коммуналка + залог. Предоплата за первый и последний месяц. 
Св",447.03,1300.0,False,https://re.kufar.by/vi/1068076414,145,66.8,43.5,8.9,3,1,7.0,9.0,1,2003.0,27,27.5752498053594,53.838410551364134,"Янки Лучины ул, 22, Минск",Виктор,
1052045390,2026-05-07T15:06:29Z,Сдается большая квартира студия в центре Минска,"Сдается на месяц.
Комфортная квартира в центре Минска. Метро «Грушевка». ""Институт культуры""
Квартира со всем необходимым для комфортного проживания:",997.21,2900.0,False,https://re.kufar.by/vi/1052045390,55,45.0,,,1,10,3.0,9.0,10,2014.0,29,27.518701160616985,53.88091399156639,"Щорса ул, 1, Минск",Антон,5.0
1066875983,2026-05-07T14:21:07Z,Недвижимость,"Сдам студию в Минск мире на год
по договору найма с залогом (в случае проживания менее 5 месяцев залог не возвращается!!!!)
ОДНОМУ человеку
Гражданину",500.0,1454.05,False,https://re.kufar.by/vi/1066875983,170,24.0,17.0,,3,1,8.0,25.0,2,2023.0,28,27.550872,53.862584,"Жореса Алфёрова ул, 10, Минск",Екатерина,2.0
1067961584,2026-05-07T09:06:56Z,Сдам трехкомнатную квартиру евро формата,"Сдам на длительный срок трехкомнатную квартиру евро формата. Две изолированные комнаты и просторная кухня совмещенная с гостиной. Никто не жил, первое",900.0,2617.29,False,https://re.kufar.by/vi/1067961584,170,63.0,35.0,25.0,3,5,10.0,24.0,10,2025.0,28,27.554115,53.86372,"Жореса Алфёрова ул, 5, Минск",Евгений,3.0
1068000986,2026-05-07T06:40:29Z,Квартира в аренду от собственника,"Квартира от собственника!
Оплата в белорусских рублях по курсу Национального Банка Республики Беларусь на день оплаты.
2-х комнатная квартира с большо",600.0,1744.86,True,https://re.kufar.by/vi/1068000986,,72.9,35.9,10.5,3,,1.0,17.0,10,,23,27.588538,53.930613,"Леонида Беды ул, 2Б, Минск",ЗАО Автопривал,
1063456919,2026-05-06T14:03:09Z,Сдам в аренду,"Сдам на длительный срок , желательно для посольских работников, без животных и маленьких детей.",1200.0,3489.72,False,https://re.kufar.by/vi/1063456919,,106.0,70.0,15.0,3,5,4.0,6.0,10,2011.0,22,27.550683,53.922326,"Червякова ул, 7, Минск",Людмила,
1067930894,2026-05-06T13:40:33Z,Уютная 2-х комнатная квартира,Тёплая и уютная квартира с 2-я раздельными комнатами. С мебелью и техникой. Небольшие коммунальные платежи. Сдаётся официально по договору гражданам Р,550.0,1599.46,False,https://re.kufar.by/vi/1067930894,230,50.1,33.94,6.13,1,1,1.0,5.0,1,1970.0,27,27.6119886294704,53.85765887639605,"Рокоссовского пр, 121, Минск",ds,2.0
1067909711,2026-05-06T10:34:45Z,долгосрочная аренда квартиры,"Сдается уютная светлая квартира студия в центре города c 15 августа  2026, есть диван и кровать. Вся бытовая техника — новая и высокого качества (варо",800.0,2326.48,False,https://re.kufar.by/vi/1067909711,,46.3,46.3,,2,5,15.0,,,,24,27.624255,53.922114,"Макаёнка ул, 12Кк1, Минск",Марина,2.0
